NCM;DESCRICAO
01;Animais vivos.
01.01;Cavalos, asininos e muares, vivos.
0101.2;- Cavalos:
0101.21.00;-- Reprodutores de ra a pura
0101.29.00;-- Outros
0101.30.00;- Asininos
0101.90.00;- Outros
01.02;Animais vivos da esp cie bovina.
0102.2;- Bovinos dom sticos:
0102.21;-- Reprodutores de ra a pura
0102.21.10;Prenhes ou com cria ao p 
0102.21.90;Outros
0102.29;-- Outros
0102.29.1;Para reprodu  o
0102.29.11;Prenhes ou com cria ao p 
0102.29.19;Outros
0102.29.90;Outros
0102.3;- B falos:
0102.31;-- Reprodutores de ra a pura
0102.31.10;Prenhes ou com cria ao p 
0102.31.90;Outros
0102.39;-- Outros
0102.39.1;Para reprodu  o
0102.39.11;Prenhes ou com cria ao p 
0102.39.19;Outros
0102.39.90;Outros
0102.90.00;- Outros
01.03;Animais vivos da esp cie su na.
0103.10.00;- Reprodutores de ra a pura
0103.9;- Outros:
0103.91.00;-- De peso inferior a 50 kg
0103.92.00;-- De peso igual ou superior a 50 kg
01.04;Animais vivos das esp cies ovina e caprina.
0104.10;- Ovinos
0104.10.1;Reprodutores de ra a pura
0104.10.11;Prenhes ou com cria ao p 
0104.10.19;Outros
0104.10.90;Outros
0104.20;- Caprinos
0104.20.10;Reprodutores de ra a pura
0104.20.90;Outros
01.05;Aves da esp cie Gallus domesticus, patos, gansos, perus, peruas e galinhas-d'angola (pintadas), das esp cies dom sticas, vivos.
0105.1;- De peso n o superior a 185 g:
0105.11;-- Aves da esp cie Gallus domesticus
0105.11.10;De linhas puras ou h bridas, para reprodu  o
0105.11.90;Outros
0105.12.00;-- Peruas e perus
0105.13.00;-- Patos
0105.14.00;-- Gansos
0105.15.00;-- Galinhas-d'angola (pintadas)
0105.9;- Outros:
0105.94.00;-- Aves da esp cie Gallus domesticus
0105.99.00;-- Outros
01.06;Outros animais vivos.
0106.1;- Mam feros:
0106.11.00;-- Primatas
0106.12.00;"-- Baleias, golfinhos e botos (mam feros da ordem Cetacea); peixes-boi (manatins) e dugongos (mam feros da ordem Sirenia); ot rias e focas, le es-marinhos e morsas (mam feros da subordem Pinnipedia)"
0106.13.00;-- Camelos e outros camel deos (Camelidae)
0106.14.00;-- Coelhos e lebres
0106.19.00;-- Outros
0106.20.00;- R pteis (incluindo as serpentes e as tartarugas marinhas)
0106.3;- Aves:
0106.31.00;-- Aves de rapina
0106.32.00;-- Psitaciformes (incluindo os papagaios, os periquitos, as araras e as catatuas)
0106.33;"-- Avestruzes; emus (Dromaius novaehollandiae)"
0106.33.10;Avestruzes (Struthio camelus), para reprodu  o
0106.33.90;Outros
0106.39.00;-- Outras
0106.4;- Insetos:
0106.41.00;-- Abelhas
0106.49.00;-- Outros
0106.90.00;- Outros
02;Carnes e miudezas, comest veis.
02.01;Carnes de animais da esp cie bovina, frescas ou refrigeradas.
0201.10.00;- Carca as e meias-carca as
0201.20;- Outras pe as n o desossadas
0201.20.10;Quartos dianteiros
0201.20.20;Quartos traseiros
0201.20.90;Outras
0201.30.00;- Desossadas
02.02;Carnes de animais da esp cie bovina, congeladas.
0202.10.00;- Carca as e meias-carca as
0202.20;- Outras pe as n o desossadas
0202.20.10;Quartos dianteiros
0202.20.20;Quartos traseiros
0202.20.90;Outras
0202.30.00;- Desossadas
02.03;Carnes de animais da esp cie su na, frescas, refrigeradas ou congeladas.
0203.1;- Frescas ou refrigeradas:
0203.11.00;-- Carca as e meias-carca as
0203.12.00;-- Pernas, p s e respectivos peda os, n o desossados
0203.19.00;-- Outras
0203.2;- Congeladas:
0203.21.00;-- Carca as e meias-carca as
0203.22.00;-- Pernas, p s e respectivos peda os, n o desossados
0203.29.00;-- Outras
02.04;Carnes de animais das esp cies ovina ou caprina, frescas, refrigeradas ou congeladas.
0204.10.00;- Carca as e meias-carca as de cordeiro, frescas ou refrigeradas
0204.2;- Outras carnes de animais da esp cie ovina, frescas ou refrigeradas:
0204.21.00;-- Carca as e meias-carca as
0204.22.00;-- Outras pe as n o desossadas
0204.23.00;-- Desossadas
0204.30.00;- Carca as e meias-carca as de cordeiro, congeladas
0204.4;- Outras carnes de animais da esp cie ovina, congeladas:
0204.41.00;-- Carca as e meias-carca as
0204.42.00;-- Outras pe as n o desossadas
0204.43.00;-- Desossadas
0204.50.00;- Carnes de animais da esp cie caprina
0205.00.00;Carnes de animais das esp cies cavalar, asinina e muar, frescas, refrigeradas ou congeladas.
02.06;Miudezas comest veis de animais das esp cies bovina, su na, ovina, caprina, cavalar, asinina e muar, frescas, refrigeradas ou congeladas.
0206.10.00;- Da esp cie bovina, frescas ou refrigeradas
0206.2;- Da esp cie bovina, congeladas:
0206.21.00;-- L nguas
0206.22.00;-- F gados
0206.29;-- Outras
0206.29.10;Rabos
0206.29.90;Outros
0206.30.00;- Da esp cie su na, frescas ou refrigeradas
0206.4;- Da esp cie su na, congeladas:
0206.41.00;-- F gados
0206.49.00;-- Outras
0206.80.00;- Outras, frescas ou refrigeradas
0206.90.00;- Outras, congeladas
02.07;Carnes e miudezas, comest veis, frescas, refrigeradas ou congeladas, das aves da posi  o 01.05.
0207.1;- De aves da esp cie Gallus domesticus:
0207.11.00;-- N o cortadas em peda os, frescas ou refrigeradas
0207.12;-- N o cortadas em peda os, congeladas
0207.12.10;Com miudezas
0207.12.20;Sem miudezas
0207.13.00;-- Peda os e miudezas, frescos ou refrigerados
0207.14;-- Peda os e miudezas, congelados
0207.14.1;Peda os n o desossados
0207.14.11;Peitos
0207.14.12;Coxas com sobrecoxas
0207.14.13;Asas
0207.14.19;Outros
0207.14.2;Peda os desossados
0207.14.21;Peitos, coxas e sobrecoxas, formando uma s  pe a
0207.14.22;Peitos
0207.14.23;Coxas com sobrecoxas
0207.14.24;Carne mecanicamente separada
0207.14.29;Outros
0207.14.3;Miudezas
0207.14.31;F gados
0207.14.32;Moelas
0207.14.33;Cora  es
0207.14.34;P s e patas
0207.14.39;Outras
0207.2;- De peruas e de perus:
0207.24.00;-- N o cortadas em peda os, frescas ou refrigeradas
0207.25.00;-- N o cortadas em peda os, congeladas
0207.26.00;-- Peda os e miudezas, frescos ou refrigerados
0207.27.00;-- Peda os e miudezas, congelados
0207.4;- De patos:
0207.41.00;-- N o cortadas em peda os, frescas ou refrigeradas
0207.42.00;-- N o cortadas em peda os, congeladas
0207.43.00;-- F gados gordos (foies gras), frescos ou refrigerados
0207.44.00;-- Outras, frescas ou refrigeradas
0207.45.00;-- Outras, congeladas
0207.5;- De gansos:
0207.51.00;-- N o cortadas em peda os, frescas ou refrigeradas
0207.52.00;-- N o cortadas em peda os, congeladas
0207.53.00;-- F gados gordos (foies gras), frescos ou refrigerados
0207.54.00;-- Outras, frescas ou refrigeradas
0207.55.00;-- Outras, congeladas
0207.60.00;- De galinhas-d'angola (pintadas)
02.08;Outras carnes e miudezas comest veis, frescas, refrigeradas ou congeladas.
0208.10.00;- De coelhos ou lebres
0208.30.00;- De primatas
0208.40.00;"- De baleias, golfinhos e botos (mam feros da ordem Cetacea); de peixes-boi (manatins) e dugongos (mam feros da ordem Sirenia); de ot rias e focas, le es-marinhos e morsas (mam feros da subordem Pinnipedia)"
0208.50.00;- De r pteis (incluindo as serpentes e as tartarugas marinhas)
0208.60.00;- De camelos e outros camel deos (Camelidae)
0208.90.00;- Outras
02.09;Toucinho sem partes magras, gorduras de porco e de aves, n o fundidas nem extra das de outro modo, frescos, refrigerados, congelados, salgados ou em salmoura, secos ou defumados (fumados).
0209.10;- De porco
0209.10.1;Toucinho
0209.10.11;Fresco, refrigerado ou congelado
0209.10.19;Outros
0209.10.2;Gordura
0209.10.21;Fresca, refrigerada ou congelada
0209.10.29;Outras
0209.90.00;- Outros
02.10;"Carnes e miudezas, comest veis, salgadas ou em salmoura, secas ou defumadas (fumadas); farinhas e p s, comest veis, de carnes ou de miudezas."
0210.1;- Carnes da esp cie su na:
0210.11.00;-- Pernas, p s e respectivos peda os, n o desossados
0210.12.00;-- Toucinhos entremeados (Barrigas (entremeadas)*) e seus peda os
0210.19.00;-- Outras
0210.20.00;- Carnes da esp cie bovina
0210.9;- Outras, incluindo as farinhas e p s, comest veis, de carnes ou de miudezas:
0210.91.00;-- De primatas
0210.92.00;"-- De baleias, golfinhos e botos (mam feros da ordem Cetacea); de peixes-boi (manatins) e dugongos (mam feros da ordem Sirenia); de ot rias e focas, le es-marinhos e morsas (mam feros da subordem Pinnipedia)"
0210.93.00;-- De r pteis (incluindo as serpentes e as tartarugas marinhas)
0210.99;-- Outras
0210.99.1;Carnes de aves da posi  o 01.05
0210.99.11;De galos e de galinhas
0210.99.19;Outras
0210.99.20;Carnes da esp cie ovina
0210.99.30;Carnes da esp cie cavalar
0210.99.40;Miudezas comest veis
0210.99.90;Outras
03;Peixes e crust ceos, moluscos e outros invertebrados aqu ticos.
03.01;Peixes vivos.
0301.1;- Peixes ornamentais:
0301.11;-- De  gua doce
0301.11.10;Aruan  (Osteoglossum bicirrhosum)
0301.11.90;Outros
0301.19.00;-- Outros
0301.9;- Outros peixes vivos:
0301.91;-- Trutas (Salmo trutta, Oncorhynchus mykiss, Oncorhynchus clarki, Oncorhynchus aguabonita, Oncorhynchus gilae, Oncorhynchus apache e Oncorhynchus chrysogaster)
0301.91.10;Para reprodu  o
0301.91.90;Outras
0301.92;-- Enguias (Anguilla spp.)
0301.92.10;Para reprodu  o
0301.92.90;Outras
0301.93;-- Carpas (Cyprinus spp., Carassius spp., Ctenopharyngodon idellus, Hypophthalmichthys spp., Cirrhinus spp., Mylopharyngodon piceus, Catla catla, Labeo spp., Osteochilus hasselti, Leptobarbus hoeveni, Megalobrama spp.)
0301.93.10;Para reprodu  o
0301.93.90;Outras
0301.94;-- Atuns-azuis (atuns) (Thunnus thynnus, Thunnus orientalis)
0301.94.10;Para reprodu  o
0301.94.90;Outras
0301.95;-- Atum-azul do sul (atum) (Thunnus maccoyii)
0301.95.10;Para reprodu  o
0301.95.90;Outros
0301.99;-- Outros
0301.99.1;Para reprodu  o
0301.99.11;"Til pias (Tilapia spp., Oreochromis spp., Sarotherodon spp., Danakilia spp.; seus h bridos)"
0301.99.12;Esturj es (Acipenser baerii, Acipenser gueldenstaedtii, Acipenser persicus, Acipenser stellatus)
0301.99.19;Outros
0301.99.9;Outros
0301.99.91;"Til pias (Tilapia spp., Oreochromis spp., Sarotherodon spp., Danakilia spp.; seus h bridos)"
0301.99.92;Esturj es (Acipenser baerii, Acipenser gueldenstaedtii, Acipenser persicus, Acipenser stellatus)
0301.99.99;Outros
03.02;Peixes frescos ou refrigerados, exceto os fil s (filetes) de peixes e outra carne de peixes da posi  o 03.04.
0302.1;- Salmon deos, exceto subprodutos comest veis de peixes das subposi  es 0302.91 a 0302.99:
0302.11.00;-- Trutas (Salmo trutta, Oncorhynchus mykiss, Oncorhynchus clarki, Oncorhynchus aguabonita, Oncorhynchus gilae, Oncorhynchus apache e Oncorhynchus chrysogaster)
0302.13.00;-- Salm es-do-pac fico (Oncorhynchus nerka, Oncorhynchus gorbuscha, Oncorhynchus keta, Oncorhynchus tschawytscha, Oncorhynchus kisutch, Oncorhynchus masou e Oncorhynchus rhodurus)
0302.14.00;-- Salm o-do-atl ntico (Salmo salar) e salm o-do-dan bio (Hucho hucho)
0302.19.00;-- Outros
0302.2;- Peixes chatos (Pleuronectidae, Bothidae, Cynoglossidae, Soleidae, Scophthalmidae e Citharidae), exceto subprodutos comest veis de peixes das subposi  es 0302.91 a 0302.99:
0302.21.00;-- Linguados-gigantes (Alabotes*) (Reinhardtius hippoglossoides, Hippoglossus hippoglossus, Hippoglossus stenolepis)
0302.22.00;-- Solha (Pleuronectes platessa)
0302.23.00;-- Linguados (Solea spp.)
0302.24.00;-- Pregado (Psetta maxima)
0302.29.00;-- Outros
0302.3;- Atuns (do g nero Thunnus), bonito-listrado (gaiado*) (Katsuwonus pelamis), exceto subprodutos comest veis de peixes das subposi  es 0302.91 a 0302.99:
0302.31.00;-- Albacora-branca (atum) (Thunnus alalunga)
0302.32.00;-- Albacora-laje (atum) (Thunnus albacares)
0302.33.00;-- Bonito-listrado (Gaiado*) (Katsuwonus pelamis)
0302.34.00;-- Albacora-bandolim (atum) (Thunnus obesus)
0302.35.00;-- Atuns-azuis (atuns) (Thunnus thynnus, Thunnus orientalis)
0302.36.00;-- Atum-azul do sul (atum) (Thunnus maccoyii)
0302.39.00;-- Outros
0302.4;- Arenques (Clupea harengus, Clupea pallasii), anchovas (biqueir es*) (Engraulis spp.), sardinhas (Sardina pilchardus, Sardinops spp., Sardinella spp.) (sardinha (Sardina pilchardus) e sardinelas (Sardinops spp., Sardinella spp.)*), anchoveta (espadilha*) (Sprattus sprattus), cavalinhas (sardas e cavalas*) (Scomber scombrus, Scomber australasicus, Scomber japonicus), cavalas-do- ndico (Rastrelliger spp.), serras (Scomberomorus spp.), carapaus (Trachurus spp.), xar us (Caranx spp.), bijupir  (cobia*) (Rachycentron canadum), pampos-prateado (Pampus spp.), agulh o-do-jap o (Cololabis saira), charros (Decapterus spp.), capelim (Mallotus villosus), espadarte (Xiphias gladius), merma-oriental (Euthynnus affinis), bonitos (Sarda spp.), espadins, marlins, veleiros (Istiophoridae), exceto subprodutos comest veis de peixes das subposi  es 0302.91 a 0302.99:
0302.41.00;-- Arenques (Clupea harengus, Clupea pallasii)
0302.42;-- Anchovas (Biqueir es*) (Engraulis spp.)
0302.42.10;Anchoita (Engraulis anchoita)
0302.42.90;Outros
0302.43.00;-- Sardinhas (Sardina pilchardus, Sardinops spp., Sardinella spp.) (Sardinha (Sardina pilchardus) e sardinelas (Sardinops spp., Sardinella spp.)*), anchoveta (espadilha*) (Sprattus sprattus)
0302.44.00;-- Cavalinhas (Sardas e cavalas*) (Scomber scombrus, Scomber australasicus, Scomber japonicus)
0302.45.00;-- Carapaus (Trachurus spp.)
0302.46.00;-- Bijupir  (Cobia*) (Rachycentron canadum)
0302.47.00;-- Espadarte (Xiphias gladius)
0302.49;-- Outros
0302.49.10;Espadins, marlins, veleiros (Istiophoridae)
0302.49.90;Outros
0302.5;- Peixes das fam lias Bregmacerotidae, Euclichthyidae, Gadidae, Macrouridae, Melanonidae, Merlucciidae, Moridae e Muraenolepididae, exceto subprodutos comest veis de peixes das subposi  es 0302.91 a 0302.99:
0302.51.00;-- Bacalhau-do-atl ntico (Gadus morhua), bacalhau-da-groel ndia (Gadus ogac) e bacalhau-do-pac fico (Gadus macrocephalus)
0302.52.00;-- Hadoque (Arinca*) (Melanogrammus aeglefinus)
0302.53.00;-- Saithe (Escamudo*) (Pollachius virens)
0302.54.00;-- Merluzas (Pescadas*) e abr teas (Merluccius spp., Urophycis spp.)
0302.55.00;-- Polaca-do-alasca (Escamudo-do-alasca*) (Theragra chalcogramma)
0302.56.00;-- Verdinhos (Micromesistius poutassou, Micromesistius australis)
0302.59.00;-- Outros
0302.7;- Til pias (Oreochromis spp.), bagres (peixes-gato*) (Pangasius spp., Silurus spp., Clarias spp., Ictalurus spp.), carpas (Cyprinus spp., Carassius spp., Ctenopharyngodon idellus, Hypophthalmichthys spp., Cirrhinus spp., Mylopharyngodon piceus, Catla catla, Labeo spp., Osteochilus hasselti, Leptobarbus hoeveni, Megalobrama spp.), enguias (Anguilla spp.), perca-do-nilo (Lates niloticus) e peixes cabe a-de-serpente (Channa spp.), exceto subprodutos comest veis de peixes das subposi  es 0302.91 a 0302.99:
0302.71.00;-- Til pias (Oreochromis spp.)
0302.72;-- Bagres (Peixes-gato*) (Pangasius spp., Silurus spp., Clarias spp., Ictalurus spp.)
0302.72.10;Bagre americano (Ictalurus punctatus)
0302.72.90;Outros
0302.73.00;-- Carpas (Cyprinus spp., Carassius spp., Ctenopharyngodon idellus, Hypophthalmichthys spp., Cirrhinus spp., Mylopharyngodon piceus, Catla catla, Labeo spp., Osteochilus hasselti, Leptobarbus hoeveni, Megalobrama spp.)
0302.74.00;-- Enguias (Anguilla spp.)
0302.79.00;-- Outros
0302.8;- Outros peixes, exceto subprodutos comest veis de peixes das subposi  es 0302.91 a 0302.99:
0302.81.00;-- Ca  o e outros tubar es
0302.82.00;-- Raias (Rajidae)
0302.83;-- Merluza negra e merluza ant rtica (Marlongas*) (Dissostichus spp.)
0302.83.10;Merluza negra (Dissostichus eleginoides)
0302.83.20;Merluza ant rtica (Dissostichus mawsoni)
0302.84.00;-- Robalos (Dicentrarchus spp.)
0302.85.00;-- Espar deos (Sparidae)
0302.89;-- Outros
0302.89.10;Pargo (Lutjanus purpureus)
0302.89.2;Cherne-poveiro (Polyprion americanus), garoupas (Acanthistius spp.), esturj o (Acipenser baerii) e peixes-rei (Atherina spp.)
0302.89.21;Cherne-poveiro (Polyprion americanus)
0302.89.22;Garoupas (Acanthistius spp.)
0302.89.23;Esturj o (Acipenser baerii)
0302.89.24;Peixes-rei (Atherina spp.)
0302.89.3;"Curimat s (Prochilodus spp.), til pias (Tilapia spp., Sarotherodon spp., Danakilia spp.; seus h bridos), surubins (Pseudoplatystoma spp.), tra ra (Hoplias malabaricus & H. cf. lacerdae), piaus (Leporinus spp.), tainhas (Mugil spp.), pirarucu (Arapaima gigas) e pescadas (Cynoscion spp.)"
0302.89.31;Curimat s (Prochilodus spp.)
0302.89.32;"Til pias (Tilapia spp., Sarotherodon spp., Danakilia spp.; seus h bridos)"
0302.89.33;Surubins (Pseudoplatystoma spp.)
0302.89.34;Tra ra (Hoplias malabaricus & H. cf. lacerdae)
0302.89.35;Piaus (Leporinus spp.)
0302.89.36;Tainhas (Mugil spp.)
0302.89.37;Pirarucu (Arapaima gigas)
0302.89.38;Pescadas (Cynoscion spp.)
0302.89.4;Piramutaba (Brachyplatystoma vaillantii), dourada (Brachyplatystoma flavicans), pacu (Piaractus mesopotamicus), tambaqui (Colossoma macropomum) e tambacu (h brido de tambaqui e pacu)
0302.89.41;Piramutaba (Brachyplatystoma vaillantii)
0302.89.42;Dourada (Brachyplatystoma flavicans)
0302.89.43;Pacu (Piaractus mesopotamicus)
0302.89.44;Tambaqui (Colossoma macropomum)
0302.89.45;Tambacu (h brido de tambaqui e pacu)
0302.89.90;Outros
0302.9;- F gados, ovas, g nadas masculinas, barbatanas, cabe as, caudas, bexigas-natat rias e outros subprodutos comest veis de peixes:
0302.91;-- F gados, ovas e g nadas masculinas
0302.91.10;Ovas de tainhas (Mugil spp.)
0302.91.90;Outros
0302.92.00;-- Barbatanas de tubar o
0302.99.00;-- Outros
03.03;Peixes congelados, exceto os fil s (filetes) de peixes e outra carne de peixes da posi  o 03.04.
0303.1;- Salmon deos, exceto subprodutos comest veis de peixes das subposi  es 0303.91 a 0303.99:
0303.11.00;-- Salm o-do-pac fico (salm o-vermelho) (Oncorhynchus nerka)
0303.12.00;-- Outros salm es-do-pac fico (Oncorhynchus gorbuscha, Oncorhynchus keta, Oncorhynchus tschawytscha, Oncorhynchus kisutch, Oncorhynchus masou e Oncorhynchus rhodurus)
0303.13.00;-- Salm o-do-atl ntico (Salmo salar) e salm o-do-dan bio (Hucho hucho)
0303.14.00;-- Trutas (Salmo trutta, Oncorhynchus mykiss, Oncorhynchus clarki, Oncorhynchus aguabonita, Oncorhynchus gilae, Oncorhynchus apache e Oncorhynchus chrysogaster)
0303.19.00;-- Outros
0303.2;- Til pias (Oreochromis spp.), bagres (peixes-gato*) (Pangasius spp., Silurus spp., Clarias spp., Ictalurus spp.), carpas (Cyprinus spp., Carassius spp., Ctenopharyngodon idellus, Hypophthalmichthys spp., Cirrhinus spp., Mylopharyngodon piceus, Catla catla, Labeo spp., Osteochilus hasselti, Leptobarbus hoeveni, Megalobrama spp.), enguias (Anguilla spp.), perca-do-nilo (Lates niloticus) e peixes cabe a-de-serpente (Channa spp.), exceto subprodutos comest veis de peixes das subposi  es 0303.91 a 0303.99:
0303.23.00;-- Til pias (Oreochromis spp.)
0303.24;-- Bagres (Peixes-gato*) (Pangasius spp., Silurus spp., Clarias spp., Ictalurus spp.)
0303.24.10;Bagre americano (Ictalurus punctatus)
0303.24.90;Outros
0303.25.00;-- Carpas (Cyprinus spp., Carassius spp., Ctenopharyngodon idellus, Hypophthalmichthys spp., Cirrhinus spp., Mylopharyngodon piceus, Catla catla, Labeo spp., Osteochilus hasselti, Leptobarbus hoeveni, Megalobrama spp.)
0303.26.00;-- Enguias (Anguilla spp.)
0303.29.00;-- Outros
0303.3;- Peixes chatos (Pleuronectidae, Bothidae, Cynoglossidae, Soleidae, Scophthalmidae e Citharidae), exceto subprodutos comest veis de peixes das subposi  es 0303.91 a 0303.99:
0303.31.00;-- Linguados-gigantes (Alabotes*) (Reinhardtius hippoglossoides, Hippoglossus hippoglossus, Hippoglossus stenolepis)
0303.32.00;-- Solha (Pleuronectes platessa)
0303.33.00;-- Linguados (Solea spp.)
0303.34.00;-- Pregado (Psetta maxima)
0303.39.00;-- Outros
0303.4;- Atuns (do g nero Thunnus), bonito-listrado (gaiado*) (Katsuwonus pelamis), exceto subprodutos comest veis de peixes das subposi  es 0303.91 a 0303.99:
0303.41.00;-- Albacora-branca (atum) (Thunnus alalunga)
0303.42.00;-- Albacora-laje (atum) (Thunnus albacares)
0303.43.00;-- Bonito-listrado (Gaiado*) (Katsuwonus pelamis)
0303.44.00;-- Albacora-bandolim (atum) (Thunnus obesus)
0303.45.00;-- Atuns-azuis (atuns) (Thunnus thynnus, Thunnus orientalis)
0303.46.00;-- Atum-azul do sul (atum) (Thunnus maccoyii)
0303.49.00;-- Outros
0303.5;- Arenques (Clupea harengus, Clupea pallasii), anchovas (biqueir es*) (Engraulis spp.), sardinhas (Sardina pilchardus, Sardinops spp., Sardinella spp.) (sardinha (Sardina pilchardus) e sardinelas (Sardinops spp., Sardinella spp.)*), anchoveta (espadilha*) (Sprattus sprattus), cavalinhas (sardas e cavalas*) (Scomber scombrus, Scomber australasicus, Scomber japonicus), cavalas-do- ndico (Rastrelliger spp.), serras (Scomberomorus spp.), carapaus (Trachurus spp.), xar us (Caranx spp.), bijupir  (cobia*) (Rachycentron canadum), pampos-prateado (Pampus spp.), agulh o-do-jap o (Cololabis saira), charros (Decapterus spp.), capelim (Mallotus villosus), espadarte (Xiphias gladius), merma-oriental (Euthynnus affinis), bonitos (Sarda spp.), espadins, marlins, veleiros (Istiophoridae), exceto subprodutos comest veis de peixes das subposi  es 0303.91 a 0303.99:
0303.51.00;-- Arenques (Clupea harengus, Clupea pallasii)
0303.53.00;-- Sardinhas (Sardina pilchardus, Sardinops spp., Sardinella spp.) (Sardinha (Sardina pilchardus) e sardinelas (Sardinops spp., Sardinella spp.)*), anchoveta (espadilha*) (Sprattus sprattus)
0303.54.00;-- Cavalinhas (Sardas e cavalas*) (Scomber scombrus, Scomber australasicus, Scomber japonicus)
0303.55.00;-- Carapaus (Trachurus spp.)
0303.56.00;-- Bijupir  (Cobia*) (Rachycentron canadum)
0303.57.00;-- Espadarte (Xiphias gladius)
0303.59;-- Outros
0303.59.10;Espadins, marlins, veleiros (Istiophoridae)
0303.59.20;Anchoita (Engraulis anchoita)
0303.59.90;Outros
0303.6;- Peixes das fam lias Bregmacerotidae, Euclichthyidae, Gadidae, Macrouridae, Melanonidae, Merlucciidae, Moridae e Muraenolepididae, exceto subprodutos comest veis de peixes das subposi  es 0303.91 a 0303.99:
0303.63.00;-- Bacalhau-do-atl ntico (Gadus morhua), bacalhau-da-groel ndia (Gadus ogac) e bacalhau-do-pac fico (Gadus macrocephalus)
0303.64.00;-- Hadoque (Arinca*) (Melanogrammus aeglefinus)
0303.65.00;-- Saithe (Escamudo*) (Pollachius virens)
0303.66.00;-- Merluzas (Pescadas*) e abr teas (Merluccius spp., Urophycis spp.)
0303.67.00;-- Polaca-do-alasca (Escamudo-do-alasca*) (Theragra chalcogramma)
0303.68.00;-- Verdinhos (Micromesistius poutassou, Micromesistius australis)
0303.69;-- Outros
0303.69.10;Merluza rosada (Macruronus magellanicus)
0303.69.90;Outros
0303.8;- Outros peixes, exceto subprodutos comest veis de peixes das subposi  es 0303.91 a 0303.99:
0303.81;-- Ca  o e outros tubar es
0303.81.1;Tubar o-azul (Prionace glauca)
0303.81.11;Inteiro
0303.81.12;Eviscerado, sem cabe a e sem barbatanas
0303.81.13;Em peda os, com pele
0303.81.14;Em peda os, sem pele
0303.81.19;Outros
0303.81.90;Outros
0303.82.00;-- Raias (Rajidae)
0303.83;-- Merluza negra e merluza ant rtica (Marlongas*) (Dissostichus spp.)
0303.83.1;Merluza negra (Dissostichus eleginoides)
0303.83.11;Evisceradas, sem cabe a e sem cauda
0303.83.19;Outras
0303.83.2;Merluza ant rtica (Dissostichus mawsoni)
0303.83.21;Evisceradas, sem cabe a e sem cauda
0303.83.29;Outras
0303.84.00;-- Robalos (Dicentrarchus spp.)
0303.89;-- Outros
0303.89.10;Corvina (Micropogonias furnieri)
0303.89.20;Pescadas (Cynoscion spp.)
0303.89.3;Pargo (Lutjanus purpureus) e peixe-sapo (Lophius gastrophysus)
0303.89.32;Pargo (Lutjanus purpureus)
0303.89.33;Peixe-sapo (Lophius gastrophysus)
0303.89.4;Cherne-poveiro (Polyprion americanus), garoupas (Acanthistius spp.), tainhas (Mugil spp.), esturj es (Acipenser baerii, Acipenser gueldenstaedtii, Acipenser persicus, Acipenser stellatus), peixes-rei (Atherina spp.) e nototenias (Patagonotothen spp.)
0303.89.41;Cherne-poveiro (Polyprion americanus)
0303.89.42;Garoupas (Acanthistius spp.)
0303.89.43;Tainhas (Mugil spp.)
0303.89.44;Esturj es (Acipenser baerii, Acipenser gueldenstaedtii, Acipenser persicus, Acipenser stellatus)
0303.89.45;Peixes-rei (Atherina spp.)
0303.89.46;Nototenias (Patagonotothen spp.)
0303.89.5;"Curimat s (Prochilodus spp.), til pias (Tilapia spp., Sarotherodon spp., Danakilia spp.; seus h bridos), surubins (Pseudoplatystoma spp.), tra ra (Hoplias malabaricus & H. cf. lacerdae), piaus (Leporinus spp.) e pirarucu (Arapaima gigas)"
0303.89.51;Curimat s (Prochilodus spp.)
0303.89.52;"Til pias (Tilapia spp., Sarotherodon spp., Danakilia spp.; seus h bridos)"
0303.89.53;Surubins (Pseudoplatystoma spp.)
0303.89.54;Tra ra (Hoplias malabaricus & H. cf. lacerdae)
0303.89.55;Piaus (Leporinus spp.)
0303.89.56;Pirarucu (Arapaima gigas)
0303.89.6;Piramutaba (Brachyplatystoma vaillantii), dourada (Brachyplatystoma flavicans), pacu (Piaractus mesopotamicus), tambaqui (Colossoma macropomum) e tambacu (h brido de tambaqui e pacu)
0303.89.61;Piramutaba (Brachyplatystoma vaillantii)
0303.89.62;Dourada (Brachyplatystoma flavicans)
0303.89.63;Pacu (Piaractus mesopotamicus)
0303.89.64;Tambaqui (Colossoma macropomum)
0303.89.65;Tambacu (h brido de tambaqui e pacu)
0303.89.90;Outros
0303.9;- F gados, ovas, g nadas masculinas, barbatanas, cabe as, caudas, bexigas-natat rias e outros subprodutos comest veis de peixes:
0303.91;-- F gados, ovas e g nadas masculinas
0303.91.10;Ovas de tainhas (Mugil spp.)
0303.91.90;Outros
0303.92.00;-- Barbatanas de tubar o
0303.99;-- Outros
0303.99.10;Cabe as de Merluza negra (Dissostichus eleginoides)
0303.99.20;Cabe as de Merluza ant rtica (Dissostichus mawsoni)
0303.99.90;Outros
03.04;Fil s (filetes) de peixes e outra carne de peixes (mesmo picada), frescos, refrigerados ou congelados.
0304.3;- Fil s (filetes) de til pias (Oreochromis spp.), bagres (peixes-gato*) (Pangasius spp., Silurus spp., Clarias spp., Ictalurus spp.), carpas (Cyprinus spp., Carassius spp., Ctenopharyngodon idellus, Hypophthalmichthys spp., Cirrhinus spp., Mylopharyngodon piceus, Catla catla, Labeo spp., Osteochilus hasselti, Leptobarbus hoeveni, Megalobrama spp.), enguias (Anguilla spp.), perca-do-nilo (Lates niloticus) e peixes cabe a-de-serpente (Channa spp.), frescos ou refrigerados:
0304.31.00;-- Til pias (Oreochromis spp.)
0304.32;-- Bagres (Peixes-gato*) (Pangasius spp., Silurus spp., Clarias spp., Ictalurus spp.)
0304.32.10;Bagre americano (Ictalurus punctatus)
0304.32.90;Outros
0304.33.00;-- Perca-do-nilo (Lates niloticus)
0304.39.00;-- Outros
0304.4;- Fil s (filetes) de outros peixes, frescos ou refrigerados:
0304.41.00;-- Salm es-do-pac fico (Oncorhynchus nerka, Oncorhynchus gorbuscha, Oncorhynchus keta, Oncorhynchus tschawytscha, Oncorhynchus kisutch, Oncorhynchus masou e Oncorhynchus rhodurus), salm o-do-atl ntico (Salmo salar) e salm o-do-dan bio (Hucho hucho)
0304.42.00;-- Trutas (Salmo trutta, Oncorhynchus mykiss, Oncorhynchus clarki, Oncorhynchus aguabonita, Oncorhynchus gilae, Oncorhynchus apache e Oncorhynchus chrysogaster)
0304.43.00;-- Peixes chatos (Pleuronectidae, Bothidae, Cynoglossidae, Soleidae, Scophthalmidae e Citharidae)
0304.44.00;-- Peixes das fam lias Bregmacerotidae, Euclichthyidae, Gadidae, Macrouridae, Melanonidae, Merlucciidae, Moridae e Muraenolepididae
0304.45.00;-- Espadarte (Xiphias gladius)
0304.46.00;-- Merluza negra e merluza ant rtica (Marlongas*) (Dissostichus spp.)
0304.47.00;-- Ca  o e outros tubar es
0304.48.00;-- Raias (Rajidae)
0304.49;-- Outros
0304.49.10;Cherne-poveiro (Polyprion americanus)
0304.49.20;Garoupas (Acanthistius spp.)
0304.49.90;Outros
0304.5;- Outros, frescos ou refrigerados:
0304.51.00;-- Til pias (Oreochromis spp.), bagres (peixes-gato*) (Pangasius spp., Silurus spp., Clarias spp., Ictalurus spp.), carpas (Cyprinus spp., Carassius spp., Ctenopharyngodon idellus, Hypophthalmichthys spp., Cirrhinus spp., Mylopharyngodon piceus, Catla catla, Labeo spp., Osteochilus hasselti, Leptobarbus hoeveni, Megalobrama spp.), enguias (Anguilla spp.), perca-do-nilo (Lates niloticus) e peixes cabe a-de-serpente (Channa spp.)
0304.52.00;-- Salmon deos
0304.53.00;-- Peixes das fam lias Bregmacerotidae, Euclichthyidae, Gadidae, Macrouridae, Melanonidae, Merlucciidae, Moridae e Muraenolepididae
0304.54.00;-- Espadarte (Xiphias gladius)
0304.55.00;-- Merluza negra e merluza ant rtica (Marlongas*) (Dissostichus spp.)
0304.56.00;-- Ca  o e outros tubar es
0304.57.00;-- Raias (Rajidae)
0304.59.00;-- Outros
0304.6;- Fil s (filetes) de til pias (Oreochromis spp.), bagres (peixes-gato*) (Pangasius spp., Silurus spp., Clarias spp., Ictalurus spp.), carpas (Cyprinus spp., Carassius spp., Ctenopharyngodon idellus, Hypophthalmichthys spp., Cirrhinus spp., Mylopharyngodon piceus, Catla catla, Labeo spp., Osteochilus hasselti, Leptobarbus hoeveni, Megalobrama spp.), enguias (Anguilla spp.), perca-do-nilo (Lates niloticus) e peixes cabe a-de-serpente (Channa spp.), congelados:
0304.61.00;-- Til pias (Oreochromis spp.)
0304.62;-- Bagres (Peixes-gato*) (Pangasius spp., Silurus spp., Clarias spp., Ictalurus spp.)
0304.62.10;Bagre americano (Ictalurus punctatus)
0304.62.90;Outros
0304.63.00;-- Perca-do-nilo (Lates niloticus)
0304.69.00;-- Outros
0304.7;- Fil s (filetes) de peixes das fam lias Bregmacerotidae, Euclichthyidae, Gadidae, Macrouridae, Melanonidae, Merlucciidae, Moridae e Muraenolepididae, congelados:
0304.71.00;-- Bacalhau-do-atl ntico (Gadus morhua), bacalhau-da-groel ndia (Gadus ogac) e bacalhau-do-pac fico (Gadus macrocephalus)
0304.72.00;-- Hadoque (Arinca*) (Melanogrammus aeglefinus)
0304.73.00;-- Saithe (Escamudo*) (Pollachius virens)
0304.74.00;-- Merluzas (Pescadas*) e abr teas (Merluccius spp., Urophycis spp.)
0304.75.00;-- Polaca-do-alasca (Escamudo-do-alasca*) (Theragra chalcogramma)
0304.79.00;-- Outros
0304.8;- Fil s (filetes) de outros peixes, congelados:
0304.81.00;-- Salm es-do-pac fico (Oncorhynchus nerka, Oncorhynchus gorbuscha, Oncorhynchus keta, Oncorhynchus tschawytscha, Oncorhynchus kisutch, Oncorhynchus masou e Oncorhynchus rhodurus), salm o-do-atl ntico (Salmo salar) e salm o-do-dan bio (Hucho hucho)
0304.82.00;-- Trutas (Salmo trutta, Oncorhynchus mykiss, Oncorhynchus clarki, Oncorhynchus aguabonita, Oncorhynchus gilae, Oncorhynchus apache e Oncorhynchus chrysogaster)
0304.83.00;-- Peixes chatos (Pleuronectidae, Bothidae, Cynoglossidae, Soleidae, Scophthalmidae e Citharidae)
0304.84.00;-- Espadarte (Xiphias gladius)
0304.85;-- Merluza negra e merluza ant rtica (Marlongas*) (Dissostichus spp.)
0304.85.10;Merluza negra (Dissostichus eleginoides)
0304.85.20;Merluza ant rtica (Dissostichus mawsoni)
0304.86.00;-- Arenques (Clupea harengus, Clupea pallasii)
0304.87.00;-- Atuns (do g nero Thunnus), bonito-listrado (gaiado*) (Katsuwonus pelamis)
0304.88;-- Ca  o e outros tubar es, raias (Rajidae)
0304.88.10;Tubar o-azul (Prionace glauca)
0304.88.90;Outros
0304.89;-- Outros
0304.89.10;Pargo (Lutjanus purpureus)
0304.89.20;Cherne-poveiro (Polyprion americanus)
0304.89.30;Garoupas (Acanthistius spp.)
0304.89.90;Outros
0304.9;- Outros, congelados:
0304.91.00;-- Espadarte (Xiphias gladius)
0304.92;-- Merluza negra e merluza ant rtica (Marlongas*) (Dissostichus spp.)
0304.92.1;Merluza negra (Dissostichus eleginoides)
0304.92.11;Bochechas (cheeks)
0304.92.12;Colares (collars)
0304.92.19;Outros
0304.92.2;Merluza ant rtica (Dissostichus mawsoni)
0304.92.21;Bochechas (cheeks)
0304.92.22;Colares (collars)
0304.92.29;Outros
0304.93.00;-- Til pias (Oreochromis spp.), bagres (peixes-gato*) (Pangasius spp., Silurus spp., Clarias spp., Ictalurus spp.), carpas (Cyprinus spp., Carassius spp., Ctenopharyngodon idellus, Hypophthalmichthys spp., Cirrhinus spp., Mylopharyngodon piceus, Catla catla, Labeo spp., Osteochilus hasselti, Leptobarbus hoeveni, Megalobrama spp.), enguias (Anguilla spp.), perca-do-nilo (Lates niloticus) e peixes cabe a-de-serpente (Channa spp.)
0304.94.00;-- Polaca-do-alasca (Escamudo-do-alasca*) (Theragra chalcogramma)
0304.95.00;-- Peixes das fam lias Bregmacerotidae, Euclichthyidae, Gadidae, Macrouridae, Melanonidae, Merlucciidae, Moridae e Muraenolepididae, exceto a polaca-do-alasca (escamudo-do-alasca*) (Theragra chalcogramma)
0304.96.00;-- Ca  o e outros tubar es
0304.97.00;-- Raias (Rajidae)
0304.99.00;-- Outros
03.05;"Peixes secos, salgados ou em salmoura; peixes defumados (fumados), mesmo cozidos antes ou durante a defuma  o."
0305.20;- F gados, ovas e g nadas masculinas, de peixes, secos, defumados (fumados), salgados ou em salmoura
0305.20.10;Ovas de tainhas (Mugil spp.)
0305.20.90;Outros
0305.3;- Fil s (filetes) de peixes, secos, salgados ou em salmoura, mas n o defumados (fumados):
0305.31.00;-- Til pias (Oreochromis spp.), bagres (peixes-gato*) (Pangasius spp., Silurus spp., Clarias spp., Ictalurus spp.), carpas (Cyprinus spp., Carassius spp., Ctenopharyngodon idellus, Hypophthalmichthys spp., Cirrhinus spp., Mylopharyngodon piceus, Catla catla, Labeo spp., Osteochilus hasselti, Leptobarbus hoeveni, Megalobrama spp.), enguias (Anguilla spp.), perca-do-nilo (Lates niloticus) e peixes cabe a-de-serpente (Channa spp.)
0305.32;-- Peixes das fam lias Bregmacerotidae, Euclichthyidae, Gadidae, Macrouridae, Melanonidae, Merlucciidae, Moridae e Muraenolepididae
0305.32.10;Bacalhau-do-atl ntico (Gadus morhua), bacalhau-da-groel ndia (Gadus ogac) e bacalhau-do-pac fico (Gadus macrocephalus)
0305.32.20;Saithe (Pollachius virens)
0305.32.30;Ling (Molva molva) e zarbo (Brosme brosme)
0305.32.90;Outros
0305.39.00;-- Outros
0305.4;- Peixes defumados (fumados), mesmo em fil s (filetes), exceto subprodutos comest veis de peixes:
0305.41.00;-- Salm es-do-pac fico (Oncorhynchus nerka, Oncorhynchus gorbuscha, Oncorhynchus keta, Oncorhynchus tschawytscha, Oncorhynchus kisutch, Oncorhynchus masou e Oncorhynchus rhodurus), salm o-do-atl ntico (Salmo salar) e salm o-do-dan bio (Hucho hucho)
0305.42.00;-- Arenques (Clupea harengus, Clupea pallasii)
0305.43.00;-- Trutas (Salmo trutta, Oncorhynchus mykiss, Oncorhynchus clarki, Oncorhynchus aguabonita, Oncorhynchus gilae, Oncorhynchus apache e Oncorhynchus chrysogaster)
0305.44.00;-- Til pias (Oreochromis spp.), bagres (peixes-gato*) (Pangasius spp., Silurus spp., Clarias spp., Ictalurus spp.), carpas (Cyprinus spp., Carassius spp., Ctenopharyngodon idellus, Hypophthalmichthys spp., Cirrhinus spp., Mylopharyngodon piceus, Catla catla, Labeo spp., Osteochilus hasselti, Leptobarbus hoeveni, Megalobrama spp.), enguias (Anguilla spp.), perca-do-nilo (Lates niloticus) e peixes cabe a-de-serpente (Channa spp.)
0305.49;-- Outros
0305.49.10;Bacalhau-do-atl ntico (Gadus morhua), bacalhau-da-groel ndia (Gadus ogac) e bacalhau-do-pac fico (Gadus macrocephalus)
0305.49.20;Saithe (Pollachius virens), ling (Molva molva) e zarbo (Brosme brosme)
0305.49.90;Outros
0305.5;- Peixes secos, exceto subprodutos comest veis de peixes, mesmo salgados, mas n o defumados (fumados):
0305.51.00;-- Bacalhau-do-atl ntico (Gadus morhua), bacalhau-da-groel ndia (Gadus ogac) e bacalhau-do-pac fico (Gadus macrocephalus)
0305.52.00;-- Til pias (Oreochromis spp.), bagres (peixes-gato*) (Pangasius spp., Silurus spp., Clarias spp., Ictalurus spp.), carpas (Cyprinus spp., Carassius spp., Ctenopharyngodon idellus, Hypophthalmichthys spp., Cirrhinus spp., Mylopharyngodon piceus, Catla catla, Labeo spp., Osteochilus hasselti, Leptobarbus hoeveni, Megalobrama spp.), enguias (Anguilla spp.), perca-do-nilo (Lates niloticus) e peixes cabe a-de-serpente (Channa spp.)
0305.53;-- Peixes das fam lias Bregmacerotidae, Euclichthyidae, Gadidae, Macrouridae, Melanonidae, Merlucciidae, Moridae e Muraenolepididae, exceto bacalhau (Gadus morhua, Gadus ogac, Gadus macrocephalus)
0305.53.10;Bacalhau polar (Boreogadus saida), saithe (Pollachius virens), ling (Molva molva), ling azul (Molva dypterygia), zarbo (Brosme brosme), abrotea-do-alto (Urophycis blennoides) e hadoque (Melanogrammus aeglefinus)
0305.53.90;Outros
0305.54.00;-- Arenques (Clupea harengus, Clupea pallasii), anchovas (biqueir es*) (Engraulis spp.), sardinhas (Sardina pilchardus, Sardinops spp., Sardinella spp.) (sardinha (Sardina pilchardus) e sardinelas (Sardinops spp., Sardinella spp.)*), anchoveta (espadilha*) (Sprattus sprattus), cavalinhas (sardas e cavalas*) (Scomber scombrus, Scomber australasicus, Scomber japonicus), cavalas-do- ndico (Rastrelliger spp.), serras (Scomberomorus spp.), carapaus (Trachurus spp.), xar us (Caranx spp.), bijupir  (cobia*) (Rachycentron canadum), pampos-prateado (Pampus spp.), agulh o-do-jap o (Cololabis saira), charros (Decapterus spp.), capelim (Mallotus villosus), espadarte (Xiphias gladius), merma-oriental (Euthynnus affinis), bonitos (Sarda spp.), espadins, marlins, veleiros (Istiophoridae)
0305.59.00;-- Outros
0305.6;- Peixes salgados, n o secos nem defumados (fumados) e peixes em salmoura, exceto subprodutos comest veis de peixes:
0305.61.00;-- Arenques (Clupea harengus, Clupea pallasii)
0305.62.00;-- Bacalhau-do-atl ntico (Gadus morhua), bacalhau-da-groel ndia (Gadus ogac) e bacalhau-do-pac fico (Gadus macrocephalus)
0305.63.00;-- Anchovas (Biqueir es*) (Engraulis spp.)
0305.64.00;-- Til pias (Oreochromis spp.), bagres (peixes-gato*) (Pangasius spp., Silurus spp., Clarias spp., Ictalurus spp.), carpas (Cyprinus spp., Carassius spp., Ctenopharyngodon idellus, Hypophthalmichthys spp., Cirrhinus spp., Mylopharyngodon piceus, Catla catla, Labeo spp., Osteochilus hasselti, Leptobarbus hoeveni, Megalobrama spp.), enguias (Anguilla spp.), perca-do-nilo (Lates niloticus) e peixes cabe a-de-serpente (Channa spp.)
0305.69;-- Outros
0305.69.10;Saithe (Pollachius virens), ling (Molva molva) e zarbo (Brosme brosme)
0305.69.90;Outros
0305.7;- Barbatanas, cabe as, caudas, bexigas-natat rias e outros subprodutos comest veis de peixes:
0305.71.00;-- Barbatanas de tubar o
0305.72.00;-- Cabe as, caudas e bexigas-natat rias, de peixes
0305.79.00;-- Outros
03.06;"Crust ceos, mesmo com casca, vivos, frescos, refrigerados, congelados, secos, salgados ou em salmoura; crust ceos, mesmo com casca, defumados (fumados), mesmo cozidos antes ou durante a defuma  o; crust ceos com casca, cozidos em  gua ou vapor, mesmo refrigerados, congelados, secos, salgados ou em salmoura."
0306.1;- Congelados:
0306.11;-- Lagostas (Palinurus spp., Panulirus spp., Jasus spp.)
0306.11.10;Inteiras
0306.11.90;Outras
0306.12.00;-- Lavagantes (Homarus spp.)
0306.14.00;-- Caranguejos
0306.15.00;-- Lagosta norueguesa (Lagostim*) (Nephrops norvegicus)
0306.16;-- Camar es de  gua fria (Pandalus spp., Crangon crangon)
0306.16.10;Inteiros
0306.16.90;Outros
0306.17;-- Outros camar es
0306.17.10;Inteiros
0306.17.90;Outros
0306.19;-- Outros
0306.19.10;Krill (Euphausia superba)
0306.19.90;Outros
0306.3;- Vivos, frescos ou refrigerados:
0306.31.00;-- Lagostas (Palinurus spp., Panulirus spp., Jasus spp.)
0306.32.00;-- Lavagantes (Homarus spp.)
0306.33.00;-- Caranguejos
0306.34.00;-- Lagosta norueguesa (Lagostim*) (Nephrops norvegicus)
0306.35.00;-- Camar es de  gua fria (Pandalus spp., Crangon crangon)
0306.36.00;-- Outros camar es
0306.39;-- Outros
0306.39.10;Lagosta de  gua doce (Cherax quadricarinatus)
0306.39.90;Outros
0306.9;- Outros:
0306.91.00;-- Lagostas (Palinurus spp., Panulirus spp., Jasus spp.)
0306.92.00;-- Lavagantes (Homarus spp.)
0306.93.00;-- Caranguejos
0306.94.00;-- Lagosta norueguesa (Lagostim*) (Nephrops norvegicus)
0306.95.00;-- Camar es
0306.99;-- Outros
0306.99.10;Lagosta de  gua doce (Cherax quadricarinatus)
0306.99.90;Outros
03.07;"Moluscos, mesmo com concha, vivos, frescos, refrigerados, congelados, secos, salgados ou em salmoura; moluscos, mesmo com concha, defumados (fumados), mesmo cozidos antes ou durante a defuma  o."
0307.1;- Ostras:
0307.11.00;-- Vivas, frescas ou refrigeradas
0307.12.00;-- Congeladas
0307.19.00;-- Outras
0307.2;- Vieiras e outros moluscos da fam lia Pectinidae:
0307.21.00;-- Vivos, frescos ou refrigerados
0307.22.00;-- Congelados
0307.29.00;-- Outros
0307.3;- Mexilh es (Mytilus spp., Perna spp.):
0307.31.00;-- Vivos, frescos ou refrigerados
0307.32.00;-- Congelados
0307.39.00;-- Outros
0307.4;"- S pias (Chocos*) (Chocos e chopos*); lulas (potas e lulas*):"
0307.42.00;-- Vivas, frescas ou refrigeradas
0307.43;-- Congeladas
0307.43.10;Lulas
0307.43.20;S pias
0307.49.00;-- Outras
0307.5;- Polvos (Octopus spp.):
0307.51.00;-- Vivos, frescos ou refrigerados
0307.52.00;-- Congelados
0307.59.00;-- Outros
0307.60.00;- Carac is, exceto os do mar
0307.7;- Am ijoas, berbig es e arcas (fam lias Arcidae, Arcticidae, Cardiidae, Donacidae, Hiatellidae, Mactridae, Mesodesmatidae, Myidae, Semelidae, Solecurtidae, Solenidae, Tridacnidae e Veneridae):
0307.71.00;-- Vivos, frescos ou refrigerados
0307.72.00;-- Congelados
0307.79.00;-- Outros
0307.8;- Abalones (Orelhas-do-mar*) (Haliotis spp.) e estrombos (Strombus spp.):
0307.81.00;-- Abalones (Orelhas-do-mar*) (Haliotis spp.) vivos, frescos ou refrigerados
0307.82.00;-- Estrombos (Strombus spp.) vivos, frescos ou refrigerados
0307.83.00;-- Abalones (Orelhas-do-mar*) (Haliotis spp.) congelados
0307.84.00;-- Estrombos (Strombus spp.) congelados
0307.87.00;-- Outros abalones (orelhas-do-mar*) (Haliotis spp.)
0307.88.00;-- Outros estrombos (Strombus spp.)
0307.9;- Outros:
0307.91.00;-- Vivos, frescos ou refrigerados
0307.92.00;-- Congelados
0307.99.00;-- Outros
03.08;"Invertebrados aqu ticos, exceto crust ceos e moluscos, vivos, frescos, refrigerados, congelados, secos, salgados ou em salmoura; invertebrados aqu ticos, exceto crust ceos e moluscos, defumados (fumados), mesmo cozidos antes ou durante a defuma  o."
0308.1;- Pepinos-do-mar (Stichopus japonicus, Holothuroidea):
0308.11.00;-- Vivos, frescos ou refrigerados
0308.12.00;-- Congelados
0308.19.00;-- Outros
0308.2;- Ouri os-do-mar (Strongylocentrotus spp., Paracentrotus lividus, Loxechinus albus, Echinus esculentus):
0308.21.00;-- Vivos, frescos ou refrigerados
0308.22.00;-- Congelados
0308.29.00;-- Outros
0308.30.00;- Medusas ( guas-vivas) (Rhopilema spp.)
0308.90.00;- Outros
03.09;Farinhas, p s e pellets, de peixe, crust ceos, moluscos e de outros invertebrados aqu ticos, pr prios para alimenta  o humana.
0309.10.00;- De peixe
0309.90.00;- Outros
04;"Leite e latic nios; ovos de aves; mel natural; produtos comest veis de origem animal, n o especificados nem compreendidos noutros Cap tulos."
04.01;Leite e creme de leite (nata), n o concentrados nem adicionados de a  car ou de outros edulcorantes.
0401.10;- Com um teor, em peso, de mat rias gordas, n o superior a 1 %
0401.10.10;Leite UHT (Ultra High Temperature)
0401.10.90;Outros
0401.20;- Com um teor, em peso, de mat rias gordas, superior a 1 %, mas n o superior a 6 %
0401.20.10;Leite UHT (Ultra High Temperature)
0401.20.90;Outros
0401.40;- Com um teor, em peso, de mat rias gordas, superior a 6 %, mas n o superior a 10 %
0401.40.10;Leite
0401.40.2;Creme de leite (nata)
0401.40.21;UHT (Ultra High Temperature)
0401.40.29;Outros
0401.50;- Com um teor, em peso, de mat rias gordas, superior a 10 %
0401.50.10;Leite
0401.50.2;Creme de leite (nata)
0401.50.21;UHT (Ultra High Temperature)
0401.50.29;Outros
04.02;Leite e creme de leite (nata), concentrados ou adicionados de a  car ou de outros edulcorantes.
0402.10;- Em p , gr nulos ou outras formas s lidas, com um teor, em peso, de mat rias gordas, n o superior a 1,5 %
0402.10.10;Com um teor de ars nio, chumbo ou cobre, considerados isoladamente, inferior a 5 ppm
0402.10.90;Outros
0402.2;- Em p , gr nulos ou outras formas s lidas, com um teor, em peso, de mat rias gordas, superior a 1,5 %:
0402.21;-- Sem adi  o de a  car ou de outros edulcorantes
0402.21.10;Leite integral
0402.21.20;Leite parcialmente desnatado
0402.21.30;Creme de leite (nata)
0402.29;-- Outros
0402.29.10;Leite integral
0402.29.20;Leite parcialmente desnatado
0402.29.30;Creme de leite (nata)
0402.9;- Outros:
0402.91.00;-- Sem adi  o de a  car ou de outros edulcorantes
0402.99.00;-- Outros
04.03;"Iogurte; leitelho, leite e creme de leite (nata) coalhados, quefir e outros leites e cremes de leite (natas) fermentados ou acidificados, mesmo concentrados ou adicionados de a  car ou de outros edulcorantes, ou aromatizados ou adicionados de fruta ou de cacau."
0403.20.00;- Iogurte
0403.90.00;- Outros
04.04;"Soro de leite, mesmo concentrado ou adicionado de a  car ou de outros edulcorantes; produtos constitu dos por componentes naturais do leite, mesmo adicionados de a  car ou de outros edulcorantes, n o especificados nem compreendidos noutras posi  es."
0404.10.00;- Soro de leite, modificado ou n o, mesmo concentrado ou adicionado de a  car ou de outros edulcorantes
0404.90.00;- Outros
04.05;"Manteiga e outras mat rias gordas provenientes do leite; pasta de espalhar (barrar) de produtos provenientes do leite."
0405.10.00;- Manteiga
0405.20.00;- Pasta de espalhar (barrar) de produtos provenientes do leite
0405.90;- Outras
0405.90.10; leo but rico de manteiga (butter oil)
0405.90.90;Outras
04.06;Queijos e requeij o.
0406.10;- Queijos frescos (n o curados), incluindo o queijo de soro de leite, e o requeij o
0406.10.10;Mozarela
0406.10.90;Outros
0406.20.00;- Queijos ralados ou em p , de qualquer tipo
0406.30.00;- Queijos fundidos, exceto ralados ou em p 
0406.40.00;- Queijos de pasta mofada (azul) e outros queijos que apresentem veios obtidos utilizando Penicillium roqueforti
0406.90;- Outros queijos
0406.90.10;Com um teor de umidade inferior a 36,0 %, em peso (massa dura)
0406.90.20;Com um teor de umidade igual ou superior a 36,0 % e inferior a 46,0 %, em peso (massa semidura)
0406.90.30;Com um teor de umidade igual ou superior a 46,0 % e inferior a 55,0 %, em peso (massa macia)
0406.90.90;Outros
04.07;Ovos de aves, com casca, frescos, conservados ou cozidos.
0407.1;- Ovos fertilizados destinados   incuba  o:
0407.11.00;-- De aves da esp cie Gallus domesticus
0407.19.00;-- Outros
0407.2;- Outros ovos frescos:
0407.21.00;-- De aves da esp cie Gallus domesticus
0407.29.00;-- Outros
0407.90.00;- Outros
04.08;Ovos de aves, sem casca, e gemas de ovos, frescos, secos, cozidos em  gua ou vapor, moldados, congelados ou conservados de outro modo, mesmo adicionados de a  car ou de outros edulcorantes.
0408.1;- Gemas de ovos:
0408.11.00;-- Secas
0408.19.00;-- Outras
0408.9;- Outros:
0408.91.00;-- Secos
0408.99.00;-- Outros
0409.00.00;Mel natural.
04.10;Insetos e outros produtos comest veis de origem animal, n o especificados nem compreendidos noutras posi  es.
0410.10.00;- Insetos
0410.90.00;- Outros
05;Outros produtos de origem animal, n o especificados nem compreendidos noutros Cap tulos.
0501.00.00;"Cabelo em bruto, mesmo lavado ou desengordurado; desperd cios de cabelo."
05.02;"Cerdas de porco ou de javali; pelos de texugo e outros pelos para escovas, pinc is e artigos semelhantes; desperd cios destas cerdas e pelos."
0502.10;- Cerdas de porco ou de javali e seus desperd cios
0502.10.1;Cerdas de porco
0502.10.11;Lavadas, alvejadas ou desengorduradas, mesmo tintas
0502.10.19;Outras
0502.10.90;Outros
0502.90;- Outros
0502.90.10;Pelos
0502.90.20;Desperd cios
0504.00;Tripas, bexigas e est magos, de animais, inteiros ou em peda os, exceto de peixes, frescos, refrigerados, congelados, salgados ou em salmoura, secos ou defumados (fumados).
0504.00.1;Tripas
0504.00.11;De bovinos
0504.00.12;De ovinos
0504.00.13;De su nos
0504.00.19;Outras
0504.00.90;Outros
05.05;"Peles e outras partes de aves, com as suas penas ou penugem, penas e partes de penas (mesmo aparadas), penugem, em bruto ou simplesmente limpas, desinfetadas ou preparadas tendo em vista a sua conserva  o; p s e desperd cios de penas ou de partes de penas."
0505.10.00;"- Penas do tipo utilizado para enchimento ou estofamento; penugem"
0505.90.00;- Outros
05.06;"Ossos e n cleos c rneos, em bruto, desengordurados ou simplesmente preparados (mas n o cortados em forma determinada), acidulados ou degelatinados; p s e desperd cios destas mat rias."
0506.10.00;- Osse na e ossos acidulados
0506.90.00;- Outros
05.07;"Marfim, carapa as de tartaruga, barbas, incluindo as franjas, de baleia ou de outros mam feros marinhos, chifres, galhadas, cascos, unhas, garras e bicos, em bruto ou simplesmente preparados, mas n o cortados em forma determinada; p s e desperd cios destas mat rias."
0507.10.00;"- Marfim; p  e desperd cios de marfim"
0507.90.00;- Outros
0508.00.00;"Coral e mat rias semelhantes, em bruto ou simplesmente preparados, mas n o trabalhados de outro modo; conchas e carapa as de moluscos, crust ceos ou de equinodermes e ossos de s pias (chocos*) (chocos e chopos*), em bruto ou simplesmente preparados, mas n o cortados em forma determinada, seus p s e desperd cios."
0510.00;" mbar-cinzento, cast reo, alg lia e alm scar; cant ridas; b lis, mesmo seca; gl ndulas e outras subst ncias de origem animal utilizadas na prepara  o de produtos farmac uticos, frescas, refrigeradas, congeladas ou provisoriamente conservadas de outro modo."
0510.00.10;P ncreas de bovino
0510.00.90;Outros
05.11;"Produtos de origem animal, n o especificados nem compreendidos noutras posi  es; animais mortos dos Cap tulos 1 ou 3, impr prios para alimenta  o humana."
0511.10.00;- S men de bovino
0511.9;- Outros:
0511.91;"-- Produtos de peixes ou crust ceos, moluscos ou de outros invertebrados aqu ticos; animais mortos do Cap tulo 3"
0511.91.10;Ovas de peixe fecundadas, para reprodu  o
0511.91.90;Outros
0511.99;-- Outros
0511.99.10;Embri es de animais
0511.99.20;S men animal
0511.99.30;Ovos de bicho-da-seda
0511.99.9;Outros
0511.99.91;Crinas e seus desperd cios, mesmo em mantas, mesmo com suporte
0511.99.99;Outros
06;Plantas vivas e produtos de floricultura.
06.01;"Bulbos, tub rculos, ra zes tuberosas, cormos, coroas e rizomas, em repouso vegetativo, em vegeta  o ou em flor; mudas, plantas e ra zes de chic ria, exceto as ra zes da posi  o 12.12."
0601.10.00;- Bulbos, tub rculos, ra zes tuberosas, cormos, coroas e rizomas, em repouso vegetativo
0601.20.00;"- Bulbos, tub rculos, ra zes tuberosas, cormos, coroas e rizomas, em vegeta  o ou em flor; mudas, plantas e ra zes de chic ria"
06.02;"Outras plantas vivas (incluindo as suas ra zes), estacas e enxertos; mic lios de cogumelos."
0602.10.00;- Estacas n o enraizadas e enxertos
0602.20.00;-  rvores, arbustos e silvados, de fruta, enxertados ou n o
0602.30.00;- Rododendros e azaleias, enxertados ou n o
0602.40.00;- Roseiras, enxertadas ou n o
0602.90;- Outros
0602.90.10;Mic lios de cogumelos
0602.90.2;Mudas de plantas ornamentais
0602.90.21;De orqu dea
0602.90.29;Outras
0602.90.8;Outras mudas
0602.90.81;De cana-de-a  car
0602.90.82;De videira
0602.90.83;De caf 
0602.90.89;Outras
0602.90.90;Outras
06.03;Flores e bot es de flores, cortados, para buqu s (ramos*) ou para ornamenta  o, frescos, secos, branqueados, tingidos, impregnados ou preparados de outro modo.
0603.1;- Frescos:
0603.11.00;-- Rosas
0603.12.00;-- Cravos
0603.13.00;-- Orqu deas
0603.14.00;-- Cris ntemos
0603.15.00;-- L rios (Lilium spp.)
0603.19.00;-- Outros
0603.90.00;- Outros
06.04;Folhagem, folhas, ramos e outras partes de plantas, sem flores nem bot es de flores, e ervas, musgos e l quenes, para buqu s (ramos de flores*) ou para ornamenta  o, frescos, secos, branqueados, tingidos, impregnados ou preparados de outro modo.
0604.20.00;- Frescos
0604.90.00;- Outros
07;Produtos hort colas, plantas, ra zes e tub rculos, comest veis.
07.01;Batatas, frescas ou refrigeradas.
0701.10.00;- Batata-semente
0701.90.00;- Outras
0702.00.00;Tomates, frescos ou refrigerados.
07.03;Cebolas, chalotas, alhos, alhos-porros e outros produtos hort colas ali ceos, frescos ou refrigerados.
0703.10;- Cebolas e chalotas
0703.10.1;Cebolas
0703.10.11;Para semeadura (sementeira)
0703.10.19;Outras
0703.10.2;Chalotas
0703.10.21;Para semeadura (sementeira)
0703.10.29;Outras
0703.20;- Alhos
0703.20.10;Para semeadura (sementeira)
0703.20.90;Outros
0703.90;- Alhos-porros e outros produtos hort colas ali ceos
0703.90.10;Para semeadura (sementeira)
0703.90.90;Outros
07.04;Couves, couve-flor, repolho ou couve frisada, couve-r bano e produtos comest veis semelhantes do g nero Brassica, frescos ou refrigerados.
0704.10.00;- Couve-flor e br colis
0704.20.00;- Couve-de-bruxelas
0704.90.00;- Outros
07.05;Alface (Lactuca sativa) e chic rias (Cichorium spp.), frescas ou refrigeradas.
0705.1;- Alface:
0705.11.00;-- Repolhuda
0705.19.00;-- Outra
0705.2;- Chic rias:
0705.21.00;-- End via (Cichorium intybus var. foliosum)
0705.29.00;-- Outras
07.06;Cenouras, nabos, beterrabas para salada, cercefi, aipo-r bano, rabanetes e ra zes comest veis semelhantes, frescos ou refrigerados.
0706.10.00;- Cenouras e nabos
0706.90.00;- Outros
0707.00.00;Pepinos e pepininhos (cornichons), frescos ou refrigerados.
07.08;Legumes de vagem, mesmo com vagem, frescos ou refrigerados.
0708.10.00;- Ervilhas (Pisum sativum)
0708.20.00;- Feij es (Vigna spp., Phaseolus spp.)
0708.90.00;- Outros legumes de vagem
07.09;Outros produtos hort colas, frescos ou refrigerados.
0709.20.00;- Aspargos
0709.30.00;- Berinjelas
0709.40.00;- Aipo, exceto aipo-r bano
0709.5;- Cogumelos e trufas:
0709.51.00;-- Cogumelos do g nero Agaricus
0709.52.00;-- Cogumelos do g nero Boletus
0709.53.00;-- Cogumelos do g nero Cantharellus
0709.54.00;-- Shitake (Lentinus edodes)
0709.55.00;-- Matsutake (Tricholoma matsutake, Tricholoma magnivelare, Tricholoma anatolicum, Tricholoma dulciolens, Tricholoma caligatum)
0709.56.00;-- Trufas (Tuber spp.)
0709.59.00;-- Outros
0709.60.00;- Piment es (pimentos) e pimentas do g nero Capsicum ou do g nero Pimenta
0709.70.00;- Espinafres, espinafres-da-nova-zel ndia e espinafres gigantes
0709.9;- Outros:
0709.91.00;-- Alcachofras
0709.92.00;-- Azeitonas
0709.93.00;-- Ab boras, abobrinhas (curgetes*) e caba as (Cucurbita spp.)
0709.99;-- Outros
0709.99.1;Milho doce
0709.99.11;Para semeadura (sementeira)
0709.99.19;Outros
0709.99.90;Outros
07.10;Produtos hort colas, n o cozidos ou cozidos em  gua ou vapor, congelados.
0710.10.00;- Batatas
0710.2;- Legumes de vagem, mesmo com vagem:
0710.21.00;-- Ervilhas (Pisum sativum)
0710.22.00;-- Feij es (Vigna spp., Phaseolus spp.)
0710.29.00;-- Outros
0710.30.00;- Espinafres, espinafres-da-nova-zel ndia e espinafres gigantes
0710.40.00;- Milho doce
0710.80.00;- Outros produtos hort colas
0710.90.00;- Misturas de produtos hort colas
07.11;Produtos hort colas conservados transitoriamente, mas impr prios para alimenta  o nesse estado.
0711.20;- Azeitonas
0711.20.10;Com  gua salgada
0711.20.20;Com  gua sulfurada ou adicionada de outras subst ncias
0711.20.90;Outras
0711.40.00;- Pepinos e pepininhos (cornichons)
0711.5;- Cogumelos e trufas:
0711.51.00;-- Cogumelos do g nero Agaricus
0711.59.00;-- Outros
0711.90.00;"- Outros produtos hort colas; misturas de produtos hort colas"
07.12;Produtos hort colas secos, mesmo cortados em peda os ou fatias, ou ainda triturados ou em p , mas sem qualquer outro preparo.
0712.20.00;- Cebolas
0712.3;- Cogumelos, orelhas-de-judas (Auricularia spp.), tremelas (Tremella spp.) e trufas:
0712.31.00;-- Cogumelos do g nero Agaricus
0712.32.00;-- Orelhas-de-judas (Auricularia spp.)
0712.33.00;-- Tremelas (Tremella spp.)
0712.34.00;-- Shitake (Lentinus edodes)
0712.39.00;-- Outros
0712.90;"- Outros produtos hort colas; misturas de produtos hort colas"
0712.90.20;Alho
0712.90.90;Outros
07.13;Legumes de vagem, secos, em gr o, mesmo pelados ou partidos.
0713.10;- Ervilhas (Pisum sativum)
0713.10.10;Para semeadura (sementeira)
0713.10.90;Outras
0713.20;- Gr o-de-bico
0713.20.10;Para semeadura (sementeira)
0713.20.90;Outros
0713.3;- Feij es (Vigna spp., Phaseolus spp.):
0713.31;-- Feij es das esp cies Vigna mungo (L.) Hepper ou Vigna radiata (L.) Wilczek
0713.31.10;Para semeadura (sementeira)
0713.31.90;Outros
0713.32;-- Feij o-adzuki (Phaseolus ou Vigna angularis)
0713.32.10;Para semeadura (sementeira)
0713.32.90;Outros
0713.33;-- Feij o comum (Phaseolus vulgaris)
0713.33.1;Preto
0713.33.11;Para semeadura (sementeira)
0713.33.19;Outros
0713.33.2;Branco
0713.33.21;Para semeadura (sementeira)
0713.33.29;Outros
0713.33.9;Outros
0713.33.91;Para semeadura (sementeira)
0713.33.99;Outros
0713.34;-- Feij o-bambara (Vigna subterranea ou Voandzeia subterranea)
0713.34.10;Para semeadura (sementeira)
0713.34.90;Outros
0713.35;-- Feij o-fradinho (Vigna unguiculata)
0713.35.10;Para semeadura (sementeira)
0713.35.90;Outros
0713.39;-- Outros
0713.39.10;Para semeadura (sementeira)
0713.39.90;Outros
0713.40;- Lentilhas
0713.40.10;Para semeadura (sementeira)
0713.40.90;Outras
0713.50;- Favas (Vicia faba var. major) e fava forrageira (Vicia faba var. equina, Vicia faba var. minor)
0713.50.10;Para semeadura (sementeira)
0713.50.90;Outras
0713.60;- Feij o-guando (ervilha-de-angola) (Cajanus cajan)
0713.60.10;Para semeadura (sementeira)
0713.60.90;Outros
0713.90;- Outros
0713.90.10;Para semeadura (sementeira)
0713.90.90;Outros
07.14;"Ra zes de mandioca, de araruta e de salepo, tupinambos, batatas-doces e ra zes ou tub rculos semelhantes, com elevado teor de f cula ou de inulina, frescos, refrigerados, congelados ou secos, mesmo cortados em peda os ou em pellets; medula de sagueiro."
0714.10.00;- Ra zes de mandioca
0714.20.00;- Batatas-doces
0714.30.00;- Inhames (Dioscorea spp.)
0714.40.00;- Taros (inhames-brancos) (Colocasia spp.)
0714.50.00;- Mangaritos (Orelhas-de-elefante*) (Xanthosoma spp.)
0714.90.00;- Outros
08;"Fruta; cascas de citros (citrinos) e de mel es."
08.01;Cocos, castanha-do-brasil (castanha-do-par ) e castanha-de-caju, frescos ou secos, mesmo com casca ou pelados.
0801.1;- Cocos:
0801.11.00;-- Dessecados
0801.12.00;-- Na casca interna (endocarpo)
0801.19.00;-- Outros
0801.2;- Castanha-do-brasil (castanha-do-par ):
0801.21.00;-- Com casca
0801.22.00;-- Sem casca
0801.3;- Castanha-de-caju:
0801.31.00;-- Com casca
0801.32.00;-- Sem casca
08.02;Outra fruta de casca rija, fresca ou seca, mesmo com casca ou pelada.
0802.1;- Am ndoas:
0802.11.00;-- Com casca
0802.12.00;-- Sem casca
0802.2;- Avel s (Corylus spp.):
0802.21.00;-- Com casca
0802.22.00;-- Sem casca
0802.3;- Nozes:
0802.31.00;-- Com casca
0802.32.00;-- Sem casca
0802.4;- Castanhas (Castanea spp.):
0802.41.00;-- Com casca
0802.42.00;-- Sem casca
0802.5;- Pist cios:
0802.51.00;-- Com casca
0802.52.00;-- Sem casca
0802.6;- Nozes-macad mia:
0802.61.00;-- Com casca
0802.62.00;-- Sem casca
0802.70.00;- Nozes-de-cola (Cola spp.)
0802.80.00;- Nozes-de-areca (nozes de b tele)
0802.9;- Outra:
0802.91.00;-- Pinh es, com casca
0802.92.00;-- Pinh es, sem casca
0802.99.00;-- Outra
08.03;Bananas, incluindo as bananas-da-terra (bananas-p o*) (pl tanos*), frescas ou secas.
0803.10.00;- Bananas-da-terra (Bananas-p o*) (Pl tanos*)
0803.90.00;- Outras
08.04;T maras, figos, abacaxis (ananases), abacates, goiabas, mangas e mangost es, frescos ou secos.
0804.10;- T maras
0804.10.10;Frescas
0804.10.20;Secas
0804.20;- Figos
0804.20.10;Frescos
0804.20.20;Secos
0804.30.00;- Abacaxis (ananases)
0804.40.00;- Abacates
0804.50;- Goiabas, mangas e mangost es
0804.50.10;Goiabas
0804.50.20;Mangas
0804.50.30;Mangost es
08.05;Citros (citrinos), frescos ou secos.
0805.10.00;- Laranjas
0805.2;"- Mandarinas (incluindo as tangerinas e as satsumas); clementinas, wilkings e citros (citrinos) h bridos semelhantes:"
0805.21.00;-- Mandarinas (incluindo as tangerinas e as satsumas)
0805.22.00;-- Clementinas
0805.29.00;-- Outros
0805.40.00;- Toranjas e pomelos
0805.50.00;- Lim es (Citrus limon, Citrus limonum) e limas (Citrus aurantifolia, Citrus latifolia)
0805.90.00;- Outros
08.06;Uvas frescas ou secas (passas).
0806.10.00;- Frescas
0806.20.00;- Secas (passas)
08.07;Mel es, melancias e mam es (papaias), frescos.
0807.1;- Mel es e melancias:
0807.11.00;-- Melancias
0807.19.00;-- Outros
0807.20.00;- Mam es (papaias)
08.08;Ma  s, peras e marmelos, frescos.
0808.10.00;- Ma  s
0808.30.00;- Peras
0808.40.00;- Marmelos
08.09;Damascos, cerejas, p ssegos (incluindo as nectarinas), ameixas e abrunhos, frescos.
0809.10.00;- Damascos
0809.2;- Cerejas:
0809.21.00;-- Ginjas (Prunus cerasus)
0809.29.00;-- Outras
0809.30;- P ssegos, incluindo as nectarinas
0809.30.10;P ssegos, excluindo as nectarinas
0809.30.20;Nectarinas
0809.40.00;- Ameixas e abrunhos
08.10;Outra fruta fresca.
0810.10.00;- Morangos
0810.20.00;- Framboesas, amoras, incluindo as silvestres, e amoras-framboesas
0810.30.00;- Groselhas, incluindo o cassis
0810.40.00;- Airelas, mirtilos e outra fruta do g nero Vaccinium
0810.50.00;- Kiwis (quivis)
0810.60.00;- Duri es (duriangos)
0810.70.00;- Caquis (di spiros)
0810.90;- Outra
0810.90.1;Carambolas (Averrhoa carambola), anonas e outras frutas do g nero Annona, jacas (Artocarpus heterophyllus), lichias (Litchi chinensis), maracuj s (Passiflora edulis), pitaias (Hylocereus spp., Selenicereus undatus) e tamarindos (Tamarindus indica)
0810.90.11;Carambolas (Averrhoa carambola)
0810.90.12;Anonas e outras frutas do g nero Annona
0810.90.13;Jacas (Artocarpus heterophyllus)
0810.90.14;Lechias (Litchi chinensis)
0810.90.15;Maracuj s (Passiflora edulis)
0810.90.16;Pitaias (Hylocereus spp., Selenicereus undatus)
0810.90.17;Tamarindos (Tamarindus indica)
0810.90.90;Outra
08.11;Fruta, n o cozida ou cozida em  gua ou vapor, congelada, mesmo adicionada de a  car ou de outros edulcorantes.
0811.10.00;- Morangos
0811.20.00;- Framboesas, amoras, incluindo as silvestres, amoras-framboesas e groselhas
0811.90.00;- Outra
08.12;Fruta conservada transitoriamente, mas impr pria para alimenta  o nesse estado.
0812.10.00;- Cerejas
0812.90.00;- Outra
08.13;"Fruta seca, exceto a das posi  es 08.01 a 08.06; misturas de fruta seca ou de fruta de casca rija, do presente Cap tulo."
0813.10.00;- Damascos
0813.20;- Ameixas
0813.20.10;Com caro o
0813.20.20;Sem caro o
0813.30.00;- Ma  s
0813.40;- Outra fruta
0813.40.10;Peras
0813.40.90;Outra
0813.50.00;- Misturas de fruta seca ou de fruta de casca rija, do presente Cap tulo
0814.00.00;Cascas de citros (citrinos), de mel es ou de melancias, frescas, secas, congeladas ou apresentadas em  gua salgada, sulfurada ou adicionada de outras subst ncias destinadas a assegurar transitoriamente a sua conserva  o.
09;Caf , ch , mate e especiarias.
09.01;"Caf , mesmo torrado ou descafeinado; cascas e pel culas de caf ; suced neos do caf  que contenham caf  em qualquer propor  o."
0901.1;- Caf  n o torrado:
0901.11;-- N o descafeinado
0901.11.10;Em gr o
0901.11.90;Outros
0901.12.00;-- Descafeinado
0901.2;- Caf  torrado:
0901.21.00;-- N o descafeinado
0901.22.00;-- Descafeinado
0901.90.00;- Outros
09.02;Ch , mesmo aromatizado.
0902.10.00;- Ch  verde (n o fermentado) em embalagens imediatas de conte do n o superior a 3 kg
0902.20.00;- Ch  verde (n o fermentado) apresentado de qualquer outra forma
0902.30.00;- Ch  preto (fermentado) e ch  parcialmente fermentado, em embalagens imediatas de conte do n o superior a 3 kg
0902.40.00;- Ch  preto (fermentado) e ch  parcialmente fermentado, apresentados de qualquer outra forma
0903.00;Mate.
0903.00.10;Simplesmente cancheado
0903.00.90;Outros
09.04;"Pimenta do g nero Piper; piment es (pimentos) e pimentas do g nero Capsicum ou do g nero Pimenta, secos ou triturados ou em p ."
0904.1;- Pimenta do g nero Piper:
0904.11.00;-- N o triturada nem em p 
0904.12.00;-- Triturada ou em p 
0904.2;- Piment es (pimentos) e pimentas do g nero Capsicum ou do g nero Pimenta:
0904.21.00;-- Secos, n o triturados nem em p 
0904.22.00;-- Triturados ou em p 
09.05;Baunilha.
0905.10.00;- N o triturada nem em p 
0905.20.00;- Triturada ou em p 
09.06;Canela e flores de caneleira.
0906.1;- N o trituradas nem em p :
0906.11.00;-- Canela (Cinnamomum zeylanicum blume)
0906.19.00;-- Outras
0906.20.00;- Trituradas ou em p 
09.07;Cravo-da- ndia (frutos, flores e ped nculos).
0907.10.00;- N o triturado nem em p 
0907.20.00;- Triturado ou em p 
09.08;Noz-moscada, macis, amomos e cardamomos.
0908.1;- Noz-moscada:
0908.11.00;-- N o triturada nem em p 
0908.12.00;-- Triturada ou em p 
0908.2;- Macis:
0908.21.00;-- N o triturado nem em p 
0908.22.00;-- Triturado ou em p 
0908.3;- Amomos e cardamomos:
0908.31.00;-- N o triturados nem em p 
0908.32.00;-- Triturados ou em p 
09.09;"Sementes de anis (erva-doce), badiana (anis-estrelado), funcho, coentro, cominho ou alcaravia; bagas de zimbro."
0909.2;- Sementes de coentro:
0909.21.00;-- N o trituradas nem em p 
0909.22.00;-- Trituradas ou em p 
0909.3;- Sementes de cominho:
0909.31.00;-- N o trituradas nem em p 
0909.32.00;-- Trituradas ou em p 
0909.6;"- Sementes de anis (erva-doce), badiana (anis-estrelado), funcho ou alcaravia; bagas de zimbro:"
0909.61;-- N o trituradas nem em p 
0909.61.10;De anis (erva-doce)
0909.61.20;De badiana (anis-estrelado)
0909.61.90;Outras
0909.62;-- Trituradas ou em p 
0909.62.10;De anis (erva-doce)
0909.62.20;De badiana (anis-estrelado)
0909.62.90;Outras
09.10;Gengibre, a afr o, c rcuma, tomilho, louro, caril e outras especiarias.
0910.1;- Gengibre:
0910.11.00;-- N o triturado nem em p 
0910.12.00;-- Triturado ou em p 
0910.20.00;- A afr o
0910.30.00;- C rcuma
0910.9;- Outras especiarias:
0910.91.00;-- Misturas mencionadas na Nota 1 b) do presente Cap tulo
0910.99.00;-- Outras
10;Cereais.
10.01;Trigo e mistura de trigo com centeio (m teil).
1001.1;- Trigo duro:
1001.11.00;-- Para semeadura (sementeira)
1001.19.00;-- Outros
1001.9;- Outros:
1001.91.00;-- Para semeadura (sementeira)
1001.99.00;-- Outros
10.02;Centeio.
1002.10.00;- Para semeadura (sementeira)
1002.90.00;- Outros
10.03;Cevada.
1003.10.00;- Para semeadura (sementeira)
1003.90;- Outras
1003.90.10;Cervejeira
1003.90.80;Outras, em gr o
1003.90.90;Outras
10.04;Aveia.
1004.10.00;- Para semeadura (sementeira)
1004.90.00;- Outras
10.05;Milho.
1005.10.00;- Para semeadura (sementeira)
1005.90;- Outros
1005.90.10;Em gr o
1005.90.90;Outros
10.06;Arroz.
1006.10;- Arroz com casca (arroz paddy)
1006.10.10;Para semeadura (sementeira)
1006.10.9;Outros
1006.10.91;Parboilizado
1006.10.92;N o parboilizado
1006.20;- Arroz descascado (arroz cargo ou castanho)
1006.20.10;Parboilizado
1006.20.20;N o parboilizado
1006.30;- Arroz semibranqueado ou branqueado, mesmo polido ou brunido (glaciado*)
1006.30.1;Parboilizado
1006.30.11;Polido ou brunido
1006.30.19;Outros
1006.30.2;N o parboilizado
1006.30.21;Polido ou brunido
1006.30.29;Outros
1006.40.00;- Arroz quebrado (Trinca de arroz*)
10.07;Sorgo de gr o.
1007.10.00;- Para semeadura (sementeira)
1007.90.00;- Outros
10.08;"Trigo mourisco, pain o e alpiste; outros cereais."
1008.10;- Trigo mourisco
1008.10.10;Para semeadura (sementeira)
1008.10.90;Outros
1008.2;- Pain o:
1008.21;-- Para semeadura (sementeira)
1008.21.10;Milheto (Pennisetum glaucum)
1008.21.90;Outros
1008.29;-- Outros
1008.29.10;Milheto (Pennisetum glaucum)
1008.29.90;Outros
1008.30;- Alpiste
1008.30.10;Para semeadura (sementeira)
1008.30.90;Outros
1008.40;- Milh  (Digitaria spp.)
1008.40.10;Para semeadura (sementeira)
1008.40.90;Outros
1008.50;- Quinoa (Chenopodium quinoa)
1008.50.10;Para semeadura (sementeira)
1008.50.90;Outros
1008.60;- Triticale
1008.60.10;Para semeadura (sementeira)
1008.60.90;Outros
1008.90;- Outros cereais
1008.90.10;Para semeadura (sementeira)
1008.90.90;Outros
11;"Produtos da ind stria de moagem; malte; amidos e f culas; inulina; gl ten de trigo."
1101.00;Farinhas de trigo ou de mistura de trigo com centeio (m teil).
1101.00.10;De trigo
1101.00.20;De mistura de trigo com centeio (m teil)
11.02;Farinhas de cereais, exceto de trigo ou de mistura de trigo com centeio (m teil).
1102.20.00;- Farinha de milho
1102.90.00;- Outras
11.03;Grumos, s molas e pellets, de cereais.
1103.1;- Grumos e s molas:
1103.11.00;-- De trigo
1103.13.00;-- De milho
1103.19.00;-- De outros cereais
1103.20.00;- Pellets
11.04;"Gr os de cereais trabalhados de outro modo (por exemplo, descascados, esmagados, em flocos, em p rolas, cortados ou partidos), com exclus o do arroz da posi  o 10.06; germes de cereais, inteiros, esmagados, em flocos ou mo dos."
1104.1;- Gr os esmagados ou em flocos:
1104.12.00;-- De aveia
1104.19.00;-- De outros cereais
1104.2;- Outros gr os trabalhados (por exemplo, descascados, em p rolas, cortados ou partidos):
1104.22.00;-- De aveia
1104.23.00;-- De milho
1104.29.00;-- De outros cereais
1104.30.00;- Germes de cereais, inteiros, esmagados, em flocos ou mo dos
11.05;Farinha, s mola, p , flocos, gr nulos e pellets, de batata.
1105.10.00;- Farinha, s mola e p 
1105.20.00;- Flocos, gr nulos e pellets
11.06;Farinhas, s molas e p s, dos legumes de vagem, secos, da posi  o 07.13, de sagu ou das ra zes ou tub rculos da posi  o 07.14 e dos produtos do Cap tulo 8.
1106.10.00;- Dos legumes de vagem, secos, da posi  o 07.13
1106.20.00;- De sagu ou das ra zes ou tub rculos, da posi  o 07.14
1106.30.00;- Dos produtos do Cap tulo 8
11.07;Malte, mesmo torrado.
1107.10;- N o torrado
1107.10.10;Inteiro ou partido
1107.10.20;Mo do ou em farinha
1107.20;- Torrado
1107.20.10;Inteiro ou partido
1107.20.20;Mo do ou em farinha
11.08;"Amidos e f culas; inulina."
1108.1;- Amidos e f culas:
1108.11.00;-- Amido de trigo
1108.12.00;-- Amido de milho
1108.13.00;-- F cula de batata
1108.14.00;-- F cula de mandioca
1108.19.00;-- Outros amidos e f culas
1108.20.00;- Inulina
1109.00.00;Gl ten de trigo, mesmo seco.
12;"Sementes e frutos oleaginosos; gr os, sementes e frutos diversos; plantas industriais ou medicinais; palhas e forragens."
12.01;Soja, mesmo triturada.
1201.10.00;- Para semeadura (sementeira)
1201.90.00;- Outras
12.02;Amendoins n o torrados nem de outro modo cozidos, mesmo descascados ou triturados.
1202.30.00;- Para semeadura (sementeira)
1202.4;- Outros:
1202.41.00;-- Com casca
1202.42.00;-- Descascados, mesmo triturados
1203.00.00;Copra.
1204.00;Linha a (sementes de linho), mesmo triturada.
1204.00.10;Para semeadura (sementeira)
1204.00.90;Outras
12.05;Sementes de nabo silvestre ou de colza, mesmo trituradas.
1205.10;- Sementes de nabo silvestre ou de colza com baixo teor de  cido er cico
1205.10.10;Para semeadura (sementeira)
1205.10.90;Outras
1205.90;- Outras
1205.90.10;Para semeadura (sementeira)
1205.90.90;Outras
1206.00;Sementes de girassol, mesmo trituradas.
1206.00.10;Para semeadura (sementeira)
1206.00.90;Outras
12.07;Outras sementes e frutos oleaginosos, mesmo triturados.
1207.10;- Nozes e am ndoas de palma (palmiste) (coconote)
1207.10.10;Para semeadura (sementeira)
1207.10.90;Outras
1207.2;- Sementes de algod o:
1207.21.00;-- Para semeadura (sementeira)
1207.29.00;-- Outras
1207.30;- Sementes de r cino (mamona)
1207.30.10;Para semeadura (sementeira)
1207.30.90;Outras
1207.40;- Sementes de gergelim (s samo)
1207.40.10;Para semeadura (sementeira)
1207.40.90;Outras
1207.50;- Sementes de mostarda
1207.50.10;Para semeadura (sementeira)
1207.50.90;Outras
1207.60;- Sementes de c rtamo (Carthamus tinctorius)
1207.60.10;Para semeadura (sementeira)
1207.60.90;Outras
1207.70;- Sementes de mel o
1207.70.10;Para semeadura (sementeira)
1207.70.90;Outras
1207.9;- Outros:
1207.91;-- Sementes de dormideira (papoula)
1207.91.10;Para semeadura (sementeira)
1207.91.90;Outras
1207.99;-- Outros
1207.99.10;Para semeadura (sementeira)
1207.99.90;Outros
12.08;Farinhas de sementes ou de frutos oleaginosos, exceto farinha de mostarda.
1208.10.00;- De soja
1208.90.00;- Outras
12.09;Sementes, frutos e esporos, para semeadura (sementeira).
1209.10.00;- Sementes de beterraba sacarina
1209.2;- Sementes de plantas forrageiras:
1209.21.00;-- Sementes de alfafa (luzerna)
1209.22.00;-- Sementes de trevo (Trifolium spp.)
1209.23.00;-- Sementes de festuca
1209.24.00;-- Sementes de pasto dos prados de Kentucky (Poa pratensis L.)
1209.25.00;-- Sementes de azev m (Lolium multiflorum Lam., Lolium perenne L.)
1209.29.00;-- Outras
1209.30.00;- Sementes de plantas herb ceas cultivadas especialmente pelas suas flores
1209.9;- Outros:
1209.91.00;-- Sementes de produtos hort colas
1209.99.00;-- Outros
12.10;"Cones de l pulo, frescos ou secos, mesmo triturados ou mo dos ou em pellets; lupulina."
1210.10.00;- Cones de l pulo, n o triturados nem mo dos nem em pellets
1210.20;"- Cones de l pulo, triturados ou mo dos ou em pellets; lupulina"
1210.20.10;Cones de l pulo
1210.20.20;Lupulina
12.11;Plantas, partes de plantas, sementes e frutos, das esp cies utilizadas principalmente em perfumaria, medicina ou como inseticidas, parasiticidas e semelhantes, frescos, refrigerados, congelados ou secos, mesmo cortados, triturados ou em p .
1211.20.00;- Ra zes de ginseng
1211.30.00;- Coca (folha de)
1211.40.00;- Palha de dormideira (papoula)
1211.50.00;-  fedra
1211.60.00;- Casca de cerejeira africana (Prunus africana)
1211.90;- Outros
1211.90.10;Or gano (Origanum vulgare)
1211.90.90;Outros
12.12;"Alfarroba, algas, beterraba sacarina e cana-de-a  car, frescas, refrigeradas, congeladas ou secas, mesmo em p ; caro os e am ndoas de frutos e outros produtos vegetais (incluindo as ra zes de chic ria n o torradas, da variedade Cichorium intybus sativum) utilizados principalmente na alimenta  o humana, n o especificados nem compreendidos noutras posi  es."
1212.2;- Algas:
1212.21.00;-- Pr prias para alimenta  o humana
1212.29.00;-- Outras
1212.9;- Outros:
1212.91.00;-- Beterraba sacarina
1212.92.00;-- Alfarroba
1212.93.00;-- Cana-de-a  car
1212.94.00;-- Ra zes de chic ria
1212.99;-- Outros
1212.99.10;Est via (Ka'a He'?) (Stevia rebaudiana)
1212.99.90;Outros
1213.00.00;Palhas e cascas de cereais, em bruto, mesmo picadas, mo das, prensadas ou em pellets.
12.14;Rutabagas, beterrabas forrageiras, ra zes forrageiras, feno, alfafa (luzerna), trevo, sanfeno, couves forrageiras, tremo o, ervilhaca e produtos forrageiros semelhantes, mesmo em pellets.
1214.10.00;- Farinha e pellets, de alfafa (luzerna)
1214.90.00;- Outros
13;Gomas, resinas e outros sucos e extratos vegetais.
13.01;"Goma-laca; gomas, resinas, gomas-resinas e oleorresinas (b lsamos, por exemplo), naturais."
1301.20.00;- Goma-ar bica
1301.90;- Outros
1301.90.10;Goma-laca
1301.90.90;Outros
13.02;"Sucos e extratos vegetais; mat rias p cticas, pectinatos e pectatos;  gar- gar e outros produtos mucilaginosos e espessantes, derivados dos vegetais, mesmo modificados."
1302.1;- Sucos e extratos vegetais:
1302.11;--  pio
1302.11.10;Concentrados de palha de papoula
1302.11.90;Outros
1302.12.00;-- De alca uz (regoliz)
1302.13.00;-- De l pulo
1302.14.00;-- De  fedra
1302.19;-- Outros
1302.19.10;De mam o (Carica papaya), seco
1302.19.20;"De semente de toranja; de semente de pomelo"
1302.19.30;De Ginkgo biloba, seco
1302.19.40;Valepotriatos
1302.19.50;De ginseng
1302.19.60;Silimarina
1302.19.9;Outros
1302.19.91;De p retro ou de ra zes de plantas que contenham rotenona
1302.19.99;Outros
1302.20;- Mat rias p cticas, pectinatos e pectatos
1302.20.10;Mat rias p cticas (pectinas)
1302.20.90;Outros
1302.3;- Produtos mucilaginosos e espessantes, derivados dos vegetais, mesmo modificados:
1302.31.00;--  gar- gar
1302.32;-- Produtos mucilaginosos e espessantes, de alfarroba, de sementes de alfarroba ou de sementes de guar, mesmo modificados
1302.32.1;De alfarroba ou de suas sementes
1302.32.11;Farinha de endosperma
1302.32.19;Outros
1302.32.20;De sementes de guar
1302.39;-- Outros
1302.39.10;Carragenina (musgo-de-irlanda)
1302.39.90;Outros
14;Mat rias para entran ar e outros produtos de origem vegetal, n o especificados nem compreendidos noutros Cap tulos.
14.01;Mat rias vegetais das esp cies principalmente utilizadas em cestaria ou espartaria (por exemplo, bambus, rotins, canas, juncos, vimes, r fia, palha de cereais limpa, branqueada ou tingida, casca de t lia).
1401.10.00;- Bambus
1401.20.00;- Rotins
1401.90.00;- Outras
14.04;Produtos vegetais n o especificados nem compreendidos noutras posi  es.
1404.20;- L nteres de algod o
1404.20.10;Em bruto
1404.20.90;Outros
1404.90;- Outros
1404.90.10;Mat rias vegetais das esp cies principalmente utilizadas na fabrica  o de vassouras, escovas, pinc is e artigos semelhantes (por exemplo, sorgo, pia aba, raiz de grama (relva), tampico), mesmo em torcidas ou em feixes
1404.90.90;Outros
15;"Gorduras e  leos animais, vegetais ou de origem microbiana e produtos da sua dissocia  o; gorduras aliment cias elaboradas; ceras de origem animal ou vegetal."
15.01;Gorduras de porco (incluindo a banha) e gorduras de aves, exceto as das posi  es 02.09 ou 15.03.
1501.10.00;- Banha
1501.20.00;- Outras gorduras de porco
1501.90.00;- Outras
15.02;Gorduras de animais das esp cies bovina, ovina ou caprina, exceto as da posi  o 15.03.
1502.10;- Sebo
1502.10.1;Bovino
1502.10.11;Em bruto
1502.10.12;Fundido (incluindo o premier jus)
1502.10.19;Outros
1502.10.90;Outros
1502.90.00;- Outras
1503.00.00;Estearina solar,  leo de banha de porco, oleoestearina, oleomargarina e  leo de sebo, n o emulsionados nem misturados, nem preparados de outro modo.
15.04;Gorduras,  leos e respectivas fra  es, de peixes ou de mam feros marinhos, mesmo refinados, mas n o quimicamente modificados.
1504.10;-  leos de f gados de peixes e respectivas fra  es
1504.10.1;De bacalhau
1504.10.11; leo em bruto
1504.10.19;Outros
1504.10.90;Outros
1504.20.00;- Gorduras e  leos de peixes e respectivas fra  es, exceto  leos de f gados
1504.30.00;- Gorduras e  leos de mam feros marinhos e respectivas fra  es
1505.00;Suarda e subst ncias gordas dela derivadas, incluindo a lanolina.
1505.00.10;Lanolina
1505.00.90;Outras
1506.00.00;Outras gorduras e  leos animais, e respectivas fra  es, mesmo refinados, mas n o quimicamente modificados.
15.07; leo de soja e respectivas fra  es, mesmo refinados, mas n o quimicamente modificados.
1507.10.00;-  leo em bruto, mesmo degomado
1507.90;- Outros
1507.90.1;Refinado
1507.90.11;Em recipientes com capacidade inferior ou igual a 5 l
1507.90.19;Outros
1507.90.90;Outros
15.08; leo de amendoim e respectivas fra  es, mesmo refinados, mas n o quimicamente modificados.
1508.10.00;-  leo em bruto
1508.90.00;- Outros
15.09;Azeite de oliva (oliveira) e respectivas fra  es, mesmo refinados, mas n o quimicamente modificados.
1509.20.00;- Azeite de oliva (oliveira) extra virgem
1509.30.00;- Azeite de oliva (oliveira) virgem
1509.40.00;- Outros azeites de oliva (oliveira) virgens
1509.90;- Outros
1509.90.10;Refinado
1509.90.90;Outros
15.10;Outros  leos e respectivas fra  es, obtidos exclusivamente a partir de azeitonas, mesmo refinados, mas n o quimicamente modificados, e misturas desses  leos ou fra  es com  leos ou fra  es da posi  o 15.09.
1510.10.00;-  leo de baga o de azeitona em bruto
1510.90.00;- Outros
15.11; leo de palma (dend ) e respectivas fra  es, mesmo refinados, mas n o quimicamente modificados.
1511.10.00;-  leo em bruto
1511.90.00;- Outros
15.12; leos de girassol, de c rtamo ou de algod o, e respectivas fra  es, mesmo refinados, mas n o quimicamente modificados.
1512.1;-  leos de girassol ou de c rtamo e respectivas fra  es:
1512.11;--  leos em bruto
1512.11.10;De girassol
1512.11.20;De c rtamo
1512.19;-- Outros
1512.19.1;De girassol
1512.19.11;Refinado, em recipientes com capacidade inferior ou igual a 5 l
1512.19.19;Outros
1512.19.20;De c rtamo
1512.2;-  leo de algod o e respectivas fra  es:
1512.21.00;--  leo em bruto, mesmo desprovido de gossipol
1512.29;-- Outros
1512.29.10;Refinado
1512.29.90;Outros
15.13; leos de coco (copra), de am ndoa de palma (palmiste) (coconote) ou de baba u, e respectivas fra  es, mesmo refinados, mas n o quimicamente modificados.
1513.1;-  leo de coco (copra) e respectivas fra  es:
1513.11.00;--  leo em bruto
1513.19.00;-- Outros
1513.2;-  leos de am ndoa de palma (palmiste) (coconote) ou de baba u, e respectivas fra  es:
1513.21;--  leos em bruto
1513.21.1;De am ndoa de palma (palmiste) (coconote)
1513.21.11;De coco mbocaya (Acrocomia totai)
1513.21.19;Outros
1513.21.20;De baba u
1513.29;-- Outros
1513.29.1;De am ndoa de palma (palmiste) (coconote)
1513.29.11;De coco mbocaya (Acrocomia totai)
1513.29.19;Outros
1513.29.20;De baba u
15.14; leos de nabo silvestre, de colza ou de mostarda, e respectivas fra  es, mesmo refinados, mas n o quimicamente modificados.
1514.1;-  leos de nabo silvestre ou de colza com baixo teor de  cido er cico, e respectivas fra  es:
1514.11.00;--  leos em bruto
1514.19;-- Outros
1514.19.10;Refinados
1514.19.90;Outros
1514.9;- Outros:
1514.91.00;--  leos em bruto
1514.99;-- Outros
1514.99.10;Refinados
1514.99.90;Outros
15.15;Outras gorduras e  leos vegetais (incluindo o  leo de jojoba) ou de origem microbiana e respectivas fra  es, fixos, mesmo refinados, mas n o quimicamente modificados.
1515.1;-  leo de linha a (sementes de linho) e respectivas fra  es:
1515.11.00;--  leo em bruto
1515.19.00;-- Outros
1515.2;-  leo de milho e respectivas fra  es:
1515.21.00;--  leo em bruto
1515.29;-- Outros
1515.29.10;Refinado, em recipientes com capacidade inferior ou igual a 5 l
1515.29.90;Outros
1515.30.00;-  leo de r cino (mamona) e respectivas fra  es
1515.50.00;-  leo de gergelim (s samo) e respectivas fra  es
1515.60.00;- Gorduras e  leos de origem microbiana e respectivas fra  es
1515.90;- Outros
1515.90.10; leo de jojoba e respectivas fra  es
1515.90.2; leo de tungue
1515.90.21;Em bruto
1515.90.22;Refinado
1515.90.90;Outros
15.16;Gorduras e  leos animais, vegetais ou de origem microbiana e respectivas fra  es, parcial ou totalmente hidrogenados, interesterificados, reesterificados ou elaidinizados, mesmo refinados, mas n o preparados de outro modo.
1516.10.00;- Gorduras e  leos animais e respectivas fra  es
1516.20.00;- Gorduras e  leos vegetais e respectivas fra  es
1516.30.00;- Gorduras e  leos de origem microbiana e respectivas fra  es
15.17;"Margarina; misturas ou prepara  es aliment cias de gorduras ou de  leos animais, vegetais ou de origem microbiana ou de fra  es das diferentes gorduras ou  leos do presente Cap tulo, exceto as gorduras e  leos aliment cios e respectivas fra  es da posi  o 15.16."
1517.10.00;- Margarina, exceto a margarina l quida
1517.90;- Outras
1517.90.10;Misturas de  leos refinados, em recipientes com capacidade inferior ou igual a 5 l
1517.90.90;Outras
1518.00;"Gorduras e  leos animais, vegetais ou de origem microbiana e respectivas fra  es, cozidos, oxidados, desidratados, sulfurados, aerados (soprados*), estandolizados ou modificados quimicamente por qualquer outro processo, com exclus o dos da posi  o 15.16; misturas ou prepara  es n o aliment cias, de gorduras ou de  leos animais, vegetais ou de origem microbiana ou de fra  es de diferentes gorduras ou  leos do presente Cap tulo, n o especificadas nem compreendidas noutras posi  es."
1518.00.10; leo vegetal epoxidado
1518.00.90;Outros
1520.00;"Glicerol em bruto;  guas e lix vias, glic ricas."
1520.00.10;Glicerol em bruto
1520.00.20; guas e lix vias, glic ricas
15.21;Ceras vegetais (exceto os triglicer deos), ceras de abelha ou de outros insetos e espermacete, mesmo refinados ou corados.
1521.10.00;- Ceras vegetais
1521.90;- Outros
1521.90.1;Cera de abelha
1521.90.11;Em bruto
1521.90.19;Outras
1521.90.90;Outros
1522.00.00;"D gras; res duos provenientes do tratamento das subst ncias gordas ou das ceras animais ou vegetais."
16;Prepara  es de carne, peixes, crust ceos, moluscos, outros invertebrados aqu ticos ou de insetos.
1601.00.00;"Enchidos e produtos semelhantes, de carne, miudezas, sangue ou de insetos; prepara  es aliment cias   base desses produtos."
16.02;Outras prepara  es e conservas de carne, miudezas, sangue ou de insetos.
1602.10.00;- Prepara  es homogeneizadas
1602.20.00;- De f gados de quaisquer animais
1602.3;- De aves da posi  o 01.05:
1602.31.00;-- De peruas e de perus
1602.32;-- De aves da esp cie Gallus domesticus
1602.32.10;Com conte do de carne ou de miudezas igual ou superior a 57 %, em peso, n o cozidas
1602.32.20;Com conte do de carne ou de miudezas igual ou superior a 57 %, em peso, cozidas
1602.32.30;Com conte do de carne ou de miudezas igual ou superior a 25 % e inferior a 57 %, em peso
1602.32.90;Outras
1602.39.00;-- Outras
1602.4;- Da esp cie su na:
1602.41.00;-- Pernas e respectivos peda os
1602.42.00;-- P s e respectivos peda os
1602.49.00;-- Outras, incluindo as misturas
1602.50.00;- Da esp cie bovina
1602.90.00;- Outras, incluindo as prepara  es de sangue de quaisquer animais
1603.00.00;Extratos e sucos de carne, peixes ou crust ceos, moluscos ou de outros invertebrados aqu ticos.
16.04;"Prepara  es e conservas de peixes; caviar e seus suced neos preparados a partir de ovas de peixe."
1604.1;- Peixes inteiros ou em peda os, exceto peixes picados:
1604.11.00;-- Salm es
1604.12.00;-- Arenques
1604.13;-- Sardinhas (Sardinha e sardinelas*) e anchoveta (espadilha*)
1604.13.10;Sardinhas
1604.13.90;Outros
1604.14;-- Atuns, bonito-listrado (gaiado*) e bonitos (Sarda spp.)
1604.14.10;Atuns
1604.14.20;Bonito-listrado
1604.14.30;Bonito-cachorro
1604.15.00;-- Cavalinhas (Sardas e cavalas*)
1604.16.00;-- Anchovas (Biqueir es*)
1604.17.00;-- Enguias
1604.18.00;-- Barbatanas de tubar o
1604.19.00;-- Outros
1604.20;- Outras prepara  es e conservas de peixes
1604.20.10;De atuns
1604.20.20;De bonito-listrado
1604.20.30;De sardinhas ou de anchoveta
1604.20.90;Outras
1604.3;- Caviar e seus suced neos:
1604.31.00;-- Caviar
1604.32.00;-- Suced neos do caviar
16.05;Crust ceos, moluscos e outros invertebrados aqu ticos, preparados ou em conservas.
1605.10.00;- Caranguejos
1605.2;- Camar es:
1605.21.00;-- N o acondicionados em recipientes hermeticamente fechados
1605.29.00;-- Outros
1605.30.00;- Lavagantes
1605.40.00;- Outros crust ceos
1605.5;- Moluscos:
1605.51.00;-- Ostras
1605.52.00;-- Vieiras, incluindo a americana
1605.53.00;-- Mexilh es
1605.54.00;-- S pias e lulas (Chocos e lulas*) (Chocos, chopos, potas e lulas*)
1605.55.00;-- Polvos
1605.56.00;-- Am ijoas, berbig es e arcas
1605.57.00;-- Abalones (Orelhas-do-mar*)
1605.58.00;-- Carac is, exceto os do mar
1605.59.00;-- Outros
1605.6;- Outros invertebrados aqu ticos:
1605.61.00;-- Pepinos-do-mar
1605.62.00;-- Ouri os-do-mar
1605.63.00;-- Medusas ( guas-vivas)
1605.69.00;-- Outros
17;A  cares e produtos de confeitaria.
17.01;A  cares de cana ou de beterraba e sacarose quimicamente pura, no estado s lido.
1701.1;- A  cares em bruto sem adi  o de aromatizantes ou de corantes:
1701.12.00;-- De beterraba
1701.13.00;-- A  car de cana mencionado na Nota de subposi  o 2 do presente Cap tulo
1701.14.00;-- Outros a  cares de cana
1701.9;- Outros:
1701.91.00;-- Adicionados de aromatizantes ou de corantes
1701.99.00;-- Outros
17.02;"Outros a  cares, incluindo a lactose, maltose, glicose e frutose (levulose), quimicamente puras, no estado s lido; xaropes de a  cares, sem adi  o de aromatizantes ou de corantes; suced neos do mel, mesmo misturados com mel natural; a  cares e mela os caramelizados."
1702.1;- Lactose e xarope de lactose:
1702.11.00;-- Que contenham, em peso, 99 % ou mais de lactose, expresso em lactose anidra, calculado sobre a mat ria seca
1702.19.00;-- Outros
1702.20.00;- A  car e xarope, de bordo ( cer)
1702.30;- Glicose e xarope de glicose, que n o contenham frutose (levulose) ou que contenham, em peso, no estado seco, menos de 20 % de frutose (levulose)
1702.30.1;Glicose
1702.30.11;Quimicamente pura
1702.30.19;Outra
1702.30.20;Xarope de glicose
1702.40;- Glicose e xarope de glicose, que contenham, em peso, no estado seco, um teor de frutose (levulose) igual ou superior a 20 % e inferior a 50 %, com exce  o do a  car invertido
1702.40.10;Glicose
1702.40.20;Xarope de glicose
1702.50.00;- Frutose (levulose) quimicamente pura
1702.60;- Outra frutose (levulose) e xarope de frutose (levulose), que contenham, em peso, no estado seco, um teor de frutose (levulose) superior a 50 %, com exce  o do a  car invertido
1702.60.10;Frutose (levulose)
1702.60.20;Xarope de frutose (levulose)
1702.90.00;- Outros, incluindo o a  car invertido e os outros a  cares e xaropes de a  cares, que contenham, em peso, no estado seco, 50 % de frutose (levulose)
17.03;Mela os resultantes da extra  o ou refina  o do a  car.
1703.10.00;- Mela os de cana
1703.90.00;- Outros
17.04;Produtos de confeitaria sem cacau (incluindo o chocolate branco).
1704.10.00;- Gomas de mascar (pastilhas el sticas), mesmo revestidas de a  car
1704.90;- Outros
1704.90.10;Chocolate branco
1704.90.20;Caramelos, confeitos, dropes, pastilhas, e produtos semelhantes
1704.90.90;Outros
18;Cacau e suas prepara  es.
1801.00.00;Cacau inteiro ou partido, em bruto ou torrado.
1802.00.00;Cascas, pel culas e outros desperd cios de cacau.
18.03;Pasta de cacau, mesmo desengordurada.
1803.10.00;- N o desengordurada
1803.20.00;- Total ou parcialmente desengordurada
1804.00.00;Manteiga, gordura e  leo, de cacau.
1805.00.00;Cacau em p , sem adi  o de a  car ou de outros edulcorantes.
18.06;Chocolate e outras prepara  es aliment cias que contenham cacau.
1806.10.00;- Cacau em p , com adi  o de a  car ou de outros edulcorantes
1806.20.00;- Outras prepara  es em blocos ou em barras, de peso superior a 2 kg, ou no estado l quido, em pasta, em p , gr nulos ou formas semelhantes, em recipientes ou embalagens imediatas de conte do superior a 2 kg
1806.3;- Outros, em tabletes, barras e paus:
1806.31;-- Recheados
1806.31.10;Chocolate
1806.31.20;Outras prepara  es
1806.32;-- N o recheados
1806.32.10;Chocolate
1806.32.20;Outras prepara  es
1806.90.00;- Outros
19;"Prepara  es   base de cereais, farinhas, amidos, f culas ou leite; produtos de pastelaria."
19.01;"Extratos de malte; prepara  es aliment cias de farinhas, grumos, s molas, amidos, f culas ou de extratos de malte, que n o contenham cacau ou que contenham menos de 40 %, em peso, de cacau, calculado sobre uma base totalmente desengordurada, n o especificadas nem compreendidas noutras posi  es; prepara  es aliment cias de produtos das posi  es 04.01 a 04.04, que n o contenham cacau ou que contenham menos de 5 %, em peso, de cacau, calculado sobre uma base totalmente desengordurada, n o especificadas nem compreendidas noutras posi  es."
1901.10;- Prepara  es para alimenta  o de lactentes e crian as de tenra idade, acondicionadas para venda a retalho
1901.10.10;Leite modificado
1901.10.20;Farinha l ctea
1901.10.30;  base de farinha, grumos, s mola ou amido
1901.10.90;Outras
1901.20;- Misturas e pastas para a prepara  o de produtos de padaria, pastelaria e da ind stria de bolachas e biscoitos, da posi  o 19.05
1901.20.10;Massa para a prepara  o de p o, sem adi  o de gr os ou sementes integrais, congelada
1901.20.20;Massa para a prepara  o de p o, com adi  o de gr os ou sementes integrais, congelada
1901.20.90;Outras
1901.90;- Outros
1901.90.10;Extrato de malte
1901.90.20;Doce de leite
1901.90.90;Outros
19.02;"Massas aliment cias, mesmo cozidas ou recheadas (de carne ou de outras subst ncias) ou preparadas de outro modo, tais como espaguete, macarr o, aletria, lasanha, nhoque, ravi li e canelone; cuscuz, mesmo preparado."
1902.1;- Massas aliment cias n o cozidas, nem recheadas, nem preparadas de outro modo:
1902.11.00;-- Que contenham ovos
1902.19.00;-- Outras
1902.20.00;- Massas aliment cias recheadas (mesmo cozidas ou preparadas de outro modo)
1902.30.00;- Outras massas aliment cias
1902.40.00;- Cuscuz
1903.00.00;Tapioca e seus suced neos preparados a partir de f culas, em flocos, grumos, gr os, p rolas ou formas semelhantes.
19.04;"Produtos   base de cereais, obtidos por expans o ou por torrefa  o (flocos de milho (corn flakes), por exemplo); cereais (exceto milho) em gr os ou sob a forma de flocos ou de outros gr os trabalhados (com exce  o da farinha, do grumo e da s mola), pr -cozidos ou preparados de outro modo, n o especificados nem compreendidos noutras posi  es."
1904.10.00;- Produtos   base de cereais, obtidos por expans o ou por torrefa  o
1904.20.00;- Prepara  es aliment cias obtidas a partir de flocos de cereais n o torrados ou de misturas de flocos de cereais n o torrados com flocos de cereais torrados ou expandidos
1904.30.00;- Trigo bulgur
1904.90.00;- Outros
19.05;"Produtos de padaria, pastelaria ou da ind stria de bolachas e biscoitos, mesmo adicionados de cacau; h stias, c psulas vazias para medicamentos, obreias, pastas secas de farinha, amido ou f cula, em folhas, e produtos semelhantes."
1905.10.00;- P o crocante denominado kn ckebrot
1905.20;- P o de especiarias
1905.20.10;Panetone
1905.20.90;Outros
1905.3;"- Bolachas e biscoitos, adicionados de edulcorantes; waffles e wafers:"
1905.31.00;-- Bolachas e biscoitos, adicionados de edulcorantes
1905.32.00;-- Waffles e wafers
1905.40.00;- Torradas (tostas), p o torrado e produtos semelhantes torrados
1905.90;- Outros
1905.90.10;P o de forma
1905.90.20;Bolachas e biscoitos
1905.90.90;Outros
20;Prepara  es de produtos hort colas, fruta ou de outras partes de plantas.
20.01;Produtos hort colas, fruta e outras partes comest veis de plantas, preparados ou conservados em vinagre ou em  cido ac tico.
2001.10.00;- Pepinos e pepininhos (cornichons)
2001.90.00;- Outros
20.02;Tomates preparados ou conservados, exceto em vinagre ou em  cido ac tico.
2002.10.00;- Tomates inteiros ou em peda os
2002.90.00;- Outros
20.03;Cogumelos e trufas, preparados ou conservados, exceto em vinagre ou em  cido ac tico.
2003.10.00;- Cogumelos do g nero Agaricus
2003.90.00;- Outros
20.04;Outros produtos hort colas preparados ou conservados, exceto em vinagre ou em  cido ac tico, congelados, com exce  o dos produtos da posi  o 20.06.
2004.10.00;- Batatas
2004.90.00;- Outros produtos hort colas e misturas de produtos hort colas
20.05;Outros produtos hort colas preparados ou conservados, exceto em vinagre ou em  cido ac tico, n o congelados, com exce  o dos produtos da posi  o 20.06.
2005.10.00;- Produtos hort colas homogeneizados
2005.20.00;- Batatas
2005.40.00;- Ervilhas (Pisum sativum)
2005.5;- Feij es (Vigna spp., Phaseolus spp.):
2005.51.00;-- Feij es em gr os
2005.59.00;-- Outros
2005.60.00;- Aspargos
2005.70.00;- Azeitonas
2005.80.00;- Milho doce (Zea mays var. saccharata)
2005.9;- Outros produtos hort colas e misturas de produtos hort colas:
2005.91.00;-- Brotos (rebentos) de bambu
2005.99.00;-- Outros
2006.00.00;Produtos hort colas, fruta, cascas de fruta e outras partes de plantas, conservados com a  car (passados por calda, gla ados ou cristalizados).
20.07;Doces, geleias, marmelades, pur s e pastas de fruta, obtidos por cozimento, mesmo com adi  o de a  car ou de outros edulcorantes.
2007.10.00;- Prepara  es homogeneizadas
2007.9;- Outros:
2007.91.00;-- De citros (citrinos)
2007.99;-- Outros
2007.99.10;Geleias e marmelades
2007.99.2;Pur s
2007.99.21;De a a  (Euterpe oleracea)
2007.99.22;De acerola (Malpighia spp.)
2007.99.23;De banana (Musa spp.)
2007.99.24;De goiaba (Psidium guajava)
2007.99.25;De manga (Mangifera indica)
2007.99.26;De cupua u (Theobroma grandiflorum)
2007.99.27;De mam o (papaia) (Carica papaya L.)
2007.99.29;Outros
2007.99.90;Outros
20.08;Fruta e outras partes comest veis de plantas, preparadas ou conservadas de outro modo, mesmo com adi  o de a  car ou de outros edulcorantes ou de  lcool, n o especificadas nem compreendidas noutras posi  es.
2008.1;- Fruta de casca rija, amendoins e outras sementes, mesmo misturados entre si:
2008.11.00;-- Amendoins
2008.19.00;-- Outros, incluindo as misturas
2008.20;- Abacaxis (ananases)
2008.20.10;Em  gua edulcorada, incluindo os xaropes
2008.20.90;Outros
2008.30.00;- Citros (citrinos)
2008.40;- Peras
2008.40.10;Em  gua edulcorada, incluindo os xaropes
2008.40.90;Outras
2008.50.00;- Damascos
2008.60;- Cerejas
2008.60.10;Em  gua edulcorada, incluindo os xaropes
2008.60.90;Outras
2008.70;- P ssegos, incluindo as nectarinas
2008.70.10;Em  gua edulcorada, incluindo os xaropes
2008.70.20;Polpa com valor Brix igual ou superior a 20
2008.70.90;Outros
2008.80.00;- Morangos
2008.9;- Outras, incluindo as misturas, com exclus o das da subposi  o 2008.19:
2008.91.00;-- Palmitos
2008.93.00;"-- Arandos vermelhos (cranberries) (Vaccinium macrocarpon, Vaccinium oxycoccos); airela vermelha (Vaccinium vitis-idaea)"
2008.97;-- Misturas
2008.97.10;Em  gua edulcorada, incluindo os xaropes
2008.97.90;Outras
2008.99.00;-- Outras
20.09;Sucos (sumos) de fruta (incluindo os mostos de uvas e a  gua de coco) ou de produtos hort colas, n o fermentados, sem adi  o de  lcool, mesmo com adi  o de a  car ou de outros edulcorantes.
2009.1;- Suco (sumo) de laranja:
2009.11.00;-- Congelado
2009.12.00;-- N o congelado, com valor Brix n o superior a 20
2009.19.00;-- Outros
2009.2;"- Suco (sumo) de toranja; suco (sumo) de pomelo:"
2009.21.00;-- Com valor Brix n o superior a 20
2009.29.00;-- Outros
2009.3;- Suco (sumo) de qualquer outro citro (citrino):
2009.31.00;-- Com valor Brix n o superior a 20
2009.39.00;-- Outros
2009.4;- Suco (sumo) de abacaxi (anan s):
2009.41.00;-- Com valor Brix n o superior a 20
2009.49.00;-- Outros
2009.50.00;- Suco (sumo) de tomate
2009.6;- Suco (sumo) de uva (incluindo os mostos de uvas):
2009.61.00;-- Com valor Brix n o superior a 30
2009.69.00;-- Outros
2009.7;- Suco (sumo) de ma  :
2009.71.00;-- Com valor Brix n o superior a 20
2009.79.00;-- Outros
2009.8;- Suco (sumo) de qualquer outra fruta ou produto hort cola:
2009.81.00;"-- Suco (sumo) de arando vermelho (cranberry) (Vaccinium macrocarpon, Vaccinium oxycoccos); suco (sumo) de airela vermelha (Vaccinium vitis-idaea)"
2009.89;-- Outros
2009.89.1;Suco (sumo) de p ssego, de acerola (Malpighia spp.) e de maracuj  (Passiflora edulis)
2009.89.11;De p ssego, com valor Brix igual ou superior a 60
2009.89.12;De acerola (Malpighia spp.)
2009.89.13;De maracuj  (Passiflora edulis)
2009.89.19;Outros
2009.89.2; gua de coco (Cocos nucifera)
2009.89.21;Com valor Brix n o superior a 7,4
2009.89.22;Com valor Brix superior a 7,4
2009.89.90;Outros
2009.90.00;- Misturas de sucos (sumos)
21;Prepara  es aliment cias diversas.
21.01;"Extratos, ess ncias e concentrados de caf , ch  ou mate e prepara  es   base destes produtos ou   base de caf , ch  ou mate; chic ria torrada e outros suced neos torrados do caf  e respectivos extratos, ess ncias e concentrados."
2101.1;- Extratos, ess ncias e concentrados de caf  e prepara  es   base destes extratos, ess ncias ou concentrados ou   base de caf :
2101.11;-- Extratos, ess ncias e concentrados
2101.11.10;Caf  sol vel, mesmo descafeinado
2101.11.90;Outros
2101.12.00;-- Prepara  es   base de extratos, ess ncias ou concentrados ou   base de caf 
2101.20;- Extratos, ess ncias e concentrados de ch  ou de mate e prepara  es   base destes extratos, ess ncias ou concentrados ou   base de ch  ou de mate
2101.20.10;De ch 
2101.20.20;De mate
2101.30.00;- Chic ria torrada e outros suced neos torrados do caf  e respectivos extratos, ess ncias e concentrados
21.02;"Leveduras (vivas ou mortas); outros microrganismos monocelulares mortos (exceto as vacinas da posi  o 30.02); p s para levedar, preparados."
2102.10;- Leveduras vivas
2102.10.10;Saccharomyces boulardii
2102.10.90;Outras
2102.20.00;"- Leveduras mortas; outros microrganismos monocelulares mortos"
2102.30.00;- P s para levedar, preparados
21.03;"Prepara  es para molhos e molhos preparados; condimentos e temperos compostos; farinha de mostarda e mostarda preparada."
2103.10;- Molho de soja
2103.10.10;Em embalagens imediatas de conte do inferior ou igual a 1 kg
2103.10.90;Outros
2103.20;- Ketchup e outros molhos de tomate
2103.20.10;Em embalagens imediatas de conte do inferior ou igual a 1 kg
2103.20.90;Outros
2103.30;- Farinha de mostarda e mostarda preparada
2103.30.10;Farinha de mostarda
2103.30.2;Mostarda preparada
2103.30.21;Em embalagens imediatas de conte do inferior ou igual a 1 kg
2103.30.29;Outras
2103.90;- Outros
2103.90.1;Maionese
2103.90.11;Em embalagens imediatas de conte do inferior ou igual a 1 kg
2103.90.19;Outra
2103.90.2;Condimentos e temperos, compostos
2103.90.21;Em embalagens imediatas de conte do inferior ou igual a 1 kg
2103.90.29;Outros
2103.90.9;Outros
2103.90.91;Em embalagens imediatas de conte do inferior ou igual a 1 kg
2103.90.99;Outros
21.04;"Prepara  es para caldos e sopas; caldos e sopas preparados; prepara  es aliment cias compostas homogeneizadas."
2104.10;"- Prepara  es para caldos e sopas; caldos e sopas preparados"
2104.10.1;Prepara  es para caldos e sopas
2104.10.11;Em embalagens imediatas de conte do inferior ou igual a 1 kg
2104.10.19;Outras
2104.10.2;Caldos e sopas preparados
2104.10.21;Em embalagens imediatas de conte do inferior ou igual a 1 kg
2104.10.29;Outros
2104.20.00;- Prepara  es aliment cias compostas homogeneizadas
2105.00;Sorvetes (gelados*), mesmo que contenham cacau.
2105.00.10;Em embalagens imediatas de conte do inferior ou igual a 2 kg
2105.00.90;Outros
21.06;Prepara  es aliment cias n o especificadas nem compreendidas noutras posi  es.
2106.10.00;- Concentrados de prote nas e subst ncias proteicas texturizadas
2106.90;- Outras
2106.90.10;Prepara  es do tipo utilizado para elabora  o de bebidas
2106.90.2;P s, inclusive com adi  o de a  car ou outro edulcorante, para a fabrica  o de pudins, cremes, sorvetes, flans, gelatinas ou prepara  es semelhantes
2106.90.21;Para a fabrica  o de pudins, em embalagens imediatas de conte do inferior ou igual a 1 kg
2106.90.29;Outros
2106.90.30;Suplementos alimentares
2106.90.40;Misturas   base de ascorbato de s dio e glucose pr prias para embutidos
2106.90.50;Gomas de mascar, sem a  car
2106.90.60;Caramelos, confeitos, pastilhas e produtos semelhantes, sem a  car
2106.90.90;Outras
22;Bebidas, l quidos alco licos e vinagres.
22.01;" guas, incluindo as  guas minerais, naturais ou artificiais, e as  guas gaseificadas, n o adicionadas de a  car ou de outros edulcorantes nem aromatizadas; gelo e neve."
2201.10.00;-  guas minerais e  guas gaseificadas
2201.90.00;- Outros
22.02; guas, incluindo as  guas minerais e as  guas gaseificadas, adicionadas de a  car ou de outros edulcorantes ou aromatizadas e outras bebidas n o alco licas, exceto sucos (sumos) de fruta ou de produtos hort colas da posi  o 20.09.
2202.10.00;-  guas, incluindo as  guas minerais e as  guas gaseificadas, adicionadas de a  car ou de outros edulcorantes ou aromatizadas
2202.9;- Outras:
2202.91.00;-- Cerveja sem  lcool
2202.99.00;-- Outras
2203.00.00;Cervejas de malte.
22.04;"Vinhos de uvas frescas, incluindo os vinhos enriquecidos com  lcool; mostos de uvas, excluindo os da posi  o 20.09."
2204.10;- Vinhos espumantes e vinhos espumosos
2204.10.10;Tipo champanha (champagne)
2204.10.90;Outros
2204.2;"- Outros vinhos; mostos de uvas cuja fermenta  o tenha sido impedida ou interrompida por adi  o de  lcool:"
2204.21.00;-- Em recipientes de capacidade n o superior a 2 l
2204.22;-- Em recipientes de capacidade superior a 2 l, mas n o superior a 10 l
2204.22.1;Vinhos
2204.22.11;Em recipientes de capacidade n o superior a 5 l
2204.22.19;Outros
2204.22.20;Mostos
2204.29;-- Outros
2204.29.10;Vinhos
2204.29.20;Mostos
2204.30.00;- Outros mostos de uvas
22.05;Vermutes e outros vinhos de uvas frescas aromatizados por plantas ou subst ncias arom ticas.
2205.10.00;- Em recipientes de capacidade n o superior a 2 l
2205.90.00;- Outros
2206.00;"Outras bebidas fermentadas (por exemplo, sidra, perada, hidromel, saqu ); misturas de bebidas fermentadas e misturas de bebidas fermentadas com bebidas n o alco licas, n o especificadas nem compreendidas noutras posi  es."
2206.00.10;Sidra
2206.00.90;Outras
22.07;" lcool et lico n o desnaturado, com um teor alco lico, em volume, igual ou superior a 80 % vol.;  lcool et lico e aguardentes, desnaturados, com qualquer teor alco lico."
2207.10;-  lcool et lico n o desnaturado, com um teor alco lico, em volume, igual ou superior a 80 % vol.
2207.10.10;Com um teor de  gua inferior ou igual a 1 % vol.
2207.10.90;Outros
2207.20;-  lcool et lico e aguardentes, desnaturados, com qualquer teor alco lico
2207.20.1; lcool et lico
2207.20.11;Com um teor de  gua inferior ou igual a 1 % vol.
2207.20.19;Outros
2207.20.20;Aguardente
22.08;" lcool et lico n o desnaturado, com um teor alco lico, em volume, inferior a 80 % vol.; aguardentes, licores e outras bebidas espirituosas."
2208.20.00;- Aguardentes de vinho ou de baga o, de uvas
2208.30;- U sques
2208.30.10;Com um teor alco lico, em volume, superior a 50 % vol., em recipientes de capacidade igual ou superior a 50 l
2208.30.20;Em embalagens de capacidade inferior ou igual a 2 l
2208.30.90;Outros
2208.40.00;- Rum e outras aguardentes provenientes da destila  o, ap s fermenta  o, de produtos da cana-de-a  car
2208.50.00;- Gim e genebra
2208.60.00;- Vodca
2208.70.00;- Licores
2208.90.00;- Outros
2209.00.00;Vinagres e seus suced neos obtidos a partir do  cido ac tico, para uso alimentar.
23;"Res duos e desperd cios das ind strias alimentares; alimentos preparados para animais."
23.01;"Farinhas, p s e pellets, de carnes, miudezas, peixes ou crust ceos, moluscos ou de outros invertebrados aqu ticos, impr prios para alimenta  o humana; torresmos."
2301.10;"- Farinhas, p s e pellets, de carnes ou de miudezas; torresmos"
2301.10.10;De carne
2301.10.90;Outros
2301.20;- Farinhas, p s e pellets, de peixes ou crust ceos, moluscos ou de outros invertebrados aqu ticos
2301.20.10;De peixes
2301.20.90;Outros
23.02;S meas, farelos e outros res duos, mesmo em pellets, da peneira  o, moagem ou de outros tratamentos de cereais ou de leguminosas.
2302.10.00;- De milho
2302.30;- De trigo
2302.30.10;Farelo
2302.30.90;Outros
2302.40.00;- De outros cereais
2302.50.00;- De leguminosas
23.03;Res duos da fabrica  o do amido e res duos semelhantes, polpas de beterraba, baga os de cana-de-a  car e outros desperd cios da ind stria do a  car, borras e desperd cios da ind stria da cerveja e das destilarias, mesmo em pellets.
2303.10.00;- Res duos da fabrica  o do amido e res duos semelhantes
2303.20.00;- Polpas de beterraba, baga os de cana-de-a  car e outros desperd cios da ind stria do a  car
2303.30.00;- Borras e desperd cios da ind stria da cerveja e das destilarias
2304.00;Tortas (baga os) e outros res duos s lidos, mesmo triturados ou em pellets, da extra  o do  leo de soja.
2304.00.10;Farinhas e pellets
2304.00.90;Outros
2305.00.00;Tortas (baga os) e outros res duos s lidos, mesmo triturados ou em pellets, da extra  o do  leo de amendoim.
23.06;Tortas (baga os) e outros res duos s lidos, mesmo triturados ou em pellets, da extra  o de gorduras ou  leos vegetais ou de origem microbiana, exceto os das posi  es 23.04 ou 23.05.
2306.10.00;- De sementes de algod o
2306.20.00;- De linha a (sementes de linho)
2306.30;- De sementes de girassol
2306.30.10;Tortas (baga os), farinhas e pellets
2306.30.90;Outros
2306.4;- De sementes de nabo silvestre ou de colza:
2306.41.00;-- Com baixo teor de  cido er cico
2306.49.00;-- Outros
2306.50.00;- De coco ou de copra
2306.60.00;- De nozes ou de am ndoas de palma (palmiste) (coconote)
2306.90;- Outros
2306.90.10;De germe de milho
2306.90.90;Outros
2307.00.00;"Borras de vinho; t rtaro em bruto."
2308.00.00;Mat rias vegetais e desperd cios vegetais, res duos e subprodutos vegetais, mesmo em pellets, do tipo utilizado na alimenta  o de animais, n o especificados nem compreendidos noutras posi  es.
23.09;Prepara  es do tipo utilizado na alimenta  o de animais.
2309.10.00;- Alimentos para c es ou gatos, acondicionados para venda a retalho
2309.90;- Outras
2309.90.10;Prepara  es destinadas a fornecer ao animal a totalidade dos elementos nutritivos necess rios para uma alimenta  o di ria racional e equilibrada (alimentos compostos completos)
2309.90.20;Prepara  es   base de sal iodado, farinha de ossos, farinha de concha, cobre e cobalto
2309.90.30;Bolachas e biscoitos
2309.90.40;Prepara  es que contenham diclazuril
2309.90.50;Prepara  es com um teor de cloridrato de ractopamina igual ou superior a 2 %, em peso, com suporte de farelo de soja
2309.90.60;Prepara  es que contenham xilanase e betagluconase, com suporte de farinha de trigo
2309.90.70;Prepara  es com um teor de vitamina B12 igual ou superior a 0,1 %, mas n o superior a 1 %, em peso, com suporte   base de carbonato de c lcio
2309.90.90;Outras
24;"Tabaco e seus suced neos manufaturados; produtos, mesmo com nicotina, destinados   inala  o sem combust o; outros produtos que contenham nicotina destinados   absor  o da nicotina pelo corpo humano."
24.01;"Tabaco n o manufaturado; desperd cios de tabaco."
2401.10;- Tabaco n o destalado
2401.10.10;Em folhas, sem secar nem fermentar
2401.10.20;Em folhas secas ou fermentadas tipo capeiro
2401.10.30;Em folhas secas em secador de ar quente (flue cured), do tipo Virg nia
2401.10.40;Em folhas secas, com um conte do de  leos vol teis superior a 0,2 %, em peso, do tipo turco
2401.10.90;Outros
2401.20;- Tabaco total ou parcialmente destalado
2401.20.10;Em folhas, sem secar nem fermentar
2401.20.20;Em folhas secas ou fermentadas tipo capeiro
2401.20.30;Em folhas secas em secador de ar quente (flue cured), do tipo Virg nia
2401.20.40;Em folhas secas (light air cured), do tipo Burley
2401.20.90;Outros
2401.30.00;- Desperd cios de tabaco
24.02;Charutos, cigarrilhas e cigarros, de tabaco ou dos seus suced neos.
2402.10.00;- Charutos e cigarrilhas, que contenham tabaco
2402.20.00;- Cigarros que contenham tabaco
2402.90.00;- Outros
24.03;"Outros produtos de tabaco e seus suced neos, manufaturados; tabaco ""homogeneizado"" ou ""reconstitu do""; extratos e molhos de tabaco."
2403.1;- Tabaco para fumar, mesmo que contenha suced neos do tabaco em qualquer propor  o:
2403.11.00;-- Tabaco para narguil  (cachimbo de  gua) mencionado na Nota de subposi  o 1 do presente Cap tulo
2403.19.00;-- Outros
2403.9;- Outros:
2403.91.00;"-- Tabaco ""homogeneizado"" ou ""reconstitu do"""
2403.99;-- Outros
2403.99.10;Extratos e molhos
2403.99.90;Outros
24.04;"Produtos que contenham tabaco, tabaco reconstitu do, nicotina ou suced neos do tabaco ou da nicotina, destinados   inala  o sem combust o; outros produtos que contenham nicotina destinados   absor  o da nicotina pelo corpo humano."
2404.1;- Produtos destinados   inala  o sem combust o:
2404.11.00;-- Que contenham tabaco ou tabaco reconstitu do
2404.12.00;-- Outros, que contenham nicotina
2404.19.00;-- Outros
2404.9;- Outros:
2404.91.00;-- Para aplica  o oral
2404.92.00;-- Para aplica  o percut nea
2404.99.00;-- Outros
25;"Sal; enxofre; terras e pedras; gesso, cal e cimento."
2501.00;"Sal (incluindo o sal de mesa e o sal desnaturado) e cloreto de s dio puro, mesmo em solu  o aquosa ou adicionados de agentes antiaglomerantes ou de agentes que assegurem uma boa fluidez;  gua do mar."
2501.00.1;Sal a granel, sem agregados
2501.00.11;Sal marinho
2501.00.19;Outros
2501.00.20;Sal de mesa
2501.00.90;Outros
2502.00.00;Piritas de ferro n o ustuladas.
2503.00;Enxofre de qualquer esp cie, exceto o enxofre sublimado, o precipitado e o coloidal.
2503.00.10;A granel
2503.00.90;Outros
25.04;Grafita natural.
2504.10.00;- Em p  ou em escamas
2504.90.00;- Outra
25.05;Areias naturais de qualquer esp cie, mesmo coradas, exceto areias metal feras do Cap tulo 26.
2505.10.00;- Areias siliciosas e areias quartzosas
2505.90.00;- Outras areias
25.06;"Quartzo (exceto areias naturais); quartzitos, mesmo desbastados ou simplesmente cortados,   serra ou por outro meio, em blocos ou placas de forma quadrada ou retangular."
2506.10.00;- Quartzo
2506.20.00;- Quartzitos
2507.00;Caulim (caulino) e outras argilas caul nicas, mesmo calcinados.
2507.00.10;Caulim (caulino)
2507.00.90;Outros
25.08;"Outras argilas (exceto argilas expandidas da posi  o 68.06), andaluzita, cianita, silimanita, mesmo calcinadas; mulita; barro cozido em p  (terra de chamotte) e terra de dinas."
2508.10.00;- Bentonita
2508.30.00;- Argilas refrat rias
2508.40;- Outras argilas
2508.40.10;Pl sticas, com um teor de Fe2O3, em peso, inferior a 1,5 % e com perda por calcina  o, em peso, superior a 12 %
2508.40.90;Outras
2508.50.00;- Andaluzita, cianita e silimanita
2508.60.00;- Mulita
2508.70.00;- Barro cozido em p  (terra de chamotte) e terra de dinas
2509.00.00;Cr .
25.10;Fosfatos de c lcio naturais, fosfatos aluminoc lcicos naturais e cr  fosfatado.
2510.10;- N o mo dos
2510.10.10;Fosfatos de c lcio naturais
2510.10.90;Outros
2510.20;- Mo dos
2510.20.10;Fosfatos de c lcio naturais
2510.20.90;Outros
25.11;"Sulfato de b rio natural (baritina); carbonato de b rio natural (witherita), mesmo calcinado, exceto o  xido de b rio da posi  o 28.16."
2511.10.00;- Sulfato de b rio natural (baritina)
2511.20.00;- Carbonato de b rio natural (witherita)
2512.00.00;Farinhas siliciosas f sseis (por exemplo, kieselguhr, tripolita, diatomita) e outras terras siliciosas an logas de densidade aparente n o superior a 1, mesmo calcinadas.
25.13;"Pedra-pomes; esmeril; corindo natural, granada natural e outros abrasivos naturais, mesmo tratados termicamente."
2513.10.00;- Pedra-pomes
2513.20.00;- Esmeril, corindo natural, granada natural e outros abrasivos naturais
2514.00.00;Ard sia, mesmo desbastada ou simplesmente cortada   serra ou por outro meio, em blocos ou placas de forma quadrada ou retangular.
25.15;M rmores, travertinos, granitos belgas e outras pedras calc rias de cantaria ou de constru  o, de densidade aparente igual ou superior a 2,5, e alabastro, mesmo desbastados ou simplesmente cortados   serra ou por outro meio, em blocos ou placas de forma quadrada ou retangular.
2515.1;- M rmores e travertinos:
2515.11.00;-- Em bruto ou desbastados
2515.12;-- Simplesmente cortados   serra ou por outro meio, em blocos ou placas de forma quadrada ou retangular
2515.12.10;M rmores
2515.12.20;Travertinos
2515.20.00;"- Granitos belgas e outras pedras calc rias de cantaria ou de constru  o; alabastro"
25.16;Granito, p rfiro, basalto, arenito (gr s) e outras pedras de cantaria ou de constru  o, mesmo desbastados ou simplesmente cortados   serra ou por outro meio, em blocos ou placas de forma quadrada ou retangular.
2516.1;- Granito:
2516.11.00;-- Em bruto ou desbastado
2516.12.00;-- Simplesmente cortado   serra ou por outro meio, em blocos ou placas de forma quadrada ou retangular
2516.20.00;- Arenito (gr s)
2516.90.00;- Outras pedras de cantaria ou de constru  o
25.17;"Calhaus, cascalho, pedras britadas, do tipo normalmente utilizado em concreto (bet o) ou para empedramento de estradas, de vias f rreas ou outros balastros, seixos rolados e s lex, mesmo tratados termicamente; macadame de esc rias de altos-fornos, de outras esc rias ou de res duos industriais semelhantes, mesmo que contenham mat rias inclu das na primeira parte do texto desta posi  o; tarmacadame; gr nulos, lascas e p s, das pedras das posi  es 25.15 ou 25.16, mesmo tratados termicamente."
2517.10.00;- Calhaus, cascalho, pedras britadas, do tipo normalmente utilizado em concreto (bet o) ou para empedramento de estradas, de vias f rreas ou outros balastros, seixos rolados e s lex, mesmo tratados termicamente
2517.20.00;- Macadame de esc rias de altos-fornos, de outras esc rias ou de res duos industriais semelhantes, mesmo que contenham mat rias inclu das na subposi  o 2517.10
2517.30.00;- Tarmacadame
2517.4;- Gr nulos, lascas e p s, das pedras das posi  es 25.15 ou 25.16, mesmo tratados termicamente:
2517.41.00;-- De m rmore
2517.49.00;-- Outros
25.18;Dolomita, mesmo sinterizada ou calcinada, incluindo a dolomita desbastada ou simplesmente cortada   serra ou por outro meio, em blocos ou placas de forma quadrada ou retangular.
2518.10.00;"- Dolomita n o calcinada nem sinterizada, denominada ""crua"""
2518.20.00;- Dolomita calcinada ou sinterizada
25.19;"Carbonato de magn sio natural (magnesita); magn sia eletrofundida; magn sia calcinada a fundo (sinterizada), mesmo que contenha pequenas quantidades de outros  xidos adicionados antes da sinteriza  o; outro  xido de magn sio, mesmo puro."
2519.10.00;- Carbonato de magn sio natural (magnesita)
2519.90;- Outros
2519.90.10;Magn sia eletrofundida
2519.90.90;Outros
25.20;"Gipsita; anidrita; gesso, mesmo corado ou adicionado de pequenas quantidades de aceleradores ou retardadores."
2520.10;"- Gipsita; anidrita"
2520.10.1;Gipsita
2520.10.11;Em peda os irregulares (pedras)
2520.10.19;Outros
2520.10.20;Anidrita
2520.20;- Gesso
2520.20.10;Mo do, apto para uso odontol gico
2520.20.90;Outros
2521.00.00;"Castinas; pedras calc rias utilizadas na fabrica  o de cal ou de cimento."
25.22;Cal viva, cal apagada e cal hidr ulica, com exclus o do  xido e do hidr xido de c lcio da posi  o 28.25.
2522.10.00;- Cal viva
2522.20.00;- Cal apagada
2522.30.00;- Cal hidr ulica
25.23;Cimentos hidr ulicos (incluindo os cimentos n o pulverizados, denominados clinkers), mesmo corados.
2523.10.00;- Cimentos n o pulverizados, denominados clinkers
2523.2;- Cimentos Portland:
2523.21.00;-- Cimentos brancos, mesmo corados artificialmente
2523.29;-- Outros
2523.29.10;Cimento comum
2523.29.90;Outros
2523.30.00;- Cimentos aluminosos
2523.90.00;- Outros cimentos hidr ulicos
25.24;Amianto.
2524.10.00;- Crocidolita
2524.90.00;- Outros
25.25;"Mica, incluindo a mica clivada em lamelas irregulares (splittings); desperd cios de mica."
2525.10.00;- Mica em bruto ou clivada em folhas ou lamelas irregulares (splittings)
2525.20.00;- Mica em p 
2525.30.00;- Desperd cios de mica
25.26;"Esteatita natural, mesmo desbastada ou simplesmente cortada   serra ou por outro meio, em blocos ou placas de forma quadrada ou retangular; talco."
2526.10.00;- N o triturados nem em p 
2526.20.00;- Triturados ou em p 
2528.00.00;"Boratos naturais e seus concentrados (calcinados ou n o), exceto boratos extra dos de salmouras naturais;  cido b rico natural com um teor m ximo de 85 % de H3BO3, em produto seco."
25.29;"Feldspato; leucita; nefelina e nefelina-sienito; espatofl or."
2529.10.00;- Feldspato
2529.2;- Espatofl or:
2529.21.00;-- Que contenha, em peso, 97 % ou menos de fluoreto de c lcio
2529.22.00;-- Que contenha, em peso, mais de 97 % de fluoreto de c lcio
2529.30.00;"- Leucita; nefelina e nefelina-sienito"
25.30;Mat rias minerais n o especificadas nem compreendidas noutras posi  es.
2530.10;- Vermiculita, perlita e cloritas, n o expandidas
2530.10.10;Perlita
2530.10.90;Outras
2530.20.00;- Kieserita, epsomita (sulfatos de magn sio naturais)
2530.90;- Outras
2530.90.10;Espodum nio
2530.90.20;Areia de zirc nio micronizada, pr pria para a prepara  o de esmaltes cer micos
2530.90.30;Minerais de metais das terras raras
2530.90.40;Terras corantes
2530.90.90;Outras
26;Min rios, esc rias e cinzas.
26.01;Min rios de ferro e seus concentrados, incluindo as piritas de ferro ustuladas (cinzas de piritas).
2601.1;- Min rios de ferro e seus concentrados, exceto as piritas de ferro ustuladas (cinzas de piritas):
2601.11.00;-- N o aglomerados
2601.12;-- Aglomerados
2601.12.10;Aglomerados por processo de peletiza  o, de di metro igual ou superior a 8 mm, mas n o superior a 18 mm
2601.12.20;Em briquetes de volume igual ou superior a 4 cm , mas n o superior a 60 cm 
2601.12.90;Outros
2601.20.00;- Piritas de ferro ustuladas (cinzas de piritas)
2602.00;Min rios de mangan s e seus concentrados, incluindo os min rios de mangan s ferruginosos e seus concentrados, de teor de mangan s de 20 % ou mais, em peso, sobre o produto seco.
2602.00.10;Aglomerados
2602.00.90;Outros
2603.00;Min rios de cobre e seus concentrados.
2603.00.10;Sulfetos
2603.00.90;Outros
2604.00.00;Min rios de n quel e seus concentrados.
2605.00.00;Min rios de cobalto e seus concentrados.
2606.00;Min rios de alum nio e seus concentrados.
2606.00.1;Bauxita
2606.00.11;N o calcinada
2606.00.12;Calcinada
2606.00.90;Outros
2607.00.00;Min rios de chumbo e seus concentrados.
2608.00;Min rios de zinco e seus concentrados.
2608.00.10;Sulfetos
2608.00.90;Outros
2609.00.00;Min rios de estanho e seus concentrados.
2610.00;Min rios de cromo e seus concentrados.
2610.00.10;Cromita
2610.00.90;Outros
2611.00.00;Min rios de tungst nio (volfr mio) e seus concentrados.
26.12;Min rios de ur nio ou de t rio, e seus concentrados.
2612.10.00;- Min rios de ur nio e seus concentrados
2612.20.00;- Min rios de t rio e seus concentrados
26.13;Min rios de molibd nio e seus concentrados.
2613.10;- Ustulados
2613.10.10;Molibdenita
2613.10.90;Outros
2613.90;- Outros
2613.90.10;Molibdenita
2613.90.90;Outros
2614.00;Min rios de tit nio e seus concentrados.
2614.00.10;Ilmenita
2614.00.90;Outros
26.15;Min rios de ni bio (col mbio), t ntalo, van dio ou de zirc nio, e seus concentrados.
2615.10;- Min rios de zirc nio e seus concentrados
2615.10.10;Badele ta
2615.10.20;Zirconita
2615.10.90;Outros
2615.90.00;- Outros
26.16;Min rios de metais preciosos e seus concentrados.
2616.10.00;- Min rios de prata e seus concentrados
2616.90.00;- Outros
26.17;Outros min rios e seus concentrados.
2617.10.00;- Min rios de antim nio e seus concentrados
2617.90.00;- Outros
2618.00.00;Esc ria de altos-fornos granulada (areia de esc ria) proveniente da fabrica  o de ferro fundido, ferro ou a o.
2619.00.00;Esc rias (exceto esc ria de altos-fornos granulada) e outros desperd cios da fabrica  o de ferro fundido, ferro ou a o.
26.20;Esc rias, cinzas e res duos (exceto os provenientes da fabrica  o de ferro fundido, ferro ou a o), que contenham metais, ars nio, ou os seus compostos.
2620.1;- Que contenham principalmente zinco:
2620.11.00;-- Mates de galvaniza  o
2620.19.00;-- Outros
2620.2;- Que contenham principalmente chumbo:
2620.21.00;-- Lamas (borras) de gasolina que contenham chumbo e lamas (borras) de compostos antidetonantes que contenham chumbo
2620.29.00;-- Outros
2620.30.00;- Que contenham principalmente cobre
2620.40.00;- Que contenham principalmente alum nio
2620.60.00;- Que contenham ars nio, merc rio, t lio ou suas misturas, do tipo utilizado para extra  o de ars nio ou destes metais ou para fabrica  o dos seus compostos qu micos
2620.9;- Outros:
2620.91.00;-- Que contenham antim nio, ber lio, c dmio, cromo ou suas misturas
2620.99;-- Outros
2620.99.10;Que contenham principalmente tit nio
2620.99.90;Outros
26.21;"Outras esc rias e cinzas, incluindo as cinzas de algas; cinzas e res duos provenientes da incinera  o de res duos municipais."
2621.10.00;- Cinzas e res duos provenientes da incinera  o de res duos municipais
2621.90;- Outras
2621.90.10;Cinzas de origem vegetal
2621.90.90;Outras
27;"Combust veis minerais,  leos minerais e produtos da sua destila  o; mat rias betuminosas; ceras minerais."
27.01;"Hulhas; briquetes, bolas em aglomerados e combust veis s lidos semelhantes, obtidos a partir da hulha."
2701.1;- Hulhas, mesmo em p , mas n o aglomeradas:
2701.11.00;-- Antracita
2701.12.00;-- Hulha betuminosa
2701.19.00;-- Outras hulhas
2701.20.00;- Briquetes, bolas em aglomerados e combust veis s lidos semelhantes, obtidos a partir da hulha
27.02;Linhitas, mesmo aglomeradas, exceto azeviche.
2702.10.00;- Linhitas, mesmo em p , mas n o aglomeradas
2702.20.00;- Linhitas aglomeradas
2703.00.00;Turfa (incluindo a turfa para cama de animais), mesmo aglomerada.
2704.00;"Coques e semicoques, de hulha, de linhita ou de turfa, mesmo aglomerados; carv o de retorta."
2704.00.1;Coques
2704.00.11;Com granulometria igual ou superior a 80 mm
2704.00.12;Com granulometria inferior a 80 mm
2704.00.90;Outros
2705.00.00;G s de hulha, g s de  gua, g s pobre (g s de ar) e gases semelhantes, exceto gases de petr leo e outros hidrocarbonetos gasosos.
2706.00.00;Alcatr es de hulha, de linhita ou de turfa e outros alcatr es minerais, mesmo desidratados ou parcialmente destilados, incluindo os alcatr es reconstitu dos.
27.07;" leos e outros produtos provenientes da destila  o dos alcatr es de hulha a alta temperatura; produtos an logos em que os constituintes arom ticos predominem, em peso, relativamente aos constituintes n o arom ticos."
2707.10.00;- Benzol (benzeno)
2707.20.00;- Toluol (tolueno)
2707.30.00;- Xilol (xilenos)
2707.40.00;- Naftaleno
2707.50;- Outras misturas de hidrocarbonetos arom ticos que destilem (incluindo as perdas) uma fra  o igual ou superior a 65 %, em volume, a 250  C, segundo o m todo ISO 3405 (equivalente ao m todo ASTM D 86)
2707.50.10;Misturas que contenham trimetilbenzenos e etiltoluenos, como componentes majorit rios
2707.50.90;Outras
2707.9;- Outros:
2707.91.00;--  leos de creosoto
2707.99;-- Outros
2707.99.10;Cres is
2707.99.90;Outros
27.08;Breu e coque de breu obtidos a partir do alcatr o de hulha ou de outros alcatr es minerais.
2708.10.00;- Breu
2708.20.00;- Coque de breu
2709.00; leos brutos de petr leo ou de minerais betuminosos.
2709.00.10;De petr leo
2709.00.90;Outros
27.10;" leos de petr leo ou de minerais betuminosos, exceto  leos brutos; prepara  es n o especificadas nem compreendidas noutras posi  es, que contenham, como constituintes b sicos, 70 % ou mais, em peso, de  leos de petr leo ou de minerais betuminosos; res duos de  leos."
2710.1;-  leos de petr leo ou de minerais betuminosos (exceto  leos brutos) e prepara  es n o especificadas nem compreendidas noutras posi  es, que contenham, como constituintes b sicos, 70 % ou mais, em peso, de  leos de petr leo ou de minerais betuminosos, exceto os que contenham biodiesel e exceto os res duos de  leos:
2710.12;--  leos leves e prepara  es
2710.12.10;Hexano comercial
2710.12.2;Misturas de alquilidenos
2710.12.21;Di-isobutileno
2710.12.29;Outras
2710.12.30;Aguarr s mineral (white spirit)
2710.12.4;Naftas
2710.12.41;Para petroqu mica
2710.12.49;Outras
2710.12.5;Gasolinas
2710.12.51;De avia  o
2710.12.59;Outras
2710.12.60;Mistura de hidrocarbonetos ac clicos e c clicos, saturados, derivados de fra  es de petr leo, que contenha, em peso, menos de 2 %, de hidrocarbonetos arom ticos, cuja curva de destila  o, segundo o m todo ISO 3405 (equivalente ao m todo ASTM D 86), apresenta um ponto inicial m nimo de 70  C e uma fra  o de destilado igual ou superior a 90 %, em volume, a 210  C
2710.12.90;Outros
2710.19;-- Outros
2710.19.1;Querosenes
2710.19.11;De avia  o
2710.19.19;Outros
2710.19.2;Outros  leos combust veis
2710.19.21;"""Gas leo"" ( leo diesel)"
2710.19.22;Fuel-oil
2710.19.29;Outros
2710.19.3; leos lubrificantes
2710.19.31;Sem aditivos
2710.19.32;Com aditivos
2710.19.9;Outros
2710.19.91; leos minerais brancos ( leos de vaselina ou de parafina)
2710.19.92;L quidos para transmiss es hidr ulicas
2710.19.93; leos para isolamento el trico
2710.19.94;Mistura de hidrocarbonetos ac clicos e c clicos, saturados, derivados de fra  es de petr leo, que contenha, em peso, menos de 2 %, de hidrocarbonetos arom ticos, que destila, segundo o m todo ISO 3405 (equivalente ao m todo ASTM D 86), uma fra  o inferior a 90 %, em volume, a 210  C com um ponto final m ximo de 360  C
2710.19.99;Outros
2710.20.00;-  leos de petr leo ou de minerais betuminosos (exceto  leos brutos) e prepara  es n o especificadas nem compreendidas noutras posi  es, que contenham, como constituintes b sicos, 70 % ou mais, em peso, de  leos de petr leo ou de minerais betuminosos, que contenham biodiesel, exceto os res duos de  leos
2710.9;- Res duos de  leos:
2710.91;-- Que contenham bifenilas policloradas (PCB), terfenilas policloradas (PCT) ou bifenilas polibromadas (PBB)
2710.91.10;Que contenham bifenilas policloradas (PCB) numa concentra  o igual ou superior a 50 mg/kg
2710.91.20;Outros, que contenham terfenilas policloradas (PCT) ou bifenilas polibromadas (PBB), mesmo que tamb m contenham bifenilas policloradas (PCB) numa concentra  o inferior a 50 mg/kg
2710.91.90;Outros
2710.99.00;-- Outros
27.11;G s de petr leo e outros hidrocarbonetos gasosos.
2711.1;- Liquefeitos:
2711.11.00;-- G s natural
2711.12;-- Propano
2711.12.10;Bruto
2711.12.90;Outros
2711.13.00;-- Butanos
2711.14.00;-- Etileno, propileno, butileno e butadieno
2711.19;-- Outros
2711.19.10;G s liquefeito de petr leo (GLP)
2711.19.90;Outros
2711.2;- No estado gasoso:
2711.21.00;-- G s natural
2711.29;-- Outros
2711.29.10;Butanos
2711.29.90;Outros
27.12;"Vaselina; parafina, cera de petr leo microcristalina, slack wax, ozocerite, cera de linhita, cera de turfa, outras ceras minerais e produtos semelhantes obtidos por s ntese ou por outros processos, mesmo corados."
2712.10.00;- Vaselina
2712.20.00;- Parafina que contenha, em peso, menos de 0,75 % de  leo
2712.90.00;- Outros
27.13;Coque de petr leo, betume de petr leo e outros res duos dos  leos de petr leo ou de minerais betuminosos.
2713.1;- Coque de petr leo:
2713.11.00;-- N o calcinado
2713.12.00;-- Calcinado
2713.20.00;- Betume de petr leo
2713.90.00;- Outros res duos dos  leos de petr leo ou de minerais betuminosos
27.14;"Betumes e asfaltos, naturais; xistos e areias betuminosos; asfaltitas e rochas asf lticas."
2714.10.00;- Xistos e areias betuminosos
2714.90.00;- Outros
2715.00.00;Misturas betuminosas   base de asfalto ou de betume naturais, de betume de petr leo, de alcatr o mineral ou de breu de alcatr o mineral (por exemplo, m stiques betuminosas e cut-backs).
2716.00.00;Energia el trica.
28;"Produtos qu micos inorg nicos; compostos inorg nicos ou org nicos de metais preciosos, de elementos radioativos, de metais das terras raras ou de is topos."
28.01;Fl or, cloro, bromo e iodo.
2801.10.00;- Cloro
2801.20;- Iodo
2801.20.10;Sublimado
2801.20.90;Outros
2801.30.00;"- Fl or; bromo"
2802.00.00;"Enxofre sublimado ou precipitado; enxofre coloidal."
2803.00;Carbono (negros de fumo e outras formas de carbono n o especificadas nem compreendidas noutras posi  es).
2803.00.1;Negros de fumo
2803.00.11;Negro de acetileno
2803.00.19;Outros
2803.00.90;Outros
28.04;Hidrog nio, gases raros e outros elementos n o met licos.
2804.10.00;- Hidrog nio
2804.2;- Gases raros:
2804.21.00;-- Arg nio ( rgon)
2804.29;-- Outros
2804.29.10;H lio l quido
2804.29.90;Outros
2804.30.00;- Nitrog nio (azoto)
2804.40.00;- Oxig nio
2804.50.00;"- Boro; tel rio"
2804.6;- Sil cio:
2804.61.00;-- Que contenha, em peso, pelo menos 99,99 % de sil cio
2804.69.00;-- Outro
2804.70;- F sforo
2804.70.10;Branco
2804.70.20;Vermelho ou amorfo
2804.70.30;Negro
2804.80.00;- Ars nio
2804.90.00;- Sel nio
28.05;"Metais alcalinos ou alcalinoterrosos; metais de terras raras, esc ndio e  trio, mesmo misturados ou ligados entre si; merc rio."
2805.1;- Metais alcalinos ou alcalinoterrosos:
2805.11.00;-- S dio
2805.12.00;-- C lcio
2805.19;-- Outros
2805.19.10;Estr ncio
2805.19.20;B rio
2805.19.90;Outros
2805.30;- Metais de terras raras, esc ndio e  trio, mesmo misturados ou ligados entre si
2805.30.10;Liga de c rio, com um teor de ferro inferior ou igual a 5 %, em peso (Mischmetal)
2805.30.90;Outros
2805.40.00;- Merc rio
28.06;"Cloreto de hidrog nio ( cido clor drico);  cido clorossulf rico."
2806.10;- Cloreto de hidrog nio ( cido clor drico)
2806.10.10;Em estado gasoso ou liquefeito
2806.10.20;Em solu  o aquosa
2806.20.00;-  cido clorossulf rico
2807.00;" cido sulf rico;  cido sulf rico fumante ( leum)."
2807.00.10; cido sulf rico
2807.00.20; cido sulf rico fumante ( leum)
2808.00;" cido n trico;  cidos sulfon tricos."
2808.00.10; cido n trico
2808.00.20; cidos sulfon tricos
28.09;"Pent xido de dif sforo;  cido fosf rico;  cidos polifosf ricos, de constitui  o qu mica definida ou n o."
2809.10.00;- Pent xido de dif sforo
2809.20;-  cido fosf rico e  cidos polifosf ricos
2809.20.1; cido fosf rico
2809.20.11;Com um teor de ferro inferior a 750 ppm
2809.20.19;Outros
2809.20.20; cidos metafosf ricos
2809.20.30; cido pirofosf rico
2809.20.90;Outros
2810.00;" xidos de boro;  cidos b ricos."
2810.00.10; cido ortob rico
2810.00.90;Outros
28.11;Outros  cidos inorg nicos e outros compostos oxigenados inorg nicos dos elementos n o met licos.
2811.1;- Outros  cidos inorg nicos:
2811.11.00;-- Fluoreto de hidrog nio ( cido fluor drico)
2811.12.00;-- Cianeto de hidrog nio ( cido cian drico ou  cido hidroci nico)
2811.19;-- Outros
2811.19.10; cido aminossulf nico ( cido sulf mico)
2811.19.20; cido fosf nico ( cido fosforoso)
2811.19.30; cido percl rico
2811.19.40;Fluor cidos e outros compostos de fl or
2811.19.90;Outros
2811.2;- Outros compostos oxigenados inorg nicos dos elementos n o met licos:
2811.21.00;-- Di xido de carbono
2811.22;-- Di xido de sil cio
2811.22.10;Obtido por precipita  o qu mica
2811.22.20;Tipo aerogel
2811.22.30;Gel de s lica
2811.22.90;Outros
2811.29;-- Outros
2811.29.10;Di xido de enxofre
2811.29.90;Outros
28.12;Halogenetos e oxialogenetos dos elementos n o met licos.
2812.1;- Cloretos e oxicloretos:
2812.11.00;-- Dicloreto de carbonila (fosg nio)
2812.12.00;-- Oxicloreto de f sforo
2812.13.00;-- Tricloreto de f sforo
2812.14.00;-- Pentacloreto de f sforo
2812.15.00;-- Monocloreto de enxofre
2812.16.00;-- Dicloreto de enxofre
2812.17.00;-- Cloreto de tionila
2812.19;-- Outros
2812.19.1;Cloretos
2812.19.11;Tricloreto de ars nio
2812.19.19;Outros
2812.19.20;Oxicloretos
2812.90.00;- Outros
28.13;"Sulfetos dos elementos n o met licos; trissulfeto de f sforo comercial."
2813.10.00;- Dissulfeto de carbono
2813.90;- Outros
2813.90.10;Pentassulfeto de dif sforo
2813.90.90;Outros
28.14;Amon aco anidro ou em solu  o aquosa (am nia).
2814.10.00;- Amon aco anidro
2814.20.00;- Amon aco em solu  o aquosa (am nia)
28.15;"Hidr xido de s dio (soda c ustica); hidr xido de pot ssio (potassa c ustica); per xidos de s dio ou de pot ssio."
2815.1;- Hidr xido de s dio (soda c ustica):
2815.11.00;-- S lido
2815.12.00;-- Em solu  o aquosa (lix via de soda c ustica)
2815.20.00;- Hidr xido de pot ssio (potassa c ustica)
2815.30.00;- Per xidos de s dio ou de pot ssio
28.16;"Hidr xido e per xido de magn sio;  xidos, hidr xidos e per xidos, de estr ncio ou de b rio."
2816.10;- Hidr xido e per xido de magn sio
2816.10.10;Hidr xido
2816.10.20;Per xido
2816.40;-  xidos, hidr xidos e per xidos, de estr ncio ou de b rio
2816.40.10;Hidr xido de b rio
2816.40.90;Outros
2817.00;" xido de zinco; per xido de zinco."
2817.00.10; xido de zinco (branco de zinco)
2817.00.20;Per xido de zinco
28.18;"Corindo artificial, de constitui  o qu mica definida ou n o;  xido de alum nio; hidr xido de alum nio."
2818.10;- Corindo artificial, de constitui  o qu mica definida ou n o
2818.10.10;Branco, que passe atrav s de uma peneira com abertura de malha de 63 micr metros (m crons) em propor  o superior a 90 %, em peso
2818.10.90;Outros
2818.20;-  xido de alum nio, exceto o corindo artificial
2818.20.10;Alumina calcinada
2818.20.90;Outros
2818.30.00;- Hidr xido de alum nio
28.19; xidos e hidr xidos de cromo.
2819.10.00;- Tri xido de cromo
2819.90;- Outros
2819.90.10; xidos
2819.90.20;Hidr xidos
28.20; xidos de mangan s.
2820.10;- Di xido de mangan s
2820.10.10;Com um teor de MnO2 igual ou superior a 91 %, em peso (mangan s eletrol tico)
2820.10.90;Outros
2820.90;- Outros
2820.90.10; xido manganoso
2820.90.20;Tri xido de dimangan s (sesqui xido de mangan s)
2820.90.30;Tetra xido de trimangan s ( xido salino de mangan s)
2820.90.40;Hepta xido de dimangan s (anidrido permang nico)
28.21;" xidos e hidr xidos de ferro; terras corantes que contenham, em peso, 70 % ou mais de ferro combinado, expresso em Fe2O3."
2821.10;-  xidos e hidr xidos de ferro
2821.10.1; xido f rrico
2821.10.11;Com um teor de Fe2O3 igual ou superior a 85 %, em peso
2821.10.19;Outros
2821.10.20; xido ferroso-f rrico ( xido magn tico de ferro), com um teor de Fe3O4 igual ou superior a 93 %, em peso
2821.10.30;Hidr xidos de ferro
2821.10.90;Outros
2821.20.00;- Terras corantes
2822.00;" xidos e hidr xidos de cobalto;  xidos de cobalto comerciais."
2822.00.10;Tetra xido de tricobalto ( xido salino de cobalto)
2822.00.90;Outros
2823.00; xidos de tit nio.
2823.00.10;Tipo an tase
2823.00.90;Outros
28.24;" xidos de chumbo; m nio (zarc o) e m nio-laranja (mine-orange)."
2824.10.00;- Mon xido de chumbo (litarg rio, massicote)
2824.90;- Outros
2824.90.10;M nio (zarc o) e m nio-laranja (mine-orange)
2824.90.90;Outros
28.25;"Hidrazina e hidroxilamina, e seus sais inorg nicos; outras bases inorg nicas; outros  xidos, hidr xidos e per xidos, de metais."
2825.10;- Hidrazina e hidroxilamina, e seus sais inorg nicos
2825.10.10;Hidrazina e seus sais inorg nicos
2825.10.20;Hidroxilamina e seus sais inorg nicos
2825.20;-  xido e hidr xido de l tio
2825.20.10; xido
2825.20.20;Hidr xido
2825.30;-  xidos e hidr xidos de van dio
2825.30.10;Pent xido de divan dio
2825.30.90;Outros
2825.40;-  xidos e hidr xidos de n quel
2825.40.10; xido niqueloso
2825.40.90;Outros
2825.50;-  xidos e hidr xidos de cobre
2825.50.10; xido c prico, com um teor de CuO igual ou superior a 98 %, em peso
2825.50.90;Outros
2825.60;-  xidos de germ nio e di xido de zirc nio
2825.60.10; xidos de germ nio
2825.60.20;Di xido de zirc nio
2825.70;-  xidos e hidr xidos de molibd nio
2825.70.10;Tri xido de molibd nio
2825.70.90;Outros
2825.80;-  xidos de antim nio
2825.80.10;Tri xido de antim nio
2825.80.90;Outros
2825.90;- Outros
2825.90.10; xido de c dmio
2825.90.20;Tri xido de tungst nio (volfr mio)
2825.90.90;Outros
28.26;"Fluoretos; fluorossilicatos, fluoraluminatos e outros sais complexos de fl or."
2826.1;- Fluoretos:
2826.12.00;-- De alum nio
2826.19;-- Outros
2826.19.10;Trifluoreto de cromo
2826.19.20;Fluoreto  cido de am nio
2826.19.90;Outros
2826.30.00;- Hexafluoraluminato de s dio (criolita sint tica)
2826.90;- Outros
2826.90.10;Fluoroaluminato de pot ssio
2826.90.20;Fluorossilicatos de s dio ou de pot ssio
2826.90.90;Outros
28.27;"Cloretos, oxicloretos e hidroxicloretos; brometos e oxibrometos; iodetos e oxiodetos."
2827.10.00;- Cloreto de am nio
2827.20;- Cloreto de c lcio
2827.20.10;Com um teor de CaCl2 igual ou superior a 98 %, em peso, em base seca
2827.20.90;Outros
2827.3;- Outros cloretos:
2827.31;-- De magn sio
2827.31.10;Com um teor de MgCl2 inferior a 98 %, em peso, e de c lcio (Ca) inferior ou igual a 0,5 %, em peso
2827.31.90;Outros
2827.32.00;-- De alum nio
2827.35.00;-- De n quel
2827.39;-- Outros
2827.39.10;De cobre I (cloreto cuproso ou monocloreto de cobre)
2827.39.20;De tit nio
2827.39.3;De zinco
2827.39.31;Anidro, com um teor de ZnCl2 igual ou superior a 98 %, em peso
2827.39.39;Outros
2827.39.40;De zirc nio
2827.39.50;De antim nio
2827.39.60;De l tio
2827.39.70;De bismuto
2827.39.9;Outros
2827.39.91;De c dmio
2827.39.92;De c sio
2827.39.93;De cromo
2827.39.94;De estr ncio
2827.39.95;De mangan s
2827.39.96;De ferro
2827.39.97;De cobalto
2827.39.99;Outros
2827.4;- Oxicloretos e hidroxicloretos:
2827.41;-- De cobre
2827.41.10;Oxicloretos
2827.41.20;Hidroxicloretos
2827.49;-- Outros
2827.49.1;Oxicloretos
2827.49.11;De bismuto
2827.49.12;De zirc nio
2827.49.19;Outros
2827.49.2;Hidroxicloretos
2827.49.21;De alum nio
2827.49.29;Outros
2827.5;- Brometos e oxibrometos:
2827.51.00;-- Brometos de s dio ou de pot ssio
2827.59.00;-- Outros
2827.60;- Iodetos e oxiodetos
2827.60.1;Iodetos
2827.60.11;De s dio
2827.60.12;De pot ssio
2827.60.19;Outros
2827.60.2;Oxiodetos
2827.60.21;De pot ssio
2827.60.29;Outros
28.28;"Hipocloritos; hipoclorito de c lcio comercial; cloritos; hipobromitos."
2828.10.00;- Hipoclorito de c lcio comercial e outros hipocloritos de c lcio
2828.90;- Outros
2828.90.1;Hipocloritos
2828.90.11;De s dio
2828.90.19;Outros
2828.90.20;Clorito de s dio
2828.90.90;Outros
28.29;"Cloratos e percloratos; bromatos e perbromatos; iodatos e periodatos."
2829.1;- Cloratos:
2829.11.00;-- De s dio
2829.19;-- Outros
2829.19.10;De c lcio
2829.19.20;De pot ssio
2829.19.90;Outros
2829.90;- Outros
2829.90.1;Bromatos
2829.90.11;De s dio
2829.90.12;De pot ssio
2829.90.19;Outros
2829.90.2;Perbromatos
2829.90.21;De s dio
2829.90.22;De pot ssio
2829.90.29;Outros
2829.90.3;Iodatos
2829.90.31;De pot ssio
2829.90.32;De c lcio
2829.90.39;Outros
2829.90.40;Periodatos
2829.90.50;Percloratos
28.30;"Sulfetos; polissulfetos, de constitui  o qu mica definida ou n o."
2830.10;- Sulfetos de s dio
2830.10.10;De diss dio
2830.10.20;De monoss dio (hidrogenossulfeto de s dio)
2830.90;- Outros
2830.90.1;Sulfetos
2830.90.11;De molibd nio IV (dissulfeto de molibd nio)
2830.90.12;De b rio
2830.90.13;De pot ssio
2830.90.14;De chumbo
2830.90.15;De estr ncio
2830.90.16;De zinco
2830.90.19;Outros
2830.90.20;Polissulfetos
28.31;Ditionitos e sulfoxilatos.
2831.10;- De s dio
2831.10.1;Ditionitos (hidrossulfitos)
2831.10.11;Estabilizados
2831.10.19;Outros
2831.10.2;Sulfoxilatos
2831.10.21;Estabilizados com formalde do
2831.10.29;Outros
2831.90;- Outros
2831.90.10;Ditionito de zinco
2831.90.90;Outros
28.32;"Sulfitos; tiossulfatos."
2832.10;- Sulfitos de s dio
2832.10.10;De diss dio
2832.10.90;Outros
2832.20.00;- Outros sulfitos
2832.30;- Tiossulfatos
2832.30.10;De am nio
2832.30.20;De s dio
2832.30.90;Outros
28.33;"Sulfatos; alumes; peroxossulfatos (persulfatos)."
2833.1;- Sulfatos de s dio:
2833.11;-- Sulfato diss dico
2833.11.10;Anidro
2833.11.90;Outros
2833.19.00;-- Outros
2833.2;- Outros sulfatos:
2833.21.00;-- De magn sio
2833.22.00;-- De alum nio
2833.24.00;-- De n quel
2833.25;-- De cobre
2833.25.10;Cuproso
2833.25.20;C prico
2833.27;-- De b rio
2833.27.10;Com um teor de BaSO4 igual ou superior a 97,5 %, em peso
2833.27.90;Outros
2833.29;-- Outros
2833.29.10;De antim nio
2833.29.20;De l tio
2833.29.30;De estr ncio
2833.29.40;Sulfato ferroso
2833.29.50;Neutro de chumbo
2833.29.60;De cromo
2833.29.70;De zinco
2833.29.90;Outros
2833.30.00;- Alumes
2833.40;- Peroxossulfatos (persulfatos)
2833.40.10;De s dio
2833.40.20;De am nio
2833.40.90;Outros
28.34;"Nitritos; nitratos."
2834.10;- Nitritos
2834.10.10;De s dio
2834.10.90;Outros
2834.2;- Nitratos:
2834.21;-- De pot ssio
2834.21.10;Com um teor de KNO3 inferior ou igual a 98 %, em peso
2834.21.90;Outros
2834.29;-- Outros
2834.29.10;De c lcio, com um teor de nitrog nio (azoto) inferior ou igual a 16 %, em peso
2834.29.30;De alum nio
2834.29.40;De l tio
2834.29.90;Outros
28.35;"Fosfinatos (hipofosfitos), fosfonatos (fosfitos) e fosfatos; polifosfatos de constitui  o qu mica definida ou n o."
2835.10;- Fosfinatos (hipofosfitos) e fosfonatos (fosfitos)
2835.10.1;Fosfinatos (hipofosfitos)
2835.10.11;De s dio
2835.10.19;Outros
2835.10.2;Fosfonatos (fosfitos)
2835.10.21;Dib sico de chumbo
2835.10.29;Outros
2835.2;- Fosfatos:
2835.22.00;-- Mono ou diss dico
2835.24.00;-- De pot ssio
2835.25.00;-- Hidrogeno-ortofosfato de c lcio (fosfato dic lcico)
2835.26.00;-- Outros fosfatos de c lcio
2835.29;-- Outros
2835.29.10;De ferro
2835.29.20;De cobalto
2835.29.30;De cobre
2835.29.40;De cromo
2835.29.50;De estr ncio
2835.29.60;De mangan s
2835.29.70;De triam nio
2835.29.80;De triss dio
2835.29.90;Outros
2835.3;- Polifosfatos:
2835.31;-- Trifosfato de s dio (tripolifosfato de s dio)
2835.31.10;Grau aliment cio, de acordo com o estabelecido pela Food and Agriculture Organization - Organiza  o Mundial da Sa de (FAO - OMS) ou pelo Food Chemical Codex (FCC)
2835.31.90;Outros
2835.39;-- Outros
2835.39.10;Metafosfatos de s dio
2835.39.20;Pirofosfatos de s dio
2835.39.30;Pirofosfato de zinco
2835.39.90;Outros
28.36;"Carbonatos; peroxocarbonatos (percarbonatos); carbonato de am nio comercial que contenha carbamato de am nio."
2836.20;- Carbonato diss dico
2836.20.10;Anidro
2836.20.90;Outros
2836.30.00;- Hidrogenocarbonato (bicarbonato) de s dio
2836.40.00;- Carbonatos de pot ssio
2836.50.00;- Carbonato de c lcio
2836.60;- Carbonato de b rio
2836.60.10;Com um teor de BaCO3 igual ou superior a 98 %, em peso
2836.60.90;Outros
2836.9;- Outros:
2836.91.00;-- Carbonatos de l tio
2836.92.00;-- Carbonato de estr ncio
2836.99;-- Outros
2836.99.1;Carbonatos
2836.99.11;De magn sio, de densidade aparente inferior a 200 kg/m3
2836.99.12;De zirc nio
2836.99.13;De am nio comercial e outros carbonatos de am nio
2836.99.19;Outros
2836.99.20;Peroxocarbonatos (percarbonatos)
28.37;Cianetos, oxicianetos e cianetos complexos.
2837.1;- Cianetos e oxicianetos:
2837.11.00;-- De s dio
2837.19;-- Outros
2837.19.1;Cianetos
2837.19.11;De pot ssio
2837.19.12;De zinco
2837.19.14;De cobre I (cianeto cuproso)
2837.19.15;De cobre II (cianeto c prico)
2837.19.19;Outros
2837.19.20;Oxicianetos
2837.20;- Cianetos complexos
2837.20.1;Ferrocianetos
2837.20.11;De s dio
2837.20.12;De ferro II (ferrocianeto ferroso)
2837.20.19;Outros
2837.20.2;Ferricianetos
2837.20.21;De pot ssio
2837.20.22;De ferro II (ferricianeto ferroso)
2837.20.23;De ferro III (ferricianeto f rrico)
2837.20.29;Outros
2837.20.90;Outros
28.39;"Silicatos; silicatos dos metais alcalinos comerciais."
2839.1;- De s dio:
2839.11.00;-- Metassilicatos
2839.19.00;-- Outros
2839.90;- Outros
2839.90.10;De magn sio
2839.90.20;De alum nio
2839.90.30;De zirc nio
2839.90.40;De chumbo
2839.90.50;De pot ssio
2839.90.90;Outros
28.40;"Boratos; peroxoboratos (perboratos)."
2840.1;- Tetraborato diss dico (b rax refinado):
2840.11.00;-- Anidro
2840.19.00;-- Outro
2840.20.00;- Outros boratos
2840.30.00;- Peroxoboratos (perboratos)
28.41;Sais dos  cidos oxomet licos ou peroxomet licos.
2841.30.00;- Dicromato de s dio
2841.50;"- Outros cromatos e dicromatos; peroxocromatos"
2841.50.1;Cromatos e dicromatos
2841.50.11;"Cromato de am nio; dicromato de am nio"
2841.50.12;Cromato de pot ssio
2841.50.13;Cromato de s dio
2841.50.14;Dicromato de pot ssio
2841.50.15;Cromato de zinco
2841.50.16;Cromato de chumbo
2841.50.19;Outros
2841.50.20;Peroxocromatos
2841.6;- Manganitos, manganatos e permanganatos:
2841.61.00;-- Permanganato de pot ssio
2841.69;-- Outros
2841.69.10;Manganitos
2841.69.20;Manganatos
2841.69.30;Permanganatos
2841.70;- Molibdatos
2841.70.10;De am nio
2841.70.20;De s dio
2841.70.90;Outros
2841.80;- Tungstatos (volframatos)
2841.80.10;De am nio
2841.80.20;De chumbo
2841.80.90;Outros
2841.90;- Outros
2841.90.1;Titanatos
2841.90.11;De chumbo
2841.90.12;De b rio ou de bismuto
2841.90.13;De c lcio ou de estr ncio
2841.90.14;De magn sio
2841.90.15;De lant nio ou de neod mio
2841.90.19;Outros
2841.90.2;Ferritos e ferratos
2841.90.21;Ferrito de b rio
2841.90.22;Ferrito de estr ncio
2841.90.29;Outros
2841.90.30;Vanadatos
2841.90.4;Estanatos
2841.90.41;De b rio
2841.90.42;De bismuto
2841.90.43;De c lcio
2841.90.49;Outros
2841.90.50;Plumbatos
2841.90.60;Antimoniatos
2841.90.70;Zincatos
2841.90.8;Aluminatos
2841.90.81;De s dio
2841.90.82;De magn sio
2841.90.83;De bismuto
2841.90.89;Outros
2841.90.90;Outros
28.42;Outros sais dos  cidos ou peroxo cidos inorg nicos (incluindo os aluminossilicatos de constitui  o qu mica definida ou n o), exceto as azidas.
2842.10;- Silicatos duplos ou complexos, incluindo os aluminossilicatos de constitui  o qu mica definida ou n o
2842.10.10;Ze litas do tipo utilizado como trocadores de  ons para o tratamento de  guas
2842.10.90;Outros
2842.90.00;- Outros
28.43;"Metais preciosos no estado coloidal; compostos inorg nicos ou org nicos de metais preciosos, de constitui  o qu mica definida ou n o; am lgamas de metais preciosos."
2843.10.00;- Metais preciosos no estado coloidal
2843.2;- Compostos de prata:
2843.21.00;-- Nitrato de prata
2843.29;-- Outros
2843.29.10;Vitelinato de prata
2843.29.90;Outros
2843.30;- Compostos de ouro
2843.30.10;Sulfeto de ouro em dispers o de gelatina
2843.30.90;Outros
2843.90;"- Outros compostos; am lgamas"
2843.90.1;"Dexormaplatina; enloplatina; iproplatina; lobaplatina; miboplatina; ormaplatina; sebriplatina e zeniplatina"
2843.90.11;Apresentados como medicamentos
2843.90.19;Outros
2843.90.20;Tricloreto de rut nio em solu  o aquosa com uma concentra  o igual ou superior a 17 %, mas inferior ou igual a 27 %, em peso
2843.90.30; cido hexacloroir dico em solu  o aquosa com uma concentra  o igual ou superior a 17 %, mas inferior ou igual a 27 %, em peso
2843.90.40;Tricloreto de rut nio, em p 
2843.90.90;Outros
28.44;"Elementos qu micos radioativos e is topos radioativos (incluindo os elementos qu micos e is topos f sseis (cind veis) ou f rteis), e seus compostos; misturas e res duos que contenham esses produtos."
2844.10.00;"- Ur nio natural e seus compostos; ligas, dispers es (incluindo os cermets), produtos cer micos e misturas que contenham ur nio natural ou compostos de ur nio natural"
2844.20.00;"- Ur nio enriquecido em U 235 e seus compostos; plut nio e seus compostos; ligas, dispers es (incluindo os cermets), produtos cer micos e misturas que contenham ur nio enriquecido em U 235, plut nio ou compostos destes produtos"
2844.30.00;"- Ur nio empobrecido em U 235 e seus compostos; t rio e seus compostos; ligas, dispers es (incluindo os cermets), produtos cer micos e misturas que contenham ur nio empobrecido em U 235, t rio ou compostos destes produtos"
2844.4;"- Elementos, is topos e compostos, radioativos, exceto os das subposi  es 2844.10, 2844.20 ou 2844.30; ligas, dispers es (incluindo os cermets), produtos cer micos e misturas que contenham estes elementos, is topos ou compostos; res duos radioativos:"
2844.41.00;"-- Tr tio e seus compostos; ligas, dispers es (incluindo os cermets), produtos cer micos e misturas que contenham tr tio ou seus compostos"
2844.42.00;"-- Act nio-225, act nio-227, calif rnio-253, c rio-240, c rio-241, c rio-242, c rio-243, c rio-244, einst inio-253, einst inio-254, gadol nio-148, pol nio-208, pol nio-209, pol nio-210, r dio-223, ur nio-230 ou ur nio-232, e seus compostos; ligas, dispers es (incluindo os cermets), produtos cer micos e misturas que contenham estes elementos ou compostos"
2844.43;"-- Outros elementos, is topos e compostos, radioativos; ligas, dispers es (incluindo os cermets), produtos cer micos e misturas que contenham estes elementos, is topos ou compostos"
2844.43.10;Molibd nio-99 absorvido em alumina, apto para a obten  o de tecn cio-99 (reativo de diagn stico para medicina nuclear)
2844.43.20;Cobalto-60
2844.43.30;Iodo-131
2844.43.90;Outros
2844.44.00;-- Res duos radioativos
2844.50.00;- Elementos combust veis (cartuchos) usados (irradiados) de reatores nucleares
28.45;"Is topos n o inclu dos na posi  o 28.44; seus compostos, inorg nicos ou org nicos, de constitui  o qu mica definida ou n o."
2845.10.00;-  gua pesada ( xido de deut rio)
2845.20.00;- Boro enriquecido em boro-10 e seus compostos
2845.30.00;- L tio enriquecido em l tio-6 e seus compostos
2845.40.00;- H lio-3
2845.90.00;- Outros
28.46;Compostos, inorg nicos ou org nicos, dos metais das terras raras, de  trio ou de esc ndio ou das misturas destes metais.
2846.10;- Compostos de c rio
2846.10.10; xido c rico
2846.10.90;Outros
2846.90;- Outros
2846.90.10; xido de praseod mio
2846.90.20;Cloretos dos demais metais das terras raras
2846.90.30;Gadopentetato de dimeglumina
2846.90.90;Outros
2847.00.00;Per xido de hidrog nio ( gua oxigenada), mesmo solidificado com ureia.
28.49;Carbonetos de constitui  o qu mica definida ou n o.
2849.10.00;- De c lcio
2849.20.00;- De sil cio
2849.90;- Outros
2849.90.10;De boro
2849.90.20;De t ntalo
2849.90.30;De tungst nio (volfr mio)
2849.90.90;Outros
2850.00;Hidretos, nitretos, azidas, silicietos e boretos, de constitui  o qu mica definida ou n o, exceto os compostos que constituam igualmente carbonetos da posi  o 28.49.
2850.00.10;Nitreto de boro
2850.00.20;Silicieto de c lcio
2850.00.90;Outros
28.52;Compostos, inorg nicos ou org nicos, de merc rio, de constitui  o qu mica definida ou n o, exceto as am lgamas.
2852.10;- De constitui  o qu mica definida
2852.10.1;Compostos inorg nicos
2852.10.11; xidos
2852.10.12;Cloreto de merc rio I (cloreto mercuroso)
2852.10.13;Cloreto de merc rio II (cloreto merc rico), para uso fotogr fico, acondicionado para venda a retalho, pronto para utiliza  o
2852.10.14;Cloreto de merc rio II (cloreto merc rico), apresentado de outro modo
2852.10.19;Outros
2852.10.2;Compostos org nicos
2852.10.21;Acetato de merc rio
2852.10.22;Timerosal
2852.10.23;Estearato de merc rio
2852.10.24;Lactato de merc rio
2852.10.25;Salicilato de merc rio
2852.10.29;Outros
2852.90.00;- Outros
28.53;"Fosfetos, de constitui  o qu mica definida ou n o, exceto ferrof sforos; outros compostos inorg nicos (incluindo as  guas destiladas ou de condutibilidade e  guas de igual grau de pureza); ar l quido (incluindo o ar l quido cujos gases raros foram eliminados); ar comprimido; am lgamas, exceto de metais preciosos."
2853.10.00;- Cloreto de cianog nio (clorociano)
2853.90;- Outros
2853.90.1;Fosfetos, de constitui  o qu mica definida ou n o
2853.90.11;De alum nio
2853.90.12;De magn sio
2853.90.13;De cobre (fosfetos de cobre), que contenham mais de 15 %, em peso, de f sforo
2853.90.19;Outros
2853.90.20;Cianamida e seus derivados met licos
2853.90.30;Sulfocloretos de f sforo
2853.90.90;Outros
29;Produtos qu micos org nicos.
29.01;Hidrocarbonetos ac clicos.
2901.10.00;- Saturados
2901.2;- N o saturados:
2901.21.00;-- Etileno
2901.22.00;-- Propeno (propileno)
2901.23.00;-- Buteno (butileno) e seus is meros
2901.24;-- Buta-1,3-dieno e isopreno
2901.24.10;Buta-1,3-dieno
2901.24.20;Isopreno
2901.29.00;-- Outros
29.02;Hidrocarbonetos c clicos.
2902.1;- Cicl nicos, cicl nicos ou cicloterp nicos:
2902.11.00;-- Cicloexano
2902.19;-- Outros
2902.19.10;Limoneno
2902.19.90;Outros
2902.20.00;- Benzeno
2902.30.00;- Tolueno
2902.4;- Xilenos:
2902.41.00;-- o-Xileno
2902.42.00;-- m-Xileno
2902.43.00;-- p-Xileno
2902.44.00;-- Mistura de is meros do xileno
2902.50.00;- Estireno
2902.60.00;- Etilbenzeno
2902.70.00;- Cumeno
2902.90;- Outros
2902.90.10;Difenila (1,1'-bifenila)
2902.90.20;Naftaleno
2902.90.30;Antraceno
2902.90.40;alfa-Metilestireno
2902.90.90;Outros
29.03;Derivados halogenados dos hidrocarbonetos.
2903.1;- Derivados clorados saturados dos hidrocarbonetos ac clicos:
2903.11;-- Clorometano (cloreto de metila) e cloroetano (cloreto de etila)
2903.11.10;Clorometano (cloreto de metila)
2903.11.20;Cloroetano (cloreto de etila)
2903.12.00;-- Diclorometano (cloreto de metileno)
2903.13.00;-- Clorof rmio (triclorometano)
2903.14.00;-- Tetracloreto de carbono
2903.15.00;-- Dicloreto de etileno (ISO) (1,2-dicloroetano)
2903.19;-- Outros
2903.19.10;1,1,1-Tricloroetano (metilclorof rmio)
2903.19.20;1,1,2-Tricloroetano
2903.19.90;Outros
2903.2;- Derivados clorados n o saturados dos hidrocarbonetos ac clicos:
2903.21.00;-- Cloreto de vinila (cloroetileno)
2903.22.00;-- Tricloroetileno
2903.23.00;-- Tetracloroetileno (percloroetileno)
2903.29;-- Outros
2903.29.10;Hexaclorobutadieno
2903.29.90;Outros
2903.4;- Derivados fluorados saturados dos hidrocarbonetos ac clicos:
2903.41.00;-- Trifluorometano (HFC-23)
2903.42.00;-- Difluorometano (HFC-32)
2903.43.00;-- Fluorometano (HFC-41), 1,2-difluoroetano (HFC-152) e 1,1-difluoroetano (HFC-152a)
2903.44.00;-- Pentafluoroetano (HFC-125), 1,1,1-trifluoroetano (HFC-143a) e 1,1,2-trifluoroetano (HFC-143)
2903.45;-- 1,1,1,2-Tetrafluoroetano (HFC-134a) e 1,1,2,2-tetrafluoroetano (HFC-134)
2903.45.10;1,1,1,2-Tetrafluoroetano (HFC-134a)
2903.45.20;1,1,2,2-Tetrafluoroetano (HFC-134)
2903.46.00;-- 1,1,1,2,3,3,3-Heptafluoropropano (HFC-227ea), 1,1,1,2,2,3-hexafluoropropano (HFC-236cb), 1,1,1,2,3,3-hexafluoropropano (HFC-236ea) e 1,1,1,3,3,3-hexafluoropropano (HFC-236fa)
2903.47.00;-- 1,1,1,3,3-Pentafluoropropano (HFC-245fa) e 1,1,2,2,3-pentafluoropropano (HFC-245ca)
2903.48.00;-- 1,1,1,3,3-Pentafluorobutano (HFC-365mfc) e 1,1,1,2,2,3,4,5,5,5-decafluoropentano (HFC-43-10mee)
2903.49.00;-- Outros
2903.5;- Derivados fluorados n o saturados dos hidrocarbonetos ac clicos:
2903.51.00;-- 2,3,3,3-Tetrafluoropropeno (HFO-1234yf), 1,3,3,3-tetrafluoropropeno (HFO-1234ze) e (Z)-1,1,1,4,4,4-hexafluoro-2-buteno (HFO-1336mzz)
2903.59;-- Outros
2903.59.10;1,1,3,3,3-Pentafluoro-2-(trifluorometil)prop-1-eno
2903.59.90;Outros
2903.6;- Derivados bromados ou iodados dos hidrocarbonetos ac clicos:
2903.61.00;-- Brometo de metila (bromometano)
2903.62.00;-- Dibrometo de etileno (ISO) (1,2-dibromoetano)
2903.69;-- Outros
2903.69.10;Iodoetano
2903.69.20;Iodof rmio
2903.69.90;Outros
2903.7;- Derivados halogenados dos hidrocarbonetos ac clicos que contenham pelo menos dois halog nios diferentes:
2903.71.00;-- Clorodifluorometano (HCFC-22)
2903.72.00;-- Diclorotrifluoroetanos (HCFC-123)
2903.73.00;-- Diclorofluoroetanos (HCFC-141, 141b)
2903.74.00;-- Clorodifluoroetanos (HCFC-142, 142b)
2903.75.00;-- Dicloropentafluoropropanos (HCFC-225, 225ca, 225cb)
2903.76.00;-- Bromoclorodifluorometano (halon-1211), bromotrifluorometano (halon-1301) e dibromotetrafluoroetanos (halon-2402)
2903.77;-- Outros, peralogenados unicamente com fl or e cloro
2903.77.1;Derivados peralogenados do metano, unicamente com fl or e cloro
2903.77.11;Triclorofluorometano
2903.77.12;Diclorodifluorometano
2903.77.13;Clorotrifluorometano
2903.77.2;Derivados peralogenados do etano, unicamente com fl or e cloro
2903.77.21;Triclorotrifluoroetanos
2903.77.22;Diclorotetrafluoroetanos e cloropentafluoroetano
2903.77.23;Pentaclorofluoroetano
2903.77.24;Tetraclorodifluoroetanos
2903.77.3;Derivados peralogenados do propano, unicamente com fl or e cloro
2903.77.31;Heptaclorofluoropropanos
2903.77.32;Hexaclorodifluoropropanos
2903.77.33;Pentaclorotrifluoropropanos
2903.77.34;Tetraclorotetrafluoropropanos
2903.77.35;Tricloropentafluoropropanos
2903.77.36;Dicloroexafluoropropanos
2903.77.37;Cloroeptafluoropropanos
2903.77.90;Outros
2903.78.00;-- Outros derivados peralogenados
2903.79;-- Outros
2903.79.1;Derivados do metano, etano ou propano, halogenados unicamente com fl or e cloro
2903.79.11;Clorofluoroetanos
2903.79.12;Clorotetrafluoroetanos
2903.79.19;Outros
2903.79.20;Derivados do metano, etano ou propano, halogenados unicamente com fl or e bromo
2903.79.3;Bromoclorotrifluoroetanos
2903.79.31;Halotano
2903.79.39;Outros
2903.79.90;Outros
2903.8;- Derivados halogenados dos hidrocarbonetos cicl nicos, cicl nicos ou cicloterp nicos:
2903.81;-- 1,2,3,4,5,6-Hexaclorocicloexano (HCH (ISO)), incluindo o lindano (ISO, DCI)
2903.81.10;Lindano (gama-hexaclorocicloexano)
2903.81.20;alfa-Hexaclorocicloexano
2903.81.30;beta-Hexaclorocicloexano
2903.81.90;Outros
2903.82;-- Aldrin (ISO), clordano (ISO) e heptacloro (ISO)
2903.82.10;Aldrin
2903.82.20;Clordano
2903.82.30;Heptacloro
2903.83.00;-- Mirex (ISO)
2903.89;-- Outros
2903.89.10;Hexabromociclododecanos (HBCD)
2903.89.90;Outros
2903.9;- Derivados halogenados dos hidrocarbonetos arom ticos:
2903.91;-- Clorobenzeno, o-diclorobenzeno e p-diclorobenzeno
2903.91.10;Clorobenzeno
2903.91.20;o-Diclorobenzeno
2903.91.30;p-Diclorobenzeno
2903.92;-- Hexaclorobenzeno (ISO) e DDT (ISO) (clofenotano (DCI), 1,1,1-tricloro-2,2-bis(p-clorofenil)etano)
2903.92.10;Hexaclorobenzeno
2903.92.20;DDT
2903.93.00;-- Pentaclorobenzeno (ISO)
2903.94.00;-- Hexabromobifenilas
2903.99;-- Outros
2903.99.1;Derivados halogenados, unicamente com cloro
2903.99.11;Cloreto de benzila
2903.99.12;p-Clorotolueno
2903.99.13;Cloreto de neofila
2903.99.14;Triclorobenzenos
2903.99.15;Cloronaftalenos
2903.99.16;Cloreto de benzilideno
2903.99.17;Cloretos de xilila
2903.99.18;"Bifenilas policloradas (PCB); terfenilas policloradas (PCT)"
2903.99.19;Outros
2903.99.2;Derivados halogenados, unicamente com bromo
2903.99.21;Bromobenzeno
2903.99.22;Brometos de xilila
2903.99.23;Bromodifenilmetano
2903.99.24;Bifenilas polibromadas (PBB)
2903.99.29;Outros
2903.99.3;Derivados halogenados, unicamente com fl or e cloro
2903.99.31;4-Cloro-alfa,alfa,alfa-trifluortolueno
2903.99.39;Outros
2903.99.90;Outros
29.04;Derivados sulfonados, nitrados ou nitrosados dos hidrocarbonetos, mesmo halogenados.
2904.10;- Derivados apenas sulfonados, seus sais e seus  steres et licos
2904.10.1; cido metanossulf nico e seus sais
2904.10.11; cido metanossulf nico
2904.10.12;Metanossulfonato de chumbo
2904.10.13;Metanossulfonato de estanho
2904.10.19;Outros
2904.10.20; cido dodecilbenzenossulf nico e seus sais
2904.10.30;" cidos toluenossulf nicos;  cidos xilenossulf nicos; sais destes  cidos"
2904.10.40;" cido etanossulf nico;  cido etilenossulf nico"
2904.10.5; cidos naftalenossulf nicos, seus sais e seus  steres
2904.10.51;Naftalenossulfonatos de s dio
2904.10.52; cido beta-naftalenossulf nico
2904.10.53;" cidos alquil- e dialquilnaftalenossulf nicos; sais destes  cidos"
2904.10.59;Outros
2904.10.60; cido benzenossulf nico e seus sais
2904.10.90;Outros
2904.20;- Derivados apenas nitrados ou apenas nitrosados
2904.20.10;Mononitrotoluenos (MNT)
2904.20.20;Nitropropanos
2904.20.30;Dinitrotoluenos
2904.20.4;Trinitrotoluenos
2904.20.41;2,4,6-Trinitrotolueno (TNT)
2904.20.49;Outros
2904.20.5;Derivados nitrados do benzeno
2904.20.51;Nitrobenzeno
2904.20.52;1,3,5-Trinitrobenzeno
2904.20.59;Outros
2904.20.60;Derivados nitrados do xileno
2904.20.70;"Mononitroetano; nitrometanos"
2904.20.90;Outros
2904.3;-  cido perfluoroctano sulf nico, seus sais e fluoreto de perfluoroctanossulfonila:
2904.31.00;--  cido perfluoroctano sulf nico
2904.32.00;-- Perfluoroctanossulfonato de am nio
2904.33.00;-- Perfluoroctanossulfonato de l tio
2904.34.00;-- Perfluoroctanossulfonato de pot ssio
2904.35.00;-- Outros sais do  cido perfluoroctano sulf nico
2904.36.00;-- Fluoreto de perfluoroctanossulfonila
2904.9;- Outros:
2904.91.00;-- Tricloronitrometano (cloropicrina)
2904.99;-- Outros
2904.99.1;Derivados nitroalogenados
2904.99.11;1-Cloro-4-nitrobenzeno
2904.99.12;1-Cloro-2,4-dinitrobenzeno
2904.99.13;2-Cloro-1,3-dinitrobenzeno
2904.99.14;4-Cloro-alfa,alfa,alfa-trifluor-3,5-dinitrotolueno
2904.99.15;"o-Nitroclorobenzeno; m-nitroclorobenzeno"
2904.99.16;1,2-Dicloro-4-nitrobenzeno
2904.99.19;Outros
2904.99.2;Derivados nitrossulfonados
2904.99.21; cidos dinitroestilbenodissulf nicos
2904.99.29;Outros
2904.99.30;Cloreto de p-toluenossulfonila (cloreto de tosila)
2904.99.40;Cloreto de o-toluenossulfonila
2904.99.90;Outros
29.05; lcoois ac clicos e seus derivados halogenados, sulfonados, nitrados ou nitrosados.
2905.1;- Mono lcoois saturados:
2905.11.00;-- Metanol ( lcool met lico)
2905.12;-- Propan-1-ol ( lcool prop lico) e propan-2-ol ( lcool isoprop lico)
2905.12.10; lcool prop lico
2905.12.20; lcool isoprop lico
2905.13.00;-- Butan-1-ol ( lcool n-but lico)
2905.14;-- Outros butan is
2905.14.10; lcool isobut lico (2-metil-1-propanol)
2905.14.20; lcool sec-but lico (2-butanol)
2905.14.30; lcool ter-but lico (2-metil-2-propanol)
2905.16.00;-- Octanol ( lcool oct lico) e seus is meros
2905.17;-- Dodecan-1-ol ( lcool l urico (laur lico*)), hexadecan-1-ol ( lcool cet lico) e octadecan-1-ol ( lcool este rico)
2905.17.10; lcool l urico
2905.17.20; lcool cet lico
2905.17.30; lcool este rico
2905.19;-- Outros
2905.19.1;Decan is
2905.19.11;n-Decanol
2905.19.12;Isodecanol
2905.19.19;Outros
2905.19.2;Alcoolatos met licos
2905.19.21;Etilato de magn sio
2905.19.22;Metilato de s dio
2905.19.23;Etilato de s dio
2905.19.29;Outros
2905.19.9;Outros
2905.19.91;4-Metilpentan-2-ol
2905.19.92;Isononanol
2905.19.93;Isotridecanol
2905.19.94;Tetra-hidrolinalol (3,7-dimetiloctan-3-ol)
2905.19.95;3,3-Dimetilbutan-2-ol ( lcool pinacol lico)
2905.19.96;Pentanol ( lcool am lico) e seus is meros
2905.19.99;Outros
2905.2;- Mono lcoois n o saturados:
2905.22;--  lcoois terp nicos ac clicos
2905.22.10;Linalol
2905.22.20;Geraniol
2905.22.30;Di-hidromircenol (2,6-dimetil-7-octen-2-ol)
2905.22.90;Outros
2905.29;-- Outros
2905.29.10; lcool al lico
2905.29.90;Outros
2905.3;- Di is:
2905.31.00;-- Etilenoglicol (etanodiol)
2905.32.00;-- Propilenoglicol (propano-1,2-diol)
2905.39;-- Outros
2905.39.10;2-Metil-2,4-pentanodiol (hexilenoglicol)
2905.39.20;Trimetilenoglicol (1,3-propanodiol)
2905.39.30;1,3-Butilenoglicol (1,3-butanodiol)
2905.39.90;Outros
2905.4;- Outros poli lcoois:
2905.41.00;-- 2-Etil-2-(hidroximetil)propano-1,3-diol (trimetilolpropano)
2905.42.00;-- Pentaeritritol (pentaeritrita)
2905.43.00;-- Manitol
2905.44.00;-- D-glucitol (sorbitol)
2905.45.00;-- Glicerol
2905.49.00;-- Outros
2905.5;- Derivados halogenados, sulfonados, nitrados ou nitrosados dos  lcoois ac clicos:
2905.51.00;-- Etclorvinol (DCI)
2905.59;-- Outros
2905.59.10;Hidrato de cloral
2905.59.90;Outros
29.06; lcoois c clicos e seus derivados halogenados, sulfonados, nitrados ou nitrosados.
2906.1;- Cicl nicos, cicl nicos ou cicloterp nicos:
2906.11.00;-- Mentol
2906.12.00;-- Cicloexanol, metilcicloexan is e dimetilcicloexan is
2906.13.00;-- Ester is e inosit is
2906.19;-- Outros
2906.19.10;Derivados do mentol
2906.19.20;"Borneol; isoborneol"
2906.19.30;Terpina e seu hidrato
2906.19.40; lcool fench lico (1,3,3-trimetil-2-norbornanol)
2906.19.50;Terpine is
2906.19.90;Outros
2906.2;- Arom ticos:
2906.21.00;--  lcool benz lico
2906.29;-- Outros
2906.29.10;2-Feniletanol
2906.29.20;Dicofol
2906.29.90;Outros
29.07;"Fen is; fen is- lcoois."
2907.1;- Monofen is:
2907.11.00;-- Fenol (hidroxibenzeno) e seus sais
2907.12.00;-- Cres is e seus sais
2907.13.00;"-- Octilfenol, nonilfenol, e seus is meros; sais destes produtos"
2907.15;-- Naft is e seus sais
2907.15.10;beta-Naftol e seus sais
2907.15.90;Outros
2907.19;-- Outros
2907.19.10;2,6-Di-ter-butil-p-cresol e seus sais
2907.19.20;o-Fenilfenol e seus sais
2907.19.30;p-ter-Butilfenol e seus sais
2907.19.40;Xilen is e seus sais
2907.19.90;Outros
2907.2;"- Polifen is; fen is- lcoois:"
2907.21.00;-- Resorcinol e seus sais
2907.22.00;-- Hidroquinona e seus sais
2907.23.00;-- 4,4'-Isopropilidenodifenol (bisfenol A, difenilolpropano) e seus sais
2907.29.00;-- Outros
29.08;Derivados halogenados, sulfonados, nitrados ou nitrosados dos fen is ou dos fen is- lcoois.
2908.1;- Derivados apenas halogenados e seus sais:
2908.11.00;-- Pentaclorofenol (ISO)
2908.19;-- Outros
2908.19.1;Derivados halogenados unicamente com cloro
2908.19.11;4-Cloro-m-cresol e seus sais
2908.19.12;Diclorofen is e seus sais
2908.19.13;p-Clorofenol
2908.19.14;Triclorofen is e seus sais
2908.19.15;Tetraclorofen is e seus sais
2908.19.16;Pentaclorofenato de s dio
2908.19.19;Outros
2908.19.2;Derivados halogenados unicamente com bromo
2908.19.21;2,4,6-Tribromofenol
2908.19.29;Outros
2908.19.90;Outros
2908.9;- Outros:
2908.91.00;-- Dinoseb (ISO) e seus sais
2908.92.00;-- 4,6-Dinitro-o-cresol (DNOC (ISO)) e seus sais
2908.99;-- Outros
2908.99.1;Derivados apenas nitrados e seus sais
2908.99.12;p-Nitrofenol e seus sais
2908.99.13; cido p crico
2908.99.19;Outros
2908.99.2;Derivados nitroalogenados
2908.99.21;Disofenol
2908.99.29;Outros
2908.99.30;Derivados sulfonados do fenol, seus sais e seus  steres
2908.99.90;Outros
29.09; teres,  teres- lcoois,  teres-fen is,  teres- lcoois-fen is, per xidos de  lcoois, per xidos de  teres, per xidos de acetais e de hemiacetais, per xidos de cetonas (de constitui  o qu mica definida ou n o), e seus derivados halogenados, sulfonados, nitrados ou nitrosados.
2909.1;-  teres ac clicos e seus derivados halogenados, sulfonados, nitrados ou nitrosados:
2909.11.00;--  ter diet lico ( xido de dietila)
2909.19;-- Outros
2909.19.10; ter metil-ter-but lico (MTBE)
2909.19.20;Sevoflurano
2909.19.90;Outros
2909.20.00;-  teres cicl nicos, cicl nicos, cicloterp nicos e seus derivados halogenados, sulfonados, nitrados ou nitrosados
2909.30;-  teres arom ticos e seus derivados halogenados, sulfonados, nitrados ou nitrosados
2909.30.1; teres arom ticos
2909.30.11;Anetol
2909.30.12; ter difen lico ( ter fen lico)
2909.30.13; ter dibenz lico ( ter benz lico)
2909.30.14; ter feniletil-isoam lico
2909.30.19;Outros
2909.30.2;Derivados halogenados, sulfonados, nitrados ou nitrosados
2909.30.21;Oxifluorfeno
2909.30.22;Pentacloroanisol
2909.30.23; teres tetra- ou pentabromodifen licos
2909.30.24; teres hexa-, hepta- ou octabromodifen licos
2909.30.25; ter decabromodifen lico 
2909.30.29;Outros
2909.4;-  teres- lcoois e seus derivados halogenados, sulfonados, nitrados ou nitrosados:
2909.41.00;-- 2,2'-Oxidietanol (dietilenoglicol)
2909.43;--  teres monobut licos do etilenoglicol ou do dietilenoglicol
2909.43.10;Do etilenoglicol
2909.43.20;Do dietilenoglicol
2909.44;-- Outros  teres monoalqu licos do etilenoglicol ou do dietilenoglicol
2909.44.1;Do etilenoglicol
2909.44.11; ter et lico
2909.44.12; ter isobut lico
2909.44.13; ter hex lico
2909.44.19;Outros
2909.44.2;Do dietilenoglicol
2909.44.21; ter et lico
2909.44.29;Outros
2909.49;-- Outros
2909.49.10;Guaifenesina
2909.49.2;Etilenoglic is e seus  teres
2909.49.21;Trietilenoglicol
2909.49.22;Tetraetilenoglicol
2909.49.23;Pentaetilenoglicol e seus  teres
2909.49.24; ter fen lico do etilenoglicol
2909.49.29;Outros
2909.49.3;Propilenoglic is e seus  teres
2909.49.31;Dipropilenoglicol
2909.49.32; teres do mono-, di- e tripropilenoglicol
2909.49.39;Outros
2909.49.4;Butilenoglic is e seus  teres
2909.49.41; ter et lico do butilenoglicol
2909.49.49;Outros
2909.49.50; lcoois fenoxibenz licos
2909.49.90;Outros
2909.50;-  teres-fen is,  teres- lcoois-fen is, e seus derivados halogenados, sulfonados, nitrados ou nitrosados
2909.50.1; teres-fen is
2909.50.11;Triclosan
2909.50.12;Eugenol
2909.50.13;Isoeugenol
2909.50.19;Outros
2909.50.90;Outros
2909.60;- Per xidos de  lcoois, per xidos de  teres, per xidos de acetais e de hemiacetais, per xidos de cetonas, e seus derivados halogenados, sulfonados, nitrados ou nitrosados
2909.60.1;Hidroper xidos
2909.60.11;De di-isopropilbenzeno
2909.60.12;De ter-butila
2909.60.13;De p-mentano
2909.60.19;Outros
2909.60.90;Outros
29.10;Ep xidos, epoxi lcoois, epoxifen is e epoxi teres, com tr s  tomos no ciclo, e seus derivados halogenados, sulfonados, nitrados ou nitrosados.
2910.10.00;- Oxirano ( xido de etileno)
2910.20.00;- Metiloxirano ( xido de propileno)
2910.30.00;- 1-Cloro-2,3-epoxipropano (epicloridrina)
2910.40.00;- Dieldrin (ISO, DCI)
2910.50.00;- Endrin (ISO)
2910.90;- Outros
2910.90.10; xido de estireno
2910.90.90;Outros
2911.00;Acetais e hemiacetais, mesmo que contenham outras fun  es oxigenadas, e seus derivados halogenados, sulfonados, nitrados ou nitrosados.
2911.00.10;Dimetilacetal do 2-nitrobenzalde do
2911.00.90;Outros
29.12;"Alde dos, mesmo que contenham outras fun  es oxigenadas; pol meros c clicos dos alde dos; paraformalde do."
2912.1;- Alde dos ac clicos que n o contenham outras fun  es oxigenadas:
2912.11.00;-- Metanal (formalde do)
2912.12.00;-- Etanal (acetalde do)
2912.19;-- Outros
2912.19.1;Dialde dos
2912.19.11;Glioxal
2912.19.12;Glutaralde do
2912.19.19;Outros
2912.19.2;Monoalde dos n o saturados
2912.19.21;Citral
2912.19.22;Citronelal (3,7-dimetil-6-octenal)
2912.19.23;Bergamal (3,7-dimetil-2-metileno-6-octenal)
2912.19.29;Outros
2912.19.9;Outros
2912.19.91;Heptanal
2912.19.99;Outros
2912.2;- Alde dos c clicos que n o contenham outras fun  es oxigenadas:
2912.21.00;-- Benzalde do (alde do benzoico)
2912.29;-- Outros
2912.29.10;Alde do alfa-amilcin mico
2912.29.20;Alde do alfa-hexilcin mico
2912.29.90;Outros
2912.4;- Alde dos- lcoois, alde dos- teres, alde dos-fen is e alde dos que contenham outras fun  es oxigenadas:
2912.41.00;-- Vanilina (alde do metilprotocat quico)
2912.42.00;-- Etilvanilina (alde do etilprotocat quico)
2912.49;-- Outros
2912.49.10;3-Fenoxibenzalde do
2912.49.20;3-Hidroxibenzalde do
2912.49.30;3,4,5-Trimetoxibenzalde do
2912.49.4;Alde dos- lcoois
2912.49.41;4-(4-Hidroxi-4-metilpentil)-3-cicloexeno-1-carboxialde do
2912.49.49;Outros
2912.49.90;Outros
2912.50.00;- Pol meros c clicos dos alde dos
2912.60.00;- Paraformalde do
2913.00;Derivados halogenados, sulfonados, nitrados ou nitrosados dos produtos da posi  o 29.12.
2913.00.10;Tricloroacetalde do
2913.00.90;Outros
29.14;Cetonas e quinonas, mesmo que contenham outras fun  es oxigenadas, e seus derivados halogenados, sulfonados, nitrados ou nitrosados.
2914.1;- Cetonas ac clicas que n o contenham outras fun  es oxigenadas:
2914.11.00;-- Acetona
2914.12.00;-- Butanona (metiletilcetona)
2914.13.00;-- 4-Metilpentan-2-ona (metilisobutilcetona)
2914.19;-- Outras
2914.19.10;Forona
2914.19.2;Dicetonas
2914.19.21;Acetilacetona
2914.19.22;Acetonilacetona
2914.19.23;Diacetila
2914.19.29;Outras
2914.19.30;Metilexilcetona
2914.19.40;Pseudoiononas
2914.19.50;Metilisopropilcetona
2914.19.90;Outras
2914.2;- Cetonas cicl nicas, cicl nicas ou cicloterp nicas que n o contenham outras fun  es oxigenadas:
2914.22;-- Cicloexanona e metilcicloexanonas
2914.22.10;Cicloexanona
2914.22.20;Metilcicloexanonas
2914.23;-- Iononas e metiliononas
2914.23.10;Iononas
2914.23.20;Metiliononas
2914.29;-- Outras
2914.29.10;Carvona
2914.29.20;l-Mentona
2914.29.90;Outras
2914.3;- Cetonas arom ticas que n o contenham outras fun  es oxigenadas:
2914.31.00;-- Fenilacetona (fenilpropan-2-ona)
2914.39;-- Outras
2914.39.10;Acetofenona
2914.39.90;Outras
2914.40;- Cetonas- lcoois e cetonas-alde dos
2914.40.10;4-Hidroxi-4-metilpentan-2-ona (diacetona  lcool)
2914.40.9;Outras
2914.40.91;Benzo na
2914.40.99;Outras
2914.50;- Cetonas-fen is e cetonas que contenham outras fun  es oxigenadas
2914.50.10;Nabumetona
2914.50.20;1,8-Di-hidroxi-3-metil-9-antrona e sua forma en lica (crisarobina ou chrysarobin)
2914.50.90;Outras
2914.6;- Quinonas:
2914.61.00;-- Antraquinona
2914.62.00;-- Coenzima Q10 (ubidecarenona (DCI))
2914.69;-- Outras
2914.69.10;Lapachol
2914.69.20;Menadiona
2914.69.90;Outras
2914.7;- Derivados halogenados, sulfonados, nitrados ou nitrosados:
2914.71.00;-- Clordecona (ISO)
2914.79;-- Outros
2914.79.1;Derivados halogenados
2914.79.11;1-Cloro-5-hexanona
2914.79.19;Outros
2914.79.2;Derivados sulfonados
2914.79.21;Bissulfito s dico de menadiona
2914.79.22; cido 2-hidroxi-4-metoxibenzofenona-5-sulf nico (sulisobenzona)
2914.79.29;Outros
2914.79.90;Outros
29.15;" cidos monocarbox licos ac clicos saturados e seus anidridos, halogenetos, per xidos e peroxi cidos; seus derivados halogenados, sulfonados, nitrados ou nitrosados."
2915.1;-  cido f rmico, seus sais e seus  steres:
2915.11.00;--  cido f rmico
2915.12;-- Sais do  cido f rmico
2915.12.10;De s dio
2915.12.90;Outros
2915.13;--  steres do  cido f rmico
2915.13.10;De geranila
2915.13.90;Outros
2915.2;"-  cido ac tico e seus sais; anidrido ac tico:"
2915.21.00;--  cido ac tico
2915.24.00;-- Anidrido ac tico
2915.29;-- Outros
2915.29.10;Acetato de s dio
2915.29.20;Acetatos de cobalto
2915.29.90;Outros
2915.3;-  steres do  cido ac tico:
2915.31.00;-- Acetato de etila
2915.32.00;-- Acetato de vinila
2915.33.00;-- Acetato de n-butila
2915.36.00;-- Acetato de dinoseb (ISO)
2915.39;-- Outros
2915.39.10;Acetato de linalila
2915.39.2;Acetatos de glicerila
2915.39.21;Triacetina
2915.39.29;Outros
2915.39.3;Acetatos de mono lcoois ac clicos saturados de at  8  tomos de carbono, inclusive
2915.39.31;De n-propila
2915.39.32;Acetato de 2-etoxietila
2915.39.39;Outros
2915.39.4;Acetatos de decila ou de hexenila
2915.39.41;De decila
2915.39.42;De hexenila
2915.39.5;Acetatos de benzestrol, de dienoestrol, de hexestrol, de mestilbol ou de estilbestrol
2915.39.51;De benzestrol
2915.39.52;De dienoestrol
2915.39.53;De hexestrol
2915.39.54;De mestilbol
2915.39.55;De estilbestrol
2915.39.6;Acetatos de tricloro-alfa-feniletila, de triclorometilfenilcarbinila ou diacetato de etilenoglicol (diacetato de etileno)
2915.39.61;De tricloro-alfa-feniletila
2915.39.62;De triclorometilfenilcarbinila
2915.39.63;Diacetato de etilenoglicol (diacetato de etileno)
2915.39.9;Outros
2915.39.91;De 2-ter-butilcicloexila
2915.39.92;De bornila
2915.39.93;De dimetilbenzilcarbinila
2915.39.94;Bis(p-acetoxifenil)cicloexilidenometano (ciclofenil)
2915.39.99;Outros
2915.40;-  cidos mono-, di- ou tricloroac ticos, seus sais e seus  steres
2915.40.10; cido monocloroac tico
2915.40.20;Monocloroacetato de s dio
2915.40.90;Outros
2915.50;-  cido propi nico, seus sais e seus  steres
2915.50.10; cido propi nico
2915.50.20;Sais
2915.50.30; steres
2915.60;-  cidos butanoicos,  cidos pentanoicos, seus sais e seus  steres
2915.60.1; cidos butanoicos, seus sais e seus  steres
2915.60.11; cidos butanoicos e seus sais
2915.60.12;Butanoato de etila
2915.60.19;Outros
2915.60.2; cidos pentanoicos, seus sais e seus  steres
2915.60.21; cido piv lico
2915.60.29;Outros
2915.70;-  cido palm tico,  cido este rico, seus sais e seus  steres
2915.70.1; cido palm tico, seus sais e seus  steres
2915.70.11; cido palm tico
2915.70.19;Outros
2915.70.20; cido este rico
2915.70.3;Sais do  cido este rico
2915.70.31;De zinco
2915.70.39;Outros
2915.70.40; steres do  cido este rico
2915.90;- Outros
2915.90.10;Cloreto de cloroacetila
2915.90.2; cido 2-etilexanoico, seus sais e seus  steres
2915.90.21; cido 2-etilexanoico ( cido 2-etilexoico)
2915.90.22;2-Etilexanoato de estanho II
2915.90.23;Di(2-etilexanoato) de trietilenoglicol
2915.90.24;Cloreto de 2-etilexano la
2915.90.29;Outros
2915.90.3;" cido mir stico;  cido capr lico; seus sais e seus  steres"
2915.90.31; cido mir stico
2915.90.32; cido capr lico
2915.90.33;Miristato de isopropila
2915.90.39;Outros
2915.90.4; cido l urico, seus sais e seus  steres
2915.90.41; cido l urico
2915.90.43;Laurato de pentaclorobifenila
2915.90.49;Outros
2915.90.50;Per xidos de  cidos
2915.90.60;Peroxi cidos
2915.90.70; cidos perfluoroctanoicos e seus sais
2915.90.90;Outros
29.16;" cidos monocarbox licos ac clicos n o saturados e  cidos monocarbox licos c clicos, seus anidridos, halogenetos, per xidos e peroxi cidos; seus derivados halogenados, sulfonados, nitrados ou nitrosados."
2916.1;-  cidos monocarbox licos ac clicos n o saturados, seus anidridos, halogenetos, per xidos e peroxi cidos e seus derivados:
2916.11;--  cido acr lico e seus sais
2916.11.10; cido acr lico
2916.11.20;Sais
2916.12;--  steres do  cido acr lico
2916.12.10;De metila
2916.12.20;De etila
2916.12.30;De butila
2916.12.40;De 2-etilexila
2916.12.90;Outros
2916.13;--  cido metacr lico e seus sais
2916.13.10; cido metacr lico
2916.13.20;Sais
2916.14;--  steres do  cido metacr lico
2916.14.10;De metila
2916.14.20;De etila
2916.14.30;De n-butila
2916.14.90;Outros
2916.15;--  cidos oleico, linoleico ou linol nico, seus sais e seus  steres
2916.15.1; cido oleico, seus sais e seus  steres
2916.15.11;Oleato de manitol
2916.15.19;Outros
2916.15.20;" cido linoleico;  cido linol nico; seus sais e seus  steres"
2916.16.00;-- Binapacril (ISO)
2916.19;-- Outros
2916.19.1; cido s rbico, seus sais e seus  steres
2916.19.11;Sorbato de pot ssio
2916.19.19;Outros
2916.19.2; cido undecil nico, seus sais e seus  steres
2916.19.21; cido undecil nico
2916.19.22;Undecilenato de metila
2916.19.23;Undecilenato de zinco
2916.19.29;Outros
2916.19.90;Outros
2916.20;-  cidos monocarbox licos cicl nicos, cicl nicos ou cicloterp nicos, seus anidridos, halogenetos, per xidos, peroxi cidos e seus derivados
2916.20.1;Derivados do  cido ciclopropanocarbox lico
2916.20.11; cido 3-(2,2-dibromovinil)-2,2-dimetilciclopropanocarbox lico
2916.20.12;Cloreto do  cido 3-(2,2-diclorovinil)-2,2-dimetilciclopropanocarbox lico (DVO)
2916.20.13;Aletrinas
2916.20.14;Permetrina
2916.20.15;Bifentrina
2916.20.19;Outros
2916.20.90;Outros
2916.3;-  cidos monocarbox licos arom ticos, seus anidridos, halogenetos, per xidos, peroxi cidos e seus derivados:
2916.31;--  cido benzoico, seus sais e seus  steres
2916.31.10; cido benzoico
2916.31.2;Sais
2916.31.21;De s dio
2916.31.22;De am nio
2916.31.29;Outros
2916.31.3; steres
2916.31.31;De metila
2916.31.32;De benzila
2916.31.39;Outros
2916.32;-- Per xido de benzo la e cloreto de benzo la
2916.32.10;Per xido de benzo la
2916.32.20;Cloreto de benzo la
2916.34.00;--  cido fenilac tico e seus sais
2916.39;-- Outros
2916.39.10;Cloreto de 4-cloro-alfa-(1-metiletil)benzenoacetila
2916.39.20;Ibuprofeno
2916.39.30; cido 4-cloro-3-nitrobenzoico
2916.39.40;Perbenzoato de ter-butila
2916.39.90;Outros
29.17;" cidos policarbox licos, seus anidridos, halogenetos, per xidos e peroxi cidos; seus derivados halogenados, sulfonados, nitrados ou nitrosados."
2917.1;-  cidos policarbox licos ac clicos, seus anidridos, halogenetos, per xidos, peroxi cidos e seus derivados:
2917.11;--  cido ox lico, seus sais e seus  steres
2917.11.10; cido ox lico e seus sais
2917.11.20; steres
2917.12;--  cido ad pico, seus sais e seus  steres
2917.12.10; cido ad pico
2917.12.20;Sais e  steres
2917.13;--  cido azelaico,  cido seb cico, seus sais e seus  steres
2917.13.10; cido azelaico, seus sais e seus  steres
2917.13.2; cido seb cico, seus sais e seus  steres
2917.13.21; cido seb cico
2917.13.22;Sebacato de dibutila
2917.13.23;Sebacato de dioctila
2917.13.29;Outros
2917.14.00;-- Anidrido maleico
2917.19;-- Outros
2917.19.10;Dioctilsulfossuccinato de s dio
2917.19.2; cido maleico, seus sais e seus  steres
2917.19.21; cido maleico
2917.19.22;Sais e  steres
2917.19.30; cido fum rico, seus sais e seus  steres
2917.19.90;Outros
2917.20.00;-  cidos policarbox licos cicl nicos, cicl nicos ou cicloterp nicos, seus anidridos, halogenetos, per xidos, peroxi cidos e seus derivados
2917.3;-  cidos policarbox licos arom ticos, seus anidridos, halogenetos, per xidos, peroxi cidos e seus derivados:
2917.32.00;-- Ortoftalatos de dioctila
2917.33.00;-- Ortoftalatos de dinonila ou de didecila
2917.34.00;-- Outros  steres do  cido ortoft lico
2917.35.00;-- Anidrido ft lico
2917.36.00;--  cido tereft lico e seus sais
2917.37.00;-- Tereftalato de dimetila
2917.39;-- Outros
2917.39.1; cido m-ft lico, seus sais e seus  steres
2917.39.11; steres
2917.39.19;Outros
2917.39.20; cido ortoft lico e seus sais
2917.39.3;Outros  steres do  cido tereft lico
2917.39.31;De dioctila
2917.39.39;Outros
2917.39.40;Sais e  steres do  cido trimel tico (sais e  steres do  cido 1,2,4-benzenotricarbox lico)
2917.39.50;Anidrido trimel tico ( cido 1,3-dioxo-5-isobenzofuranocarbox lico)
2917.39.90;Outros
29.18;" cidos carbox licos que contenham fun  es oxigenadas suplementares e seus anidridos, halogenetos, per xidos e peroxi cidos; seus derivados halogenados, sulfonados, nitrados ou nitrosados."
2918.1;-  cidos carbox licos de fun  o  lcool, mas sem outra fun  o oxigenada, seus anidridos, halogenetos, per xidos, peroxi cidos e seus derivados:
2918.11.00;--  cido l ctico, seus sais e seus  steres
2918.12.00;--  cido tart rico
2918.13;-- Sais e  steres do  cido tart rico
2918.13.10;Sais
2918.13.20; steres
2918.14.00;--  cido c trico
2918.15.00;-- Sais e  steres do  cido c trico
2918.16;--  cido gluc nico, seus sais e seus  steres
2918.16.10;Gluconato de c lcio
2918.16.90;Outros
2918.17.00;--  cido 2,2-difenil-2-hidroxiac tico ( cido benz lico)
2918.18.00;-- Clorobenzilato (ISO)
2918.19;-- Outros
2918.19.10;Bromopropilato
2918.19.2;" cidos biliares, seus sais e seus  steres; derivados destes produtos"
2918.19.21;Ursodiol ( cido ursodeoxic lico)
2918.19.22; cido quenodeoxic lico
2918.19.29;Outros
2918.19.30; cido 12-hidroxieste rico
2918.19.4;Sais e  steres do  cido 2,2-difenil-2-hidroxiac tico ( cido benz lico)
2918.19.42;Sais
2918.19.43; steres
2918.19.90;Outros
2918.2;-  cidos carbox licos de fun  o fenol, mas sem outra fun  o oxigenada, seus anidridos, halogenetos, per xidos, peroxi cidos e seus derivados:
2918.21;--  cido salic lico e seus sais
2918.21.10; cido salic lico
2918.21.20;Sais
2918.22;--  cido o-acetilsalic lico, seus sais e seus  steres
2918.22.1; cido o-acetilsalic lico e seus sais
2918.22.11; cido o-acetilsalic lico
2918.22.12;o-Acetilsalicilato de alum nio
2918.22.19;Outros
2918.22.20; steres
2918.23.00;-- Outros  steres do  cido salic lico e seus sais
2918.29;-- Outros
2918.29.10; cidos hidroxinaftoicos
2918.29.2; cido p-hidroxibenzoico, seus sais e seus  steres
2918.29.21; cido p-hidroxibenzoico
2918.29.22;Metilparabeno
2918.29.23;Propilparabeno
2918.29.29;Outros
2918.29.30; cido g lico, seus sais e seus  steres
2918.29.40;Tetrakis(3-(3,5-di-ter-butil-4-hidroxifenil)propionato) de pentaeritritila
2918.29.50;3-(3,5-Di-ter-butil-4-hidroxifenil)propionato de octadecila
2918.29.90;Outros
2918.30;-  cidos carbox licos de fun  o alde do ou cetona, mas sem outra fun  o oxigenada, seus anidridos, halogenetos, per xidos, peroxi cidos e seus derivados
2918.30.10;Cetoprofeno
2918.30.20;Butirilacetato de metila
2918.30.3; cido deidroc lico e seus sais
2918.30.31; cido deidroc lico
2918.30.32;Deidrocolato de s dio
2918.30.33;Deidrocolato de magn sio
2918.30.39;Outros
2918.30.40;Acetilacetato de 2-nitrometilbenzilideno
2918.30.90;Outros
2918.9;- Outros:
2918.91.00;-- 2,4,5-T (ISO) ( cido 2,4,5-triclorofenoxiac tico), seus sais e seus  steres
2918.99;-- Outros
2918.99.1;" cido fenoxiac tico, seus sais e seus  steres; derivados destes produtos"
2918.99.11; cido fenoxiac tico, seus sais e seus  steres
2918.99.12; cido 2,4-diclorofenoxiac tico (2,4-D), seus sais e seus  steres
2918.99.19;Outros
2918.99.2;" cidos fenoxibutanoicos, seus sais e seus  steres; derivados destes produtos"
2918.99.21; cidos diclorofenoxibutanoicos, seus sais e seus  steres
2918.99.29;Outros
2918.99.30;Acifluorfen s dico
2918.99.40;Naproxeno
2918.99.50; cido 3-(2-cloro-alfa, alfa, alfa-trifluor-p-toliloxi)benzoico
2918.99.60;Diclofop-metila
2918.99.9;Outros
2918.99.91;Fenofibrato
2918.99.92; cidos metilclorofenoxiac ticos, seus sais e seus  steres
2918.99.93;5-(2-Cloro-4-trifluorometilfenoxi)-2-nitrobenzoato de 1'-(carboetoxi)etila (lactofen)
2918.99.94; cido 4-(4-hidroxifenoxi)-3,5-di-iodofenilac tico
2918.99.99;Outros
29.19;" steres fosf ricos e seus sais, incluindo os lactofosfatos; seus derivados halogenados, sulfonados, nitrados ou nitrosados."
2919.10.00;- Fosfato de tris(2,3-dibromopropila)
2919.90;- Outros
2919.90.10;De tributila
2919.90.20;De tricresila
2919.90.30;De trifenila
2919.90.40;Diclorv s (DDVP)
2919.90.50;Lactofosfato de c lcio
2919.90.60;Clorfenvinf s
2919.90.90;Outros
29.20;" steres dos outros  cidos inorg nicos de n o metais (exceto os  steres de halogenetos de hidrog nio) e seus sais; seus derivados halogenados, sulfonados, nitrados ou nitrosados."
2920.1;"-  steres tiofosf ricos (fosforotioatos) e seus sais; seus derivados halogenados, sulfonados, nitrados ou nitrosados:"
2920.11;-- Paration (ISO) e paration-metila (ISO) (metil paration)
2920.11.10;Paration (etil paration)
2920.11.20;Paration-metila (metil paration)
2920.19;-- Outros
2920.19.10;Fenitrotion
2920.19.20;Cloreto de fosforotioato de dimetila
2920.19.90;Outros
2920.2;"-  steres de fosfitos e seus sais; seus derivados halogenados, sulfonados, nitrados ou nitrosados:"
2920.21.00;-- Fosfito de dimetila
2920.22.00;-- Fosfito de dietila
2920.23.00;-- Fosfito de trimetila
2920.24.00;-- Fosfito de trietila
2920.29;-- Outros
2920.29.10;Fosfito de alquila de C3 a C13 ou de alquil-arila
2920.29.20;Fosfito de difenila
2920.29.30;Outros fosfitos, de arila
2920.29.40;Fosetil Al
2920.29.50;Fosfito de tris(2,4-di-ter-butilfenila)
2920.29.90;Outros
2920.30.00;- Endossulfan (ISO)
2920.90;- Outros
2920.90.2;Sulfitos
2920.90.22;Propargite
2920.90.29;Outros
2920.90.3;Nitratos
2920.90.31;De propatila
2920.90.32;Nitroglicerina
2920.90.33;Tetranitrato de pentaeritritol (PETN, nitropenta, pentrita)
2920.90.39;Outros
2920.90.4;Sulfatos
2920.90.41;De alquila de C6 a C22
2920.90.42;De monoalquildietilenoglicol ou de monoalquiltrietilenoglicol
2920.90.49;Outros
2920.90.5;Silicatos
2920.90.51;De etila
2920.90.59;Outros
2920.90.90;Outros
29.21;Compostos de fun  o amina.
2921.1;"- Monoaminas ac clicas e seus derivados; sais destes produtos:"
2921.11;-- Mono-, di- ou trimetilamina e seus sais
2921.11.1;Monometilamina e seus sais
2921.11.11;Monometilamina
2921.11.12;Sais
2921.11.2;Dimetilamina e seus sais
2921.11.21;Dimetilamina
2921.11.22;2,4-Diclorofenoxiacetato de dimetilamina
2921.11.23;Metilclorofenoxiacetato de dimetilamina
2921.11.29;Outros
2921.11.3;Trimetilamina e seus sais
2921.11.31;Trimetilamina
2921.11.32;Cloridrato de trimetilamina
2921.11.39;Outros
2921.12.00;-- Cloridrato de 2-cloroetil(N,N-dimetilamina)
2921.13.00;-- Cloridrato de 2-cloroetil(N,N-dietilamina)
2921.14.00;-- Cloridrato de 2-cloroetil(N,N-di-isopropilamina)
2921.19;-- Outros
2921.19.1;"Etilaminas e seus derivados; sais destes produtos"
2921.19.11;Monoetilamina e seus sais
2921.19.12;Trietilamina
2921.19.13;Bis(2-cloroetil)etilamina
2921.19.14;Triclormetina (DCI) (tris(2-cloroetil)amina)
2921.19.15;Dietilamina e seus sais, exceto etansilato (ethamsylate)
2921.19.19;Outros
2921.19.2;"n-Propilaminas e isopropilaminas; sais destes produtos"
2921.19.21;Mono-n-propilamina e seus sais
2921.19.22;Di-n-propilamina e seus sais
2921.19.23;Monoisopropilamina e seus sais
2921.19.24;Di-isopropilamina e seus sais
2921.19.29;Outros
2921.19.3;Butilaminas e seus sais
2921.19.31;Di-isobutilamina e seus sais
2921.19.39;Outros
2921.19.4;Monoalquilaminas, metildialquilaminas e dialquilaminas, com grupos alquila de C10 a C18
2921.19.41;Metildialquilaminas
2921.19.49;Outras
2921.19.9;Outros
2921.19.91;Clormetina (DCI) (bis(2-cloroetil)metilamina)
2921.19.92;N,N-Dialquil-2-cloroetilamina, com grupos alquila de C1 a C3, e seus sais protonados
2921.19.93;Mucato de isometepteno
2921.19.94;N,N-Dimetilcetilamina
2921.19.99;Outros
2921.2;"- Poliaminas ac clicas e seus derivados; sais destes produtos:"
2921.21.00;-- Etilenodiamina e seus sais
2921.22.00;-- Hexametilenodiamina e seus sais
2921.29;-- Outros
2921.29.10;Dietilenotriamina e seus sais
2921.29.20;Trietilenotetramina e seus sais
2921.29.90;Outros
2921.30;"- Monoaminas e poliaminas, cicl nicas, cicl nicas ou cicloterp nicas, e seus derivados; sais destes produtos"
2921.30.1;Cicloexilaminas e seus sais
2921.30.11;Monocicloexilamina e seus sais
2921.30.12;Dicicloexilamina
2921.30.19;Outros
2921.30.20;Propilexedrina
2921.30.90;Outros
2921.4;"- Monoaminas arom ticas e seus derivados; sais destes produtos:"
2921.41.00;-- Anilina e seus sais
2921.42;-- Derivados da anilina e seus sais
2921.42.1; cidos aminobenzenossulf nicos e seus sais
2921.42.11; cido sulfan lico e seus sais
2921.42.19;Outros
2921.42.2;Cloroanilinas e seus sais
2921.42.21;3,4-Dicloroanilina e seus sais
2921.42.29;Outros
2921.42.3;Nitroanilinas e seus sais
2921.42.31;4-Nitroanilina
2921.42.39;Outros
2921.42.4;Cloronitroanilinas e seus sais
2921.42.41;5-Cloro-2-nitroanilina
2921.42.49;Outros
2921.42.90;Outros
2921.43;"-- Toluidinas e seus derivados; sais destes produtos"
2921.43.1;Toluidinas e seus sais
2921.43.11;o-Toluidina
2921.43.19;Outros
2921.43.2;"Derivados das toluidinas; sais destes produtos"
2921.43.21;3-Nitro-4-toluidina e seus sais
2921.43.22;Trifluralina
2921.43.23;4-Cloro-2-toluidina
2921.43.29;Outros
2921.44;"-- Difenilamina e seus derivados; sais destes produtos"
2921.44.10;Difenilamina e seus sais
2921.44.2;"Derivados da difenilamina; sais destes produtos"
2921.44.21;n-Octildifenilamina
2921.44.22;n-Nonildifenilamina
2921.44.29;Outros
2921.45.00;"-- 1-Naftilamina (alfa-naftilamina), 2-naftilamina (beta-naftilamina), e seus derivados; sais destes produtos"
2921.46;"-- Anfetamina (DCI), benzofetamina (DCI), dexanfetamina (DCI), etilanfetamina (DCI), fencanfamina (DCI), fentermina (DCI), lefetamina (DCI), levanfetamina (DCI) e mefenorex (DCI); sais destes produtos"
2921.46.10;Anfetamina e seus sais
2921.46.20;Benzofetamina e seus sais
2921.46.30;Dexanfetamina e seus sais
2921.46.40;Etilanfetamina e seus sais
2921.46.50;Fencanfamina e seus sais
2921.46.60;Fentermina e seus sais
2921.46.70;Lefetamina e seus sais
2921.46.80;Levanfetamina e seus sais
2921.46.90;Mefenorex e seus sais
2921.49;-- Outros
2921.49.10;Cloridrato de fenfluramina
2921.49.2;"Xilidinas e seus derivados; sais destes produtos"
2921.49.21;2,4-Xilidina e seus sais
2921.49.22;Pendimetalina
2921.49.29;Outros
2921.49.3;Tranilcipromina e seus sais
2921.49.31;Sulfato de tranilcipromina
2921.49.39;Outros
2921.49.90;Outros
2921.5;"- Poliaminas arom ticas e seus derivados; sais destes produtos:"
2921.51;"-- o-, m-, p-Fenilenodiamina, diaminotoluenos, e seus derivados; sais destes produtos"
2921.51.1;"o-, m-, p-Fenilenodiamina; diaminotoluenos; sais destes produtos"
2921.51.11;m-Fenilenodiamina e seus sais
2921.51.12;Diaminotoluenos (toluilenodiaminas)
2921.51.19;Outros
2921.51.20;"Derivados sulfonados das fenilenodiaminas e de seus derivados; sais destes produtos"
2921.51.3;"Outros derivados das fenilenodiaminas; sais destes produtos"
2921.51.31;N,N'-Di-sec-butil-p-fenilenodiamina
2921.51.32;N-Isopropil-N'-fenil-p-fenilenodiamina
2921.51.33;N-(1,3-Dimetilbutil)-N'-fenil-p-fenilenodiamina
2921.51.34;N-(1,4-Dimetilpentil)-N'-fenil-p-fenilenodiamina
2921.51.35;N-Fenil-p-fenilenodiamina (4-aminodifenilamina) e seus sais
2921.51.39;Outros
2921.51.90;Outros
2921.59;-- Outros
2921.59.1;"Benzidina e seus derivados; sais destes produtos"
2921.59.11;3,3'-Diclorobenzidina
2921.59.19;Outros
2921.59.2;Diaminodifenilmetanos
2921.59.21;4,4'-Diaminodifenilmetano
2921.59.29;Outros
2921.59.3;"Diaminodifenilaminas e seus derivados; sais destes produtos"
2921.59.31;4,4'-Diaminodifenilamina e seus sais
2921.59.32; cido 4,4'-diaminodifenilamino-2-sulf nico e seus sais
2921.59.39;Outros
2921.59.90;Outros
29.22;Compostos aminados de fun  es oxigenadas.
2922.1;"- Amino lcoois, exceto os que contenham mais de um tipo de fun  o oxigenada, seus  teres e seus  steres; sais destes produtos:"
2922.11.00;-- Monoetanolamina e seus sais
2922.12.00;-- Dietanolamina e seus sais
2922.14.00;-- Dextropropoxifeno (DCI) e seus sais
2922.15.00;-- Trietanolamina
2922.16.00;-- Perfluoroctanossulfonato de dietanolam nio
2922.17.00;-- Metildietanolamina e etildietanolamina
2922.18.00;-- 2-(N,N-di-isopropilamino)etanol
2922.19;-- Outros
2922.19.1;"Propanolaminas e seus sais; derivados destes produtos"
2922.19.11;Monoisopropanolamina
2922.19.12;2,4-Diclorofenoxiacetato de triisopropanolamina
2922.19.13;2,4-Diclorofenoxiacetato de dimetilpropanolamina
2922.19.19;Outros
2922.19.2;Orfenadrina e seus sais
2922.19.21;Citrato
2922.19.29;Outros
2922.19.3;Ambroxol e seus sais
2922.19.31;Cloridrato
2922.19.39;Outros
2922.19.4;Clobutinol e seus sais
2922.19.41;Cloridrato
2922.19.49;Outros
2922.19.5;N,N-Dialquil-2-aminoetanol, com grupos alquila de C1 a C3, e seus sais protonados
2922.19.51;N,N-Dimetil-2-aminoetanol e seus sais protonados
2922.19.52;N,N-Dietil-2-aminoetanol e seus sais protonados
2922.19.59;Outros
2922.19.7;Propafenona e seus sais
2922.19.71;Cloridrato
2922.19.79;Outros
2922.19.8;Metoprolol e seus sais
2922.19.81;Tartarato
2922.19.89;Outros
2922.19.9;Outros
2922.19.91;1-p-Nitrofenil-2-amino-1,3-propanodiol
2922.19.92;Fumarato de benciclano
2922.19.93;Clembuterol (clenbuterol) e seu cloridrato
2922.19.94;Mirteca na
2922.19.95;Tamoxifen e seu citrato
2922.19.96;Propranolol e seus sais
2922.19.99;Outros
2922.2;"- Aminonaft is e outros aminofen is, exceto os que contenham mais de um tipo de fun  o oxigenada, seus  teres e  steres; sais destes produtos:"
2922.21.00;--  cidos aminohidroxinaftalenossulf nicos e seus sais
2922.29;-- Outros
2922.29.1;o-, m-, p-Aminofen is, e seus sais
2922.29.11;p-Aminofenol
2922.29.19;Outros
2922.29.20;Nitroanisidinas e seus sais
2922.29.90;Outros
2922.3;"- Aminoalde dos, aminocetonas e aminoquinonas, exceto de fun  es oxigenadas diferentes; sais destes produtos:"
2922.31;"-- Anfepramona (DCI), metadona (DCI) e normetadona (DCI); sais destes produtos"
2922.31.1;Anfepramona e seus sais
2922.31.11;Anfepramona
2922.31.12;Sais
2922.31.20;Metadona e seus sais
2922.31.30;Normetadona e seus sais
2922.39;-- Outros
2922.39.10;Aminoantraquinonas e seus sais
2922.39.2;Ketamina e seus sais
2922.39.21;Cloridrato
2922.39.29;Outros
2922.39.90;Outros
2922.4;"- Amino cidos, exceto os que contenham mais de um tipo de fun  o oxigenada, e seus  steres; sais destes produtos:"
2922.41;"-- Lisina e seus  steres; sais destes produtos"
2922.41.10;Lisina
2922.41.90;Outros
2922.42;--  cido glut mico e seus sais
2922.42.10; cido glut mico
2922.42.20;Sais
2922.43.00;--  cido antran lico e seus sais
2922.44;-- Tilidina (DCI) e seus sais
2922.44.10;Tilidina
2922.44.20;Sais
2922.49;-- Outros
2922.49.10;Glicina e seus sais
2922.49.20; cido etilenodiaminotetrac tico (EDTA) e seus sais
2922.49.3; cido iminodiac tico e seus sais
2922.49.31; cido iminodiac tico
2922.49.32;Sais
2922.49.40; cido dietilenotriaminopentac tico e seus sais
2922.49.5;"alfa-Fenilglicina e seus sais; derivados destes produtos"
2922.49.51;alfa-Fenilglicina
2922.49.52;Cloridrato de cloreto de D(-)alfa-aminobenzenoacetila
2922.49.59;Outros
2922.49.6;"Diclofenaco e seus sais; derivados destes produtos"
2922.49.61;Diclofenaco de s dio
2922.49.62;Diclofenaco de pot ssio
2922.49.63;Diclofenaco de dietilam nio
2922.49.64;Diclofenaco
2922.49.69;Outros
2922.49.90;Outros
2922.50;- Amino lcoois-fen is, amino cidos-fen is e outros compostos aminados de fun  es oxigenadas
2922.50.1;Fenilefrina e seus sais
2922.50.11;Cloridrato
2922.50.19;Outros
2922.50.3;"Tirosina e seus derivados; sais destes produtos"
2922.50.31;Levodopa
2922.50.32;Metildopa
2922.50.39;Outros
2922.50.9;Outros
2922.50.91;N-(1-(Metoxicarbonil)propen-2-il)-alfa-amino-p-hidroxifenilacetato de s dio (NAPOH)
2922.50.99;Outros
29.23;"Sais e hidr xidos de am nio quatern rios; lecitinas e outros fosfoaminolip dios, de constitui  o qu mica definida ou n o."
2923.10.00;- Colina e seus sais
2923.20.00;- Lecitinas e outros fosfoaminolip dios
2923.30.00;- Perfluoroctanossulfonato de tetraetilam nio
2923.40.00;- Perfluoroctanossulfonato de didecildimetilam nio
2923.90;- Outros
2923.90.10;Beta na e seus sais
2923.90.20;Derivados da colina
2923.90.30;Cloreto de 3-cloro-2-hidroxipropiltrimetilam nio
2923.90.40;Halogenetos de alquil-trimetilam nio, com grupo alquila de C6 a C22
2923.90.50;Halogenetos de dialquil-dimetilam nio ou de alquil-benzil-dimetilam nio, com grupo alquila de C6 a C22
2923.90.60;Halogenetos de pentametil-alquil-propilenodiam nio, com grupo alquila de C6 a C22
2923.90.90;Outros
29.24;"Compostos de fun  o carboxiamida; compostos de fun  o amida do  cido carb nico."
2924.1;"- Amidas (incluindo os carbamatos) ac clicas e seus derivados; sais destes produtos:"
2924.11.00;-- Meprobamato (DCI)
2924.12;-- Fluoracetamida (ISO), fosfamidona (ISO) e monocrotof s (ISO)
2924.12.10;Fluoracetamida
2924.12.20;Fosfamidona
2924.12.30;Monocrotof s
2924.19;-- Outros
2924.19.1;"Acetoacetamida e seus derivados; sais destes produtos"
2924.19.11;2-Cloro-N-metilacetoacetamida
2924.19.19;Outros
2924.19.2;"Formamidas; acetamidas"
2924.19.21;N-Metilformamida
2924.19.22;N,N-Dimetilformamida
2924.19.29;Outras
2924.19.3;Acrilamidas e seus derivados
2924.19.31;Acrilamida
2924.19.32;Metacrilamidas
2924.19.39;Outros
2924.19.4;Crotonamidas e seus derivados
2924.19.42;Dicrotof s
2924.19.49;Outros
2924.19.9;Outros
2924.19.91;N,N'-Dimetilureia
2924.19.92;Carisoprodol
2924.19.93;N,N'-(Diestearoil)etilenodiamina (N,N'-etilen-bis-estearamida)
2924.19.94;Dietanolamidas de  cidos graxos (gordos) de C12 a C18
2924.19.99;Outros
2924.2;"- Amidas (incluindo os carbamatos) c clicas e seus derivados; sais destes produtos:"
2924.21;"-- Ure nas e seus derivados; sais destes produtos"
2924.21.1;"Carbanilida e seus derivados; sais destes produtos"
2924.21.11;Hexanitrocarbanilidas
2924.21.19;Outros
2924.21.20;Diuron
2924.21.90;Outros
2924.23.00;--  cido 2-acetamidobenzoico ( cido N-acetilantran lico) e seus sais
2924.24.00;-- Etinamato (DCI)
2924.25.00;-- Alaclor (ISO)
2924.29;-- Outros
2924.29.1;"Acetanilida e seus derivados; sais destes produtos"
2924.29.11;Acetanilida
2924.29.12;4-Aminoacetanilida
2924.29.13;Acetaminofen (paracetamol)
2924.29.14;Lidoca na e seu cloridrato
2924.29.15;2,5-Dimetoxiacetanilida
2924.29.19;Outros
2924.29.20;"Anilidas dos  cidos hidroxinaftoicos e seus derivados; sais destes produtos"
2924.29.3;Carbamatos
2924.29.31;Carbaril
2924.29.32;Propoxur
2924.29.39;Outros
2924.29.4;Acetamidas e seus derivados
2924.29.41;Teclozam
2924.29.43;"Atenolol; metolaclor"
2924.29.44; cido iox glico
2924.29.45;Iodamida
2924.29.46;Cloreto do  cido p-acetamidobenzenossulf nico
2924.29.47; cido ioxital mico
2924.29.49;Outros
2924.29.5;"Metoxibenzamidas e seus derivados; sais destes produtos"
2924.29.51;Bromoprida
2924.29.52;Metoclopramida e seu cloridrato
2924.29.59;Outros
2924.29.6;"Propanamidas e seus derivados; sais destes produtos"
2924.29.61;Propanil
2924.29.62;Flutamida
2924.29.63;Priloca na e seu cloridrato
2924.29.64;Iobitridol
2924.29.69;Outros
2924.29.9;Outros
2924.29.91;Aspartame
2924.29.92;Diflubenzurom
2924.29.93;Metalaxil
2924.29.94;Triflumurom
2924.29.95;Buclosamida
2924.29.96;Benzoato de denat nio
2924.29.99;Outros
29.25;Compostos de fun  o carboxiimida (incluindo a sacarina e seus sais) ou de fun  o imina.
2925.1;"- Imidas e seus derivados; sais destes produtos:"
2925.11.00;-- Sacarina e seus sais
2925.12.00;-- Glutetimida (DCI)
2925.19;-- Outros
2925.19.10;Talidomida
2925.19.90;Outros
2925.2;"- Iminas e seus derivados; sais destes produtos:"
2925.21.00;-- Clordimeforme (ISO)
2925.29;-- Outros
2925.29.1;Arginina e seus sais
2925.29.11;Aspartato de L-arginina
2925.29.19;Outros
2925.29.2;"Guanidina e seus derivados; sais destes produtos"
2925.29.21;Guanidina
2925.29.22;N,N'-Difenilguanidina
2925.29.23;Clorexidina e seus sais
2925.29.29;Outros
2925.29.30;Amitraz
2925.29.40;Isetionato de pentamidina
2925.29.50;N-(3,7-Dimetil-7-hidroxioctilideno)antranilato de metila
2925.29.90;Outros
29.26;Compostos de fun  o nitrila.
2926.10.00;- Acrilonitrila
2926.20.00;- 1-Cianoguanidina (diciandiamida)
2926.30;"- Fenproporex (DCI) e seus sais; intermedi rio da metadona (DCI) (4-ciano-2-dimetilamino-4,4-difenilbutano)"
2926.30.1;Fenproporex e seus sais
2926.30.11;Fenproporex
2926.30.12;Sais
2926.30.20;Intermedi rio da metadona
2926.40.00;- alfa-Fenilacetoacetonitrila
2926.90;- Outros
2926.90.1;Verapamil e seus sais
2926.90.11;Verapamil
2926.90.12;Cloridrato
2926.90.19;Outros
2926.90.2;" lcool alfa-ciano-3-fenoxibenz lico e seus derivados;  steres destes produtos"
2926.90.21; lcool alfa-ciano-3-fenoxibenz lico
2926.90.22;Ciflutrina
2926.90.23;Cipermetrina
2926.90.24;Deltametrina
2926.90.25;Fenvalerato
2926.90.26;Cialotrina (cyhalothrin)
2926.90.29;Outros
2926.90.30;Sais de intermedi rio da metadona
2926.90.9;Outros
2926.90.91;Adiponitrila (1,4-dicianobutano)
2926.90.92;Cianidrina de acetona (acetona cianidrina)
2926.90.93;Closantel
2926.90.95;Clorotalonil
2926.90.96;Cianoacrilatos de etila
2926.90.99;Outros
2927.00;Compostos diazoicos, azoicos ou az xicos.
2927.00.10;Compostos diazoicos
2927.00.2;Compostos azoicos
2927.00.21;Azodicarbonamida
2927.00.29;Outros
2927.00.30;Compostos az xicos
2928.00;Derivados org nicos da hidrazina e da hidroxilamina.
2928.00.1;"Acetoxima e seus derivados; sais destes produtos"
2928.00.11;Metiletilacetoxima
2928.00.19;Outros
2928.00.20;Carbidopa
2928.00.30;2-Hidrazinoetanol
2928.00.4;Fenilidrazina e seus derivados
2928.00.41;Fenilidrazina
2928.00.42;Derivados
2928.00.90;Outros
29.29;Compostos de outras fun  es nitrogenadas (azotadas).
2929.10;- Isocianatos
2929.10.10;Di-isocianato de difenilmetano
2929.10.2;Di-isocianatos de tolueno
2929.10.21;Mistura de is meros
2929.10.29;Outros
2929.10.30;Isocianato de 3,4-diclorofenila
2929.10.90;Outros
2929.90;- Outros
2929.90.1; cido cicl mico e seus sais
2929.90.11;De s dio
2929.90.12;De c lcio
2929.90.19;Outros
2929.90.3;Dialogenetos de N,N-dialquilfosforoamidatos, com grupos alquila de C1 a C3
2929.90.31;Dicloreto de N,N-dimetilfosforoam dico
2929.90.39;Outros
2929.90.40;N,N-Dialquilfosforoamidatos de dialquila, com grupos alquila de C1 a C3
2929.90.50;Fosfonamidofluoridatos de N-(1-(dialquila (de at  C10, incluindo cicloalquila)amino))alquilideno (H ou de at  C10, incluindo cicloalquila) e sais alquilados ou protonados destes produtos
2929.90.60;Fosforamidofluoridatos de O-alquila (H ou de at  C10, incluindo cicloalquila) N-(1-(dialquila (de at  C10, incluindo  cicloalquila)amino))alquilideno (H ou de at  C10, incluindo cicloalquila) e sais alquilados ou protonados destes produtos
2929.90.90;Outros
29.30;Tiocompostos org nicos.
2930.10.00;- 2-(N,N-Dimetilamino)etanotiol
2930.20;- Tiocarbamatos e ditiocarbamatos
2930.20.1;Tiocarbamatos
2930.20.11;EPTC
2930.20.12;Cartap
2930.20.13;Tiobencarb (dietiltiocarbamato de S-4-clorobenzila)
2930.20.19;Outros
2930.20.2;Ditiocarbamatos
2930.20.21;"Ziram; dimetilditiocarbamato de s dio"
2930.20.22;Dietilditiocarbamato de zinco
2930.20.23;Dibutilditiocarbamato de zinco
2930.20.24;Metam s dio
2930.20.29;Outros
2930.30;- Mono-, di- ou tetrassulfetos de tiourama
2930.30.1;Monossulfetos
2930.30.11;De tetrametiltiourama
2930.30.12;Sulfiram
2930.30.19;Outros
2930.30.2;Dissulfetos
2930.30.21;Thiram
2930.30.22;Dissulfiram
2930.30.29;Outros
2930.30.90;Outros
2930.40;- Metionina
2930.40.10;DL-Metionina, com um teor de cinzas sulfatadas superior a 0,1 %, em peso
2930.40.90;Outra
2930.60.00;- 2-(N,N-Dietilamino)etanotiol
2930.70.00;- Sulfeto de bis(2-hidroxietila) (tiodiglicol (DCI))
2930.80;- Aldicarb (ISO), captafol (ISO) e metamidof s (ISO)
2930.80.10;Aldicarb
2930.80.20;Captafol
2930.80.30;Metamidof s
2930.90;- Outros
2930.90.1;"Ti is e seus derivados; sais destes produtos"
2930.90.11; cido tioglic lico e seus sais
2930.90.12;Ciste na
2930.90.13;N,N-Dialquil-2-aminoetanotiol, com grupos alquila de C1 a C3, e seus sais protonados
2930.90.19;Outros
2930.90.2;"Tioamidas e seus derivados; sais destes produtos"
2930.90.21;Tioureia
2930.90.22;Tiofanato-Metila
2930.90.23;4-Metil-3-tiosemicarbazida
2930.90.29;Outros
2930.90.3;"Tio teres, tio steres e seus derivados, exceto os produtos do item 2930.90.8; sais destes produtos"
2930.90.31;2-(Etiltio)etanol, com uma concentra  o igual ou superior a 98 %, em peso
2930.90.32;3-(Metiltio)propanal
2930.90.33;Clorotioformiato de S-etila
2930.90.34; cido 2-hidroxi-4-(metiltio)butanoico e seu sal c lcico
2930.90.35;Metomil
2930.90.36;Carbociste na
2930.90.37;"4-Sulfatoetilsulfonil-2,5-dimetoxianilina; 4-sulfatoetilsulfonil-2-metoxi-5-metilanilina; 4-sulfatoetilsulfonil-2-metoxianilina"
2930.90.39;Outros
2930.90.4;"Fosforotioatos e seus derivados; sais destes produtos"
2930.90.41;Fosforotioato de O,O-dietila e de S-[2-(dietilamino)etila] e seus sais alquilados ou protonados
2930.90.42;Fosforotioato de O,O-dimetila e de S-[2-(1-metilcarbamoiletiltio)-etila)] (vamidotion)
2930.90.43;Fosforotioato de O-(4-bromo-2-clorofenila) O-etila e de S-propila (profenof s)
2930.90.49;Outros
2930.90.5;"Fosforoditioatos e seus derivados; sais destes produtos"
2930.90.51;"Forato (ISO); terbuf s (ISO)"
2930.90.52;Dissulfoton
2930.90.53;Etion
2930.90.54;Dimetoato
2930.90.57;Fosforoditioato de O,O-dimetila e de S-[2-(etiltio)etila] (tiometon)
2930.90.59;Outros
2930.90.6;"Fosforoamidotioatos e seus derivados; sais destes produtos"
2930.90.61;Acefato
2930.90.69;Outros
2930.90.7;Sulfonas
2930.90.71;Tiaprida
2930.90.72;Bicalutamida
2930.90.79;Outras
2930.90.8;"Sulfeto de 2-cloroetila e de clorometila; sulfeto de bis(2-cloroetila); bis(2-cloroetiltio)metano; 1,2-bis(2-cloroetiltio)etano; 1,3-bis(2-cloroetiltio)-n-propano; 1,4-bis(2-cloroetiltio)-n-butano; 1,5-bis(2-cloroetiltio)-n-pentano;  xido de bis(2-cloroetiltiometila);  xido de bis(2-cloroetiltioetila)"
2930.90.81;Sulfeto de 2-cloroetila e de clorometila
2930.90.82;Sulfeto de bis(2-cloroetila)
2930.90.83;Bis(2-cloroetiltio)metano
2930.90.84;1,2-Bis(2-cloroetiltio)etano
2930.90.85;1,3-Bis(2-cloroetiltio)-n-propano
2930.90.86;1,4-Bis(2-cloroetiltio)-n-butano
2930.90.87;1,5-Bis(2-cloroetiltio)-n-pentano
2930.90.88; xido de bis(2-cloroetiltiometila)
2930.90.89; xido de bis(2-cloroetiltioetila)
2930.90.9;Outros
2930.90.91;Captan
2930.90.93;Metileno-bis-tiocianato
2930.90.94;Dimetiltiofosforamida
2930.90.95;Etilditiofosfonato de O-etila e de S-fenila (fonof s)
2930.90.96;"Hidrog nio alquil(de C1 a C3)fosfonotioatos de [S-2-(dialquil(de C1 a C3)amino)etila], seus  steres de O-alquila (de at  C10, incluindo os cicloalquila); sais alquilados ou protonados destes produtos"
2930.90.97;Outros compostos que contenham um  tomo de f sforo ligado a um grupo alquila (de C1 a C3) mas sem outros  tomos de carbono
2930.90.98;Ditiocarbonatos (xantatos e xantogenatos)
2930.90.99;Outros
29.31;Outros compostos organo-inorg nicos.
2931.10.00;- Tetrametila de chumbo e tetraetila de chumbo
2931.20.00;- Compostos de tributilestanho
2931.4;- Derivados organofosforados n o halogenados:
2931.41.00;-- Metilfosfonato de dimetila
2931.42.00;-- Propilfosfonato de dimetila
2931.43.00;-- Etilfosfonato de dietila
2931.44.00;--  cido metilfosf nico
2931.45.00;-- Sal do  cido metilfosf nico e de (aminoiminometil)ureia (1:1)
2931.46.00;-- 2,4,6-Tri xido de 2,4,6-tripropil-1,3,5,2,4,6-trioxatrifosfinano
2931.47.00;-- Metilfosfonato de (5-etil-2-metil-2- xido-1,3,2-dioxafosfinan-5-il)metil metila
2931.48.00;-- 3,9-Di xido de 3,9-dimetil-2,4,8,10-tetraoxa-3,9-difosfaspiro[5.5]undecano
2931.49;-- Outros
2931.49.1;" cido fosfonometiliminodiac tico;  cido aminotrimetilenofosf nico; difenilfosfonato(4,4'-bis((dimetoxifosfinil)metil)difenila); etidronato diss dico; glifosato e seu sal de monoisopropilamina; glufosinato de am nio; hidrogenofosfonato de bis(2-etilexilo)"
2931.49.11;" cido fosfonometiliminodiac tico;  cido aminotrimetilenofosf nico"
2931.49.12;Difenilfosfonato(4,4'-bis((dimetoxifosfinil)metil)difenila)
2931.49.13;Etidronato diss dico
2931.49.14;Glifosato e seu sal de monoisopropilamina
2931.49.15;Glufosinato de am nio
2931.49.16;Hidrogenofosfonato de bis(2-etilexilo)
2931.49.20;"Hidrog nio alquil(de C1 a C3)fosfonitos de [O-2-(dialquil(de C1 a C3)amino)etila], seus  steres de O-alquila (de at  C10, incluindo os cicloalquila); sais alquilados ou protonados destes produtos"
2931.49.3;Outros compostos que contenham um  tomo de f sforo ligado a um grupo alquila (de C1 a C3) mas sem outros  tomos de carbono
2931.49.31;Metilfosfinato de butila
2931.49.32;Metilfosfonato de bis(1-metilpentila)
2931.49.39;Outros
2931.49.40;N,N-Dialquil(de C1 a C3)fosforoamidocianidatos de O-alquila (de at  C10, incluindo os cicloalquila)
2931.49.90;Outros
2931.5;- Derivados organofosforados halogenados:
2931.51.00;-- Dicloreto metilfosf nico
2931.52.00;-- Dicloreto propilfosf nico
2931.53.00;-- Metilfosfonotionato de O-(3-cloropropil) O-[4-nitro-3-(trifluorometil)fenila]
2931.54.00;-- Triclorfom (ISO)
2931.59;-- Outros
2931.59.1;" cido clodr nico e seu sal diss dico; etefon; fotemustina"
2931.59.11; cido clodr nico e seu sal diss dico
2931.59.12;Etefon
2931.59.13;Fotemustina
2931.59.9;Outros
2931.59.91;Alquil(de C1 a C3)fosfonofluoridatos de O-alquila (de at  C10, incluindo os cicloalquila)
2931.59.92;Metilfosfonocloridato de O-isopropila
2931.59.93;Metilfosfonocloridato de O-pinacolila
2931.59.94;Difluoreto de alquilfosfonila, com grupo alquila de C1 a C3
2931.59.95;Fosfonamidofluoridatos de P-alquila (de at  C10, incluindo cicloalquila) N-(1-(dialquila (de at  C10, incluindo cicloalquila)amino))alquilideno (H ou de at  C10, incluindo cicloalquila) e sais alquilados ou protonados destes produtos
2931.59.96;(Bis(dietilamina)metileno)fosfonamidofluoridato de metila
2931.59.98;Outros compostos que contenham um  tomo de f sforo ligado a um grupo alquila (de C1 a C3) mas sem outros  tomos de carbono
2931.59.99;Outros
2931.90;- Outros
2931.90.2;Compostos organossil cicos
2931.90.21;Bis(trimetilsilil)ureia
2931.90.29;Outros
2931.90.4;Compostos organomet licos do estanho
2931.90.41;Acetato de trifenilestanho
2931.90.42;Tetraoctilestanho
2931.90.43;Ciexatin
2931.90.44;Hidr xido de trifenilestanho
2931.90.45; xido de fembutatina
2931.90.46;Sais de dimetil-estanho, de dibutil-estanho e de dioctil-estanho, dos  cidos carbox licos ou tioglic licos e de seus  steres
2931.90.49;Outros
2931.90.5;Compostos organoarseniais
2931.90.51; cido metilars nico e seus sais
2931.90.52;2-Clorovinil-dicloroarsina
2931.90.53;Bis(2-clorovinil)cloroarsina
2931.90.54;Tris(2-clorovinil)arsina
2931.90.59;Outros
2931.90.6;Compostos organoalum nicos
2931.90.61;Tricloreto de etilalum nio (sesquicloreto de etilalum nio)
2931.90.62;Cloreto de dietilalum nio
2931.90.69;Outros
2931.90.90;Outros
29.32;Compostos heteroc clicos exclusivamente de hetero tomo(s) de oxig nio.
2932.1;- Compostos cuja estrutura cont m um ciclo furano (hidrogenado ou n o) n o condensado:
2932.11.00;-- Tetra-hidrofurano
2932.12.00;-- 2-Furalde do (furfural)
2932.13;--  lcool furfur lico e  lcool tetra-hidrofurfur lico
2932.13.10; lcool furfur lico
2932.13.20; lcool tetra-hidrofurfur lico
2932.14.00;-- Sucralose
2932.19;-- Outros
2932.19.10;Ranitidina e seus sais
2932.19.20;Nafronil
2932.19.30;Nitrovin
2932.19.40;Bioresmetrina
2932.19.50;Diacetato de 5-nitrofurfurilideno (NFDA)
2932.19.90;Outros
2932.20.00;- Lactonas
2932.9;- Outros:
2932.91.00;-- Isosafrol
2932.92.00;-- 1-(1,3-Benzodioxol-5-il)propan-2-ona
2932.93.00;-- Piperonal
2932.94.00;-- Safrol
2932.95.00;-- Tetra-hidrocanabin is (todos os is meros)
2932.96.00;-- Carbofurano (ISO)
2932.99;-- Outros
2932.99.1;"Eucaliptol; quercetina; dinitrato de isossorbida"
2932.99.11;Eucaliptol
2932.99.12;Quercetina
2932.99.13;Dinitrato de isossorbida
2932.99.9;Outros
2932.99.91;Cloridrato de amiodarona
2932.99.92;1,3,4,6,7,8-Hexaidro-4,6,6,7,8,8-hexametilciclopenta-gama-2-benzopirano
2932.99.93;Dibenzilideno-sorbitol
2932.99.94;Carbosulfan ((dibutilaminotio)metilcarbamato de 2,3-di-hidro-2,2-dimetilbenzofuran-7-ila)
2932.99.99;Outros
29.33;Compostos heteroc clicos exclusivamente de hetero tomo(s) de nitrog nio (azoto).
2933.1;- Compostos cuja estrutura cont m um ciclo pirazol (hidrogenado ou n o) n o condensado:
2933.11;-- Fenazona (antipirina) e seus derivados
2933.11.1; cido 1-fenil-2,3-dimetil-5-pirazolona-4-metilaminometanossulf nico e seus sais
2933.11.11;Dipirona
2933.11.12;Magnopirol (dipirona magn sica)
2933.11.19;Outros
2933.11.20;Metileno-bis(4-metilamino-1-fenil-2,3-dimetil)pirazolona
2933.11.90;Outros
2933.19;-- Outros
2933.19.1;Fenilbutazona e seus sais
2933.19.11;Fenilbutazona c lcica
2933.19.19;Outros
2933.19.90;Outros
2933.2;- Compostos cuja estrutura cont m um ciclo imidazol (hidrogenado ou n o) n o condensado:
2933.21;-- Hidanto na e seus derivados
2933.21.10;Iprodiona
2933.21.2;Fenito na e seus sais
2933.21.21;Fenito na e seu sal s dico
2933.21.29;Outros
2933.21.90;Outros
2933.29;-- Outros
2933.29.1;Cuja estrutura cont m um ciclo nitroimidazol
2933.29.11;2-Metil-5-nitroimidazol
2933.29.12;Metronidazol e seus sais
2933.29.13;Tinidazol
2933.29.19;Outros
2933.29.2;Cuja estrutura cont m um ciclo benzeno clorado, exceto os que contenham um ciclo nitroimidazol
2933.29.21;Econazol e seu nitrato
2933.29.22;Nitrato de miconazol
2933.29.23;Cloridrato de clonidina
2933.29.24;Nitrato de isoconazol
2933.29.25;Clotrimazol
2933.29.29;Outros
2933.29.30;Cimetidina e seus sais
2933.29.40;4-Metil-5-hidroximetilimidazol e seus sais
2933.29.9;Outros
2933.29.91;Imidazol
2933.29.92;Histidina e seus sais
2933.29.93;Ondansetron e seus sais
2933.29.94;1-Hidroxietil-2-undecanoilimidazolina
2933.29.95;1-Hidroxietil-2-(8-heptadecenoil)imidazolina
2933.29.99;Outros
2933.3;- Compostos cuja estrutura cont m um ciclo piridina (hidrogenado ou n o) n o condensado:
2933.31;-- Piridina e seus sais
2933.31.10;Piridina
2933.31.20;Sais
2933.32.00;-- Piperidina e seus sais
2933.33;"-- Alfentanila (DCI), anileridina (DCI), bezitramida (DCI), bromazepam (DCI), carfentanila (DCI), cetobemidona (DCI), difenoxilato (DCI), difenoxina (DCI), dipipanona (DCI), fenciclidina (DCI) (PCP), fenoperidina (DCI), fentanila (DCI), metilfenidato (DCI), pentazocina (DCI), petidina (DCI), intermedi rio A da petidina (DCI), pipradrol (DCI), piritramida (DCI), propiram (DCI), remifentanila (DCI) e trimeperidina (DCI); sais destes produtos"
2933.33.1;"Alfentanila e anileridina; sais destes produtos"
2933.33.11;Alfentanila
2933.33.12;Anileridina
2933.33.19;Outros
2933.33.2;"Bezitramida e bromazepam; sais destes produtos"
2933.33.21;Bezitramida
2933.33.22;Bromazepam
2933.33.29;Outros
2933.33.3;"Carfentanila e cetobemidona; sais destes produtos"
2933.33.31;Carfentanila
2933.33.32;Cetobemidona
2933.33.39;Outros
2933.33.4;Difenoxilato e seus sais
2933.33.41;Difenoxilato
2933.33.42;Cloridrato de difenoxilato
2933.33.49;Outros
2933.33.5;"Difenoxina e dipipanona; sais destes produtos"
2933.33.51;Difenoxina
2933.33.52;Dipipanona
2933.33.59;Outros
2933.33.6;"Fenciclidina, fenoperidina e fentanila; sais destes produtos"
2933.33.61;Fenciclidina
2933.33.62;Fenoperidina
2933.33.63;Fentanila
2933.33.69;Outros
2933.33.7;"Metilfenidato e pentazocina; sais destes produtos"
2933.33.71;Metilfenidato
2933.33.72;Pentazocina
2933.33.79;Outros
2933.33.8;"Petidina, intermedi rio A da petidina e pipradrol; sais destes produtos"
2933.33.81;Petidina
2933.33.82;Intermedi rio A da petidina
2933.33.83;Pipradrol
2933.33.84;Cloridrato de petidina
2933.33.89;Outros
2933.33.9;"Piritramida, propiram, remifentanila e trimeperidina; sais destes produtos"
2933.33.91;Piritramida
2933.33.92;Propiram
2933.33.93;Trimeperidina
2933.33.94;Remifentanila
2933.33.99;Outros
2933.34.00;-- Outras fentanilas e seus derivados
2933.35.00;-- Quinuclidin-3-ol
2933.36.00;-- 4-Anilino-N-fenetilpiperidina (ANPP)
2933.37.00;-- N-Fenetil-4-piperidona (NPP)
2933.39;-- Outros
2933.39.1;Cuja estrutura cont m fl or, bromo ou ambos, em liga  o covalente
2933.39.12;Droperidol
2933.39.13; cido nifl mico
2933.39.14;Haloxifop ( cido (RS)-2-(4-(3-cloro-5-trifluorometil-2-piridiloxi)fenoxi)propi nico)
2933.39.15;Haloperidol
2933.39.19;Outros
2933.39.2;Cuja estrutura cont m cloro, mas n o cont m fl or nem bromo, em liga  o covalente
2933.39.21;Picloram
2933.39.22;Clorpirif s
2933.39.23;Malato  cido de cleboprida (malato de cleboprida)
2933.39.24;Cloridrato de loperamida
2933.39.25; cido 2-(2-metil-3-cloroanilino)nicot nico e seu sal de lisina
2933.39.29;Outros
2933.39.3;Cuja estrutura cont m fun  es  lcool,  cido carbox lico ou ambas, mas n o cont m halog nios em liga  o covalente
2933.39.31;Terfenadina
2933.39.32;Biperideno e seus sais
2933.39.33; cido isonicot nico
2933.39.34;5-Etil-2,3-dicarboxipiridina (5-EPDC)
2933.39.35;Imazetapir ( cido (RS)-5-etil-2-(4-isopropil-4-metil-5-oxo-2-imidazolin-2-il)nicot nico)
2933.39.36;Dibrometo de 1-[N,N-dialquila (de at  C10) -N-(n-hidroxialquil (de at  C10))am nio]-n-[N-(3-dimetilcarbamoxi-alfa-picolinil)-N,N-dialquil (de at  C10) am nio]decano (n=1-8)
2933.39.37;Benzilato de 3-quinuclidinila
2933.39.39;Outros
2933.39.4;Cuja estrutura cont m fun  es  ter,  ster ou ambas, mas n o cont m fun  es  lcool ou  cido carbox lico nem halog nios em liga  o covalente
2933.39.41;Dibrometo de 1-[N,N-dialquila (de at  C10) -N-(n-(ciano, acetoxi)alquil (de at  C10))am nio]-n-[N-(3-dimetilcarbamoxi-alfa-picolinil)-N,N-dialquil (de at  C10) am nio]decano (n=1-8)
2933.39.42;Dibrometo de 1,n-bis[N-(3-dimetilcarbamoxi-alfa-picolil)-N,N-dialquila (de at  C10) am nio]-alcano-(2,(n-1)-diona) (n=2-12)
2933.39.43;Nifedipina
2933.39.44;Nitrendipina
2933.39.45;Maleato de pirilamina
2933.39.46;Omeprazol
2933.39.48;Nimodipina
2933.39.49;Outros
2933.39.8;Outros, cuja estrutura cont m um ciclo piridina (hidrogenado ou n o) N-substitu do com radicais alquila ou arila
2933.39.81;Cloridrato de benzetimida
2933.39.82;Cloridrato de mepivaca na
2933.39.83;Cloridrato de bupivaca na
2933.39.84;Dicloreto de paraquate
2933.39.89;Outros
2933.39.9;Outros
2933.39.91;Cloridrato de fenazopiridina
2933.39.92;Isoniazida
2933.39.93;3-Cianopiridina
2933.39.94;4,4'-Bipiridina
2933.39.99;Outros
2933.4;- Compostos cuja estrutura cont m ciclos quinole na ou isoquinole na (hidrogenados ou n o) sem outras condensa  es:
2933.41;-- Levorfanol (DCI) e seus sais
2933.41.10;Levorfanol
2933.41.20;Sais
2933.49;-- Outros
2933.49.1;Derivados do  cido quinolinocarbox lico
2933.49.11; cido 2,3-quinolinodicarbox lico
2933.49.12;Rosoxacina
2933.49.13;Imazaquin
2933.49.19;Outros
2933.49.20;Oxaminiquina
2933.49.30;Broxiquinolina
2933.49.40; steres do levorfanol
2933.49.90;Outros
2933.5;- Compostos cuja estrutura cont m um ciclo pirimidina (hidrogenado ou n o) ou piperazina:
2933.52.00;-- Malonilureia ( cido barbit rico) e seus sais
2933.53;"-- Alobarbital (DCI), amobarbital (DCI), barbital (DCI), butalbital (DCI), butobarbital, ciclobarbital (DCI), fenobarbital (DCI), metilfenobarbital (DCI), pentobarbital (DCI), secbutabarbital (DCI), secobarbital (DCI) e vinilbital (DCI); sais destes produtos"
2933.53.1;"Alobarbital e amobarbital; sais destes produtos"
2933.53.11;Alobarbital e seus sais
2933.53.12;Amobarbital e seus sais
2933.53.2;"Barbital, butalbital e butobarbital; sais destes produtos"
2933.53.21;Barbital e seus sais
2933.53.22;Butalbital e seus sais
2933.53.23;Butobarbital e seus sais
2933.53.30;Ciclobarbital e seus sais
2933.53.40;Fenobarbital e seus sais
2933.53.50;Metilfenobarbital e seus sais
2933.53.60;Pentobarbital e seus sais
2933.53.7;"Secbutabarbital e secobarbital; sais destes produtos"
2933.53.71;Secbutabarbital e seus sais
2933.53.72;Secobarbital e seus sais
2933.53.80;Venilbital e seus sais
2933.54.00;"-- Outros derivados de malonilureia ( cido barbit rico); sais destes produtos"
2933.55;"-- Loprazolam (DCI), mecloqualona (DCI), metaqualona (DCI) e zipeprol (DCI); sais destes produtos"
2933.55.10;Loprazolam e seus sais
2933.55.20;Mecloqualona e seus sais
2933.55.30;Metaqualona e seus sais
2933.55.40;Zipeprol e seus sais
2933.59;-- Outros
2933.59.1;Cuja estrutura cont m um ciclo piperazina
2933.59.11;Oxatomida
2933.59.12;Praziquantel
2933.59.13;Norfloxacina e seu nicotinato
2933.59.14;Flunarizina e seu dicloridrato
2933.59.15;"Enrofloxacina; sais de piperazina"
2933.59.16;Cloridrato de buspirona
2933.59.19;Outros
2933.59.2;Cuja estrutura cont m um ciclo pirimidina (hidrogenado ou n o) e halog nios em liga  o covalente
2933.59.21;Bromacil
2933.59.22;Terbacil
2933.59.23;Fluorouracil
2933.59.29;Outros
2933.59.3;Cuja estrutura cont m um ciclo pirimidina (hidrogenado ou n o) e enxofre, mas n o cont m halog nios em liga  o covalente
2933.59.31;Propiltiouracil
2933.59.32;Diazinon
2933.59.33;Pirazof s
2933.59.34;Azatioprina
2933.59.35;6-Mercaptopurina
2933.59.39;Outros
2933.59.4;Cuja estrutura cont m um ciclo pirimidina (hidrogenado ou n o) e fun  es  lcool,  ter ou ambas, mas n o cont m halog nios em liga  o covalente nem enxofre
2933.59.41;Trimetoprima
2933.59.42;Aciclovir
2933.59.43;Tosilatos de dipiridamol
2933.59.44;Nicarbazina
2933.59.45;Bissulfito de menadiona dimetilpirimidinol
2933.59.49;Outros
2933.59.9;Outros
2933.59.91;Minoxidil
2933.59.92;2-Aminopirimidina
2933.59.99;Outros
2933.6;- Compostos cuja estrutura cont m um ciclo triazina (hidrogenado ou n o) n o condensado:
2933.61.00;-- Melamina
2933.69;-- Outros
2933.69.1;Cuja estrutura cont m cloro em liga  o covalente
2933.69.11;2,4,6-Triclorotriazina (cloreto cian rico)
2933.69.12;Mercaptodiclorotriazina
2933.69.13;Atrazina
2933.69.14;Simazina
2933.69.15;Cianazina
2933.69.16;Anilazina
2933.69.19;Outros
2933.69.2;Cuja estrutura cont m fun  es oxigenadas, mas n o cont m cloro em liga  o covalente
2933.69.21;N,N,N-Triidroxietilexaidrotriazina
2933.69.22;Hexazinona
2933.69.23;Metribuzim
2933.69.29;Outros
2933.69.9;Outros
2933.69.91;Ametrina
2933.69.92;Metenamina e seus sais
2933.69.99;Outros
2933.7;- Lactamas:
2933.71.00;-- 6-Hexanolactama ( psilon-caprolactama)
2933.72;-- Clobazam (DCI) e metiprilona (DCI)
2933.72.10;Clobazam
2933.72.20;Metiprilona
2933.79;-- Outras lactamas
2933.79.10;Piracetam
2933.79.90;Outras
2933.9;- Outros:
2933.91;"-- Alprazolam (DCI), camazepam (DCI), clonazepam (DCI), clorazepato, clordiazep xido (DCI), delorazepam (DCI), diazepam (DCI), estazolam (DCI), fludiazepam (DCI), flunitrazepam (DCI), flurazepam (DCI), halazepam (DCI), loflazepato de etila (DCI), lorazepam (DCI), lormetazepam (DCI), mazindol (DCI), medazepam (DCI), midazolam (DCI), nimetazepam (DCI), nitrazepam (DCI), nordazepam (DCI), oxazepam (DCI), pinazepam (DCI), pirovalerona (DCI), prazepam (DCI), temazepam (DCI), tetrazepam (DCI) e triazolam (DCI); sais destes produtos"
2933.91.1;"Alprazolam, camazepam, clonazepam, clorazepato e clorodiazep xido; sais destes produtos"
2933.91.11;Alprazolam
2933.91.12;Camazepam
2933.91.13;Clonazepam
2933.91.14;Clorazepato
2933.91.15;Clordiazep xido
2933.91.19;Outros
2933.91.2;"Delorazepam, diazepam e estazolam; sais destes produtos"
2933.91.21;Delorazepam
2933.91.22;Diazepam
2933.91.23;Estazolam
2933.91.29;Outros
2933.91.3;"Fludiazepam, flunitrazepam, flurazepam e halazepam; sais destes produtos"
2933.91.31;Fludiazepam
2933.91.32;Flunitrazepam
2933.91.33;Flurazepam
2933.91.34;Halazepam
2933.91.39;Outros
2933.91.4;"Loflazepato de etila, lorazepam e lormetazepam; sais destes produtos"
2933.91.41;Loflazepato de etila
2933.91.42;Lorazepam
2933.91.43;Lormetazepam
2933.91.49;Outros
2933.91.5;"Mazindol, medazepam e midazolam; sais destes produtos"
2933.91.51;Mazindol
2933.91.52;Medazepam
2933.91.53;Midazolam e seus sais
2933.91.59;Outros
2933.91.6;"Nimetazepam, nitrazepam, nordazepam e oxazepam; sais destes produtos"
2933.91.61;Nimetazepam
2933.91.62;Nitrazepam
2933.91.63;Nordazepam
2933.91.64;Oxazepam
2933.91.69;Outros
2933.91.7;"Pinazepam, pirovalerona e prazepam; sais destes produtos"
2933.91.71;Pinazepam
2933.91.72;Pirovalerona
2933.91.73;Prazepam
2933.91.79;Outros
2933.91.8;"Temazepam, tetrazepam e triazolam; sais destes produtos"
2933.91.81;Temazepam
2933.91.82;Tetrazepam
2933.91.83;Triazolam
2933.91.89;Outros
2933.92.00;-- Azinf s metil (ISO)
2933.99;-- Outros
2933.99.1;Cuja estrutura cont m um ciclo pirazina n o condensado ou ciclos indol (hidrogenados ou n o) sem outras condensa  es
2933.99.11;Pirazinamida
2933.99.12;Cloridrato de amilorida
2933.99.13;Pindolol
2933.99.19;Outros
2933.99.20;Cuja estrutura cont m um ciclo diazepina (hidrogenado ou n o)
2933.99.3;Cuja estrutura cont m um ciclo azepina (hidrogenado ou n o)
2933.99.31;Dibenzoazepina (iminoestilbeno)
2933.99.32;Carbamazepina
2933.99.33;Cloridrato de clomipramina
2933.99.34;Molinate (hexaidroazepin-1-carbotioato de S-etila)
2933.99.35;Hexametilenoimina
2933.99.39;Outros
2933.99.4;Cuja estrutura cont m um ciclo pirrol (hidrogenado ou n o)
2933.99.41;"Clemastina e seus derivados; sais destes produtos"
2933.99.42;Amisulprida
2933.99.43;Sultoprida
2933.99.44;Alizaprida
2933.99.45;"Buflomedil e seus derivados; sais destes produtos"
2933.99.46;Maleato de enalapril
2933.99.47;Ketorolac trometamina
2933.99.49;Outros
2933.99.5;Cuja estrutura cont m um ciclo imidazol (hidrogenados ou n o)
2933.99.51;Benomil
2933.99.52;Oxifendazol
2933.99.53;Albendazol e seu sulf xido
2933.99.54;Mebendazol
2933.99.55;Flubendazol
2933.99.56;Fembendazol
2933.99.59;Outros
2933.99.6;Cuja estrutura cont m um ciclo triazol (hidrogenado ou n o), n o condensado
2933.99.61;Triadimenol
2933.99.62;Triadimefon
2933.99.63;Triazof s (fosforotioato de O,O-dietila O-(1-fenil-1H-1,2,4-triazol-3-ila))
2933.99.69;Outros
2933.99.9;Outros
2933.99.91;Azinf s et lico
2933.99.92; cido nalid xico
2933.99.93;Clofazimina
2933.99.95;Metilssulfato de amez nio
2933.99.96;Hidrazida maleica e seus sais
2933.99.99;Outros
29.34;" cidos nucleicos e seus sais, de constitui  o qu mica definida ou n o; outros compostos heteroc clicos."
2934.10;- Compostos cuja estrutura cont m um ciclo tiazol (hidrogenado ou n o) n o condensado
2934.10.10;Fentiazac
2934.10.20;Cloridrato de tiazolidina
2934.10.30;Tiabendazol
2934.10.90;Outros
2934.20;- Compostos cuja estrutura cont m ciclos benzotiazol (hidrogenados ou n o) sem outras condensa  es
2934.20.10;2-Mercaptobenzotiazol e seus sais
2934.20.20;2,2'-Ditio-bis(benzotiazol) (dissulfeto de benzotiazila)
2934.20.3;Benzotiazol sulfenamidas
2934.20.31;2-(Terbutilaminotio)benzotiazol (N-terbutil-benzotiazol-sulfenamida)
2934.20.32;2-(Cicloexilaminotio)benzotiazol (N-cicloexil-benzotiazol-sulfenamida)
2934.20.33;2-(Dicicloexilaminotio)benzotiazol (N,N-dicicloexil-benzotiazol-sulfenamida)
2934.20.34;2-(4-Morfoliniltio)benzotiazol (N-oxidietileno-benzotiazol-sulfenamida)
2934.20.39;Outras
2934.20.40;2-(Tiocianometiltio)benzotiazol (TCMTB)
2934.20.90;Outros
2934.30;- Compostos cuja estrutura cont m ciclos fenotiazina (hidrogenados ou n o) sem outras condensa  es
2934.30.10;Maleato de metotrimeprazina (maleato de levomepromazina)
2934.30.20;Enantato de flufenazina
2934.30.30;Prometazina
2934.30.90;Outros
2934.9;- Outros:
2934.91;"-- Aminorex (DCI), brotizolam (DCI), clotiazepam (DCI), cloxazolam (DCI), dextromoramida (DCI), fendimetrazina (DCI), fenmetrazina (DCI), haloxazolam (DCI), ketazolam (DCI), mesocarbo (DCI), oxazolam (DCI), pemolina (DCI) e sufentanila (DCI); sais destes produtos"
2934.91.1;"Aminorex e brotizolan; sais destes produtos"
2934.91.11;Aminorex e seus sais
2934.91.12;Brotizolam e seus sais
2934.91.2;"Clotiazepam, cloxazolam e dextromoramida; sais destes produtos"
2934.91.21;Clotiazepam
2934.91.22;Cloxazolam
2934.91.23;Dextromoramida
2934.91.29;Outros
2934.91.3;"Fendimetrazina, fenmetrazina e haloxazolam; sais destes produtos"
2934.91.31;Fendimetrazina e seus sais
2934.91.32;Fenmetrazina e seus sais
2934.91.33;Haloxazolam e seus sais
2934.91.4;"Ketazolam e mesocarbo; sais destes produtos"
2934.91.41;Ketazolam
2934.91.42;Mesocarbo
2934.91.49;Outros
2934.91.50;Oxazolam e seus sais
2934.91.60;Pemolina e seus sais
2934.91.70;Sufentanila e seus sais
2934.92.00;-- Outras fentanilas e seus derivados
2934.99;-- Outros
2934.99.1;Cuja estrutura cont m um ciclo oxazina (hidrogenado ou n o), exceto os que contenham hetero tomo(s) de enxofre
2934.99.11;Morfolina e seus sais
2934.99.12;Pirenoxina s dica (catalino s dico)
2934.99.13;Nimorazol
2934.99.14;Anidrido isatoico (2H-3,1-benzoxazina-2,4-(1H)-diona)
2934.99.15;4,4'-Ditiodimorfolina
2934.99.19;Outros
2934.99.2;Cuja estrutura cont m exclusivamente 3 hetero tomos de nitrog nio (azoto) e oxig nio em conjunto, exceto os  cidos nucleicos e seus sais e os produtos compreendidos no item 2934.99.1
2934.99.22;Zidovudina (AZT)
2934.99.23;Timidina
2934.99.24;Furazolidona
2934.99.25;Citarabina
2934.99.26;Oxadiazona
2934.99.27;Estavudina
2934.99.29;Outros
2934.99.3;Outros, cuja estrutura cont m exclusivamente hetero tomos de nitrog nio (azoto) e oxig nio
2934.99.31;Cetoconazol
2934.99.32;Cloridrato de prazosina
2934.99.33;Talniflumato
2934.99.34; cidos nucleicos e seus sais
2934.99.35;Propiconazol
2934.99.39;Outros
2934.99.4;Cuja estrutura cont m exclusivamente at  2 hetero tomos de enxofre ou um de enxofre e um de nitrog nio (azoto)
2934.99.41;Tiofeno
2934.99.42; cido 6-aminopenicil nico
2934.99.43; cido 7-aminocefalospor nico
2934.99.44; cido 7-aminodesacetoxicefalospor nico
2934.99.45;Clormezanona
2934.99.46;9-(N-Metil-4-piperidinilideno)tioxanteno
2934.99.49;Outros
2934.99.5;Cuja estrutura cont m exclusivamente 3 hetero tomos de enxofre e nitrog nio (azoto) em conjunto
2934.99.51;Tebutiuron
2934.99.52;Tetramisol
2934.99.53;Levamisol e seus sais
2934.99.54;Tioconazol
2934.99.59;Outros
2934.99.6;Outros, cuja estrutura cont m exclusivamente hetero tomos de enxofre ou de enxofre e nitrog nio (azoto)
2934.99.61;Cloridrato de tizanidina
2934.99.69;Outros
2934.99.9;Outros
2934.99.91;Timolol
2934.99.92;Maleato  cido de timolol
2934.99.93;Lamivudina
2934.99.99;Outros
29.35;Sulfonamidas.
2935.10.00;- N-Metilperfluoroctano sulfonamida
2935.20.00;- N-Etilperfluoroctano sulfonamida
2935.30.00;- N-Etil-N-(2-hidroxietil)perfluoroctano sulfonamida
2935.40.00;- N-(2-Hidroxietil)-N-metilperfluoroctano sulfonamida
2935.50.00;- Outras perfluoroctanossulfonamidas
2935.90;- Outras
2935.90.1;Cuja estrutura cont m exclusivamente heterociclo(s) com hetero tomo(s) de nitrog nio (azoto)
2935.90.11;Sulfadiazina e seu sal s dico
2935.90.12;Clortalidona
2935.90.13;Sulpirida
2935.90.14;Veraliprida
2935.90.15;Sulfametazina (4,6-dimetil-2-sulfanilamidopirimidina) e seu sal s dico
2935.90.19;Outras
2935.90.2;Cuja estrutura cont m outro(s) heterociclo(s)
2935.90.21;Furosemida
2935.90.22;Ftalilsulfatiazol
2935.90.23;Piroxicam
2935.90.24;Tenoxicam
2935.90.25;Sulfametoxazol
2935.90.29;Outras
2935.90.9;Outras
2935.90.91;Cloramina-B e cloramina-T
2935.90.92;Gliburida
2935.90.93;Toluenossulfonamidas
2935.90.94;Nimesulida
2935.90.95;Bumetanida
2935.90.96;Sulfaguanidina
2935.90.99;Outras
29.36;Provitaminas e vitaminas, naturais ou reproduzidas por s ntese (incluindo os concentrados naturais), bem como os seus derivados utilizados principalmente como vitaminas, misturados ou n o entre si, mesmo em quaisquer solu  es.
2936.2;- Vitaminas e seus derivados, n o misturados:
2936.21;-- Vitaminas A e seus derivados
2936.21.1;Vitamina A1  lcool (retinol) e seus derivados
2936.21.11;Vitamina A1  lcool (retinol)
2936.21.12;Acetato
2936.21.13;Palmitato
2936.21.19;Outros
2936.21.90;Outros
2936.22;-- Vitamina B1 e seus derivados
2936.22.10;Cloridrato de vitamina B1 (cloridrato de tiamina)
2936.22.20;Mononitrato de vitamina B1 (mononitrato de tiamina)
2936.22.90;Outros
2936.23;-- Vitamina B2 e seus derivados
2936.23.10;Vitamina B2 (riboflavina)
2936.23.20;5'-Fosfato s dico de vitamina B2 (5'-fosfato s dico de riboflavina)
2936.23.90;Outros
2936.24;--  cido D- ou DL-pantot nico (vitamina B5) e seus derivados
2936.24.10;D-Pantotenato de c lcio
2936.24.90;Outros
2936.25;-- Vitamina B6 e seus derivados
2936.25.10;Vitamina B6
2936.25.20;Cloridrato de piridoxina
2936.25.90;Outros
2936.26;-- Vitamina B12 e seus derivados
2936.26.10;Vitamina B12 (cianocobalamina)
2936.26.20;Cobamamida
2936.26.30;Hidroxocobalamina e seus sais
2936.26.90;Outros
2936.27;-- Vitamina C e seus derivados
2936.27.10;Vitamina C ( cido L- ou DL-asc rbico)
2936.27.20;Ascorbato de s dio
2936.27.90;Outros
2936.28;-- Vitamina E e seus derivados
2936.28.1;D- ou DL-alfa-Tocoferol e seus derivados
2936.28.11;D- ou DL-alfa-Tocoferol
2936.28.12;Acetato de D- ou DL-alfa-tocoferol
2936.28.19;Outros
2936.28.90;Outros
2936.29;-- Outras vitaminas e seus derivados
2936.29.1;Vitamina B9 ( cido f lico) e seus derivados
2936.29.11;Vitamina B9 ( cido f lico) e seus sais
2936.29.19;Outros
2936.29.2;Vitaminas D e seus derivados
2936.29.21;Vitamina D3 (colecalciferol)
2936.29.29;Outros
2936.29.3;Vitamina H (biotina) e seus derivados
2936.29.31;Vitamina H (biotina)
2936.29.39;Outros
2936.29.40;Vitaminas K e seus derivados
2936.29.5; cido nicot nico e seus derivados
2936.29.51; cido nicot nico
2936.29.52;Nicotinamida
2936.29.53;Nicotinato de s dio
2936.29.59;Outros
2936.29.90;Outros
2936.90.00;- Outras, incluindo os concentrados naturais
29.37;"Horm nios, prostaglandinas, tromboxanas e leucotrienos, naturais ou reproduzidos por s ntese; seus derivados e an logos estruturais, incluindo os polipept dios de cadeia modificada, utilizados principalmente como horm nios."
2937.1;- Horm nios polipept dicos, horm nios proteicos e horm nios glicoproteicos, seus derivados e an logos estruturais:
2937.11.00;-- Somatotropina, seus derivados e an logos estruturais
2937.12.00;-- Insulina e seus sais
2937.19;-- Outros
2937.19.10;ACTH (corticotropina)
2937.19.20;HCG (gonadotropina cori nica)
2937.19.30;PMSG (gonadotropina s rica)
2937.19.40;Menotropinas
2937.19.50;Oxitocina
2937.19.90;Outros
2937.2;- Horm nios esteroides, seus derivados e an logos estruturais:
2937.21;-- Cortisona, hidrocortisona, prednisona (deidrocortisona) e prednisolona (deidroidrocortisona)
2937.21.10;Cortisona
2937.21.20;Hidrocortisona
2937.21.30;Prednisona (deidrocortisona)
2937.21.40;Prednisolona (deidroidrocortisona)
2937.22;-- Derivados halogenados dos horm nios corticosteroides
2937.22.10;Dexametasona e seus acetatos
2937.22.2;Triancinolona e seus derivados
2937.22.21;Acetonida da triancinolona
2937.22.29;Outros
2937.22.3;Fluocortolona e seus derivados
2937.22.31;Valerato de diflucortolona
2937.22.39;Outros
2937.22.90;Outros
2937.23;-- Estrog nios e progestog nios
2937.23.10;Medroxiprogesterona e seus derivados
2937.23.2;Norgestrel e seus derivados
2937.23.21;L-Norgestrel (levonorgestrel)
2937.23.22;DL-Norgestrel
2937.23.29;Outros
2937.23.3;Estriol, seus  steres e seus sais
2937.23.31;Estriol e seu succinato
2937.23.39;Outros
2937.23.4;"Estradiol, seus  steres e seus sais; derivados destes produtos"
2937.23.41;Hemissuccinato de estradiol
2937.23.42;Fempropionato de estradiol (17-(3-fenilpropionato) de estradiol)
2937.23.49;Outros
2937.23.5;Alilestrenol, seus  steres e seus sais
2937.23.51;Alilestrenol
2937.23.59;Outros
2937.23.60;Desogestrel
2937.23.70;Linestrenol
2937.23.9;Outros
2937.23.91;Acetato de etinodiol
2937.23.92;Gestodeno
2937.23.99;Outros
2937.29;-- Outros
2937.29.10;Metilprednisolona e seus derivados
2937.29.20;21-Succinato s dico de hidrocortisona
2937.29.3;Ciproterona e seus derivados
2937.29.31;Acetato de ciproterona
2937.29.39;Outros
2937.29.40;Mesterolona e seus derivados
2937.29.50;Espironolactona
2937.29.60;Deflazacorte
2937.29.90;Outros
2937.50.00;- Prostaglandinas, tromboxanas e leucotrienos, seus derivados e an logos estruturais
2937.90;- Outros
2937.90.10;Tiratricol (triac) e seu sal s dico
2937.90.30;Levotiroxina s dica
2937.90.40;Liotironina s dica
2937.90.90;Outros
29.38;Heteros deos, naturais ou reproduzidos por s ntese, seus sais,  teres,  steres e outros derivados.
2938.10.00;- Rutos dio (rutina) e seus derivados
2938.90;- Outros
2938.90.10;Deslanos dio
2938.90.20;Estevios dio
2938.90.90;Outros
29.39;Alcaloides, naturais ou reproduzidos por s ntese, seus sais,  teres,  steres e outros derivados.
2939.1;"- Alcaloides do  pio e seus derivados; sais destes produtos:"
2939.11;"-- Concentrados de palha de dormideira (papoula); buprenorfina (DCI), code na, di-hidrocode na (DCI), etilmorfina, etorfina (DCI), folcodina (DCI), hero na, hidrocodona (DCI), hidromorfona (DCI), morfina, nicomorfina (DCI), oxicodona (DCI), oximorfona (DCI), tebacona (DCI) e teba na; sais destes produtos"
2939.11.10;Concentrados de palha de dormideira ou papoula
2939.11.2;"Buprenorfina, code na e di-hidrocode na; sais destes produtos"
2939.11.21;Buprenorfina e seus sais
2939.11.22;Code na e seus sais
2939.11.23;Di-hidrocode na e seus sais
2939.11.3;"Etilmorfina e etorfina; sais destes produtos"
2939.11.31;Etilmorfina e seus sais
2939.11.32;Etorfina e seus sais
2939.11.40;Folcodina e seus sais
2939.11.5;"Hero na, hidrocodona e hidromorfona; sais destes produtos"
2939.11.51;Hero na e seus sais
2939.11.52;Hidrocodona e seus sais
2939.11.53;Hidromorfona e seus sais
2939.11.6;Morfina e seus sais
2939.11.61;Morfina
2939.11.62;Cloridrato e sulfato de morfina
2939.11.69;Outros
2939.11.70;Nicomorfina e seus sais
2939.11.8;"Oxicodona e oximorfona; sais destes produtos"
2939.11.81;Oxicodona e seus sais
2939.11.82;Oximorfona e seus sais
2939.11.9;"Tebacona e teba na; sais destes produtos"
2939.11.91;Tebacona e seus sais
2939.11.92;Teba na e seus sais
2939.19.00;-- Outros
2939.20.00;"- Alcaloides da quina e seus derivados; sais destes produtos"
2939.30;- Cafe na e seus sais
2939.30.10;Cafe na
2939.30.20;Sais
2939.4;"- Alcaloides da  fedra e seus derivados; sais destes produtos:"
2939.41.00;-- Efedrina e seus sais
2939.42.00;-- Pseudoefedrina (DCI) e seus sais
2939.43.00;-- Catina (DCI) e seus sais
2939.44.00;-- Norefedrina e seus sais
2939.45;-- Levometanfetamina, metanfetamina (DCI), racemato de metanfetamina e seus sais
2939.45.10;Levometanfetamina e seus sais
2939.45.20;Metanfetamina e seus sais
2939.45.30;Racemato de metanfetamina e seus sais
2939.49.00;-- Outros
2939.5;"- Teofilina e aminofilina (teofilina-etilenodiamina) e seus derivados; sais destes produtos:"
2939.51.00;-- Fenetilina (DCI) e seus sais
2939.59;-- Outros
2939.59.10;Teofilina
2939.59.20;Aminofilina
2939.59.90;Outros
2939.6;"- Alcaloides da cravagem do centeio (centeio-espigado) e seus derivados; sais destes produtos:"
2939.61.00;-- Ergometrina (DCI) e seus sais
2939.62.00;-- Ergotamina (DCI) e seus sais
2939.63.00;--  cido lis rgico e seus sais
2939.69;-- Outros
2939.69.1;Derivados da ergometrina e seus sais
2939.69.11;Maleato de metilergometrina
2939.69.19;Outros
2939.69.2;Derivados da ergotamina e seus sais
2939.69.21;Mesilato de di-hidroergotamina
2939.69.29;Outros
2939.69.3;"Ergocornina e seus derivados; sais destes produtos"
2939.69.31;Mesilato de di-hidroergocornina
2939.69.39;Outros
2939.69.4;"Ergocriptina e seus derivados; sais destes produtos"
2939.69.41;Mesilato de alfa-di-hidroergocriptina
2939.69.42;Mesilato de beta-di-hidroergocriptina
2939.69.49;Outros
2939.69.5;"Ergocristina e seus derivados; sais destes produtos"
2939.69.51;Ergocristina
2939.69.52;Metanossulfonato de di-hidroergocristina
2939.69.59;Outros
2939.69.90;Outros
2939.7;- Outros, de origem vegetal:
2939.72;"-- Coca na, ecgonina; sais,  steres e outros derivados destes produtos"
2939.72.10;Coca na e seus sais
2939.72.20;Ecgonina e seus sais
2939.72.90;Outros
2939.79;-- Outros
2939.79.1;"Escopolamina e seus derivados; sais destes produtos"
2939.79.11;Brometo de N-butilescopolam nio
2939.79.19;Outros
2939.79.20;"Teobromina e seus derivados; sais destes produtos"
2939.79.3;Pilocarpina e seus sais
2939.79.31;Pilocarpina, seu nitrato e seu cloridrato
2939.79.39;Outros
2939.79.40;Tiocolquic sido
2939.79.90;Outros
2939.80;- Outros
2939.80.10;Saxitoxina
2939.80.90;Outros
2940.00;"A  cares quimicamente puros, exceto sacarose, lactose, maltose, glicose e frutose (levulose);  teres, acetais e  steres de a  cares, e seus sais, exceto os produtos das posi  es 29.37, 29.38 ou 29.39."
2940.00.1;A  cares quimicamente puros
2940.00.11;Galactose
2940.00.12;Arabinose
2940.00.13;Ramnose
2940.00.19;Outros
2940.00.2;" cido lactobi nico, seus sais e seus  steres; derivados halogenados, sulfonados, nitrados ou nitrosados destes produtos"
2940.00.21; cido lactobi nico
2940.00.22;Lactobionato de c lcio
2940.00.23;Bromolactobionato de c lcio
2940.00.29;Outros
2940.00.9;Outros
2940.00.92;Frutose-1,6-difosfato de c lcio ou de s dio
2940.00.93;Maltitol
2940.00.94;Lactogluconato de c lcio
2940.00.99;Outros
29.41;Antibi ticos.
2941.10;"- Penicilinas e seus derivados, com a estrutura do  cido penicil nico; sais destes produtos"
2941.10.10;Ampicilina e seus sais
2941.10.20;Amoxicilina e seus sais
2941.10.3;"Penicilina V e seus derivados; sais destes produtos"
2941.10.31;Penicilina V pot ssica
2941.10.39;Outros
2941.10.4;"Penicilina G e seus derivados; sais destes produtos"
2941.10.41;Penicilina G pot ssica
2941.10.42;Penicilina G benzat nica
2941.10.43;Penicilina G proca nica
2941.10.49;Outros
2941.10.90;Outros
2941.20;"- Estreptomicinas e seus derivados; sais destes produtos"
2941.20.10;Sulfatos
2941.20.90;Outros
2941.30;"- Tetraciclinas e seus derivados; sais destes produtos"
2941.30.10;Cloridrato de tetraciclina
2941.30.20;Oxitetraciclina
2941.30.3;Minociclina e seus sais
2941.30.31;Minociclina
2941.30.32;Sais
2941.30.90;Outros
2941.40;"- Cloranfenicol e seus derivados; sais destes produtos"
2941.40.1;Cloranfenicol e seus  steres
2941.40.11;Cloranfenicol, seu palmitato, seu succinato e seu hemissuccinato
2941.40.19;Outros
2941.40.20;Tianfenicol e seus  steres
2941.40.90;Outros
2941.50;"- Eritromicina e seus derivados; sais destes produtos"
2941.50.10;Claritromicina
2941.50.20;Eritromicina e seus sais
2941.50.90;Outros
2941.90;- Outros
2941.90.1;"Rifamicinas e seus derivados; sais destes produtos"
2941.90.11;Rifamicina S
2941.90.12;Rifampicina (rifamicina AMP)
2941.90.13;Rifamicina SV s dica
2941.90.19;Outros
2941.90.2;"Lincomicina e seus derivados; sais destes produtos"
2941.90.21;Cloridrato de lincomicina
2941.90.22;Fosfato de clindamicina
2941.90.29;Outros
2941.90.3;"Cefalosporinas e cefamicinas, e seus derivados; sais destes produtos"
2941.90.31;Ceftriaxona e seus sais
2941.90.32;Cefoperazona e seus sais, cefazolina s dica
2941.90.33;Cefaclor e cefalexina monoidratados, cefalotina s dica
2941.90.34;Cefadroxil e seus sais
2941.90.35;Cefotaxima s dica
2941.90.36;Cefoxitina e seus sais
2941.90.37;Cefalosporina C
2941.90.39;Outros
2941.90.4;Aminoglucos dios e seus sais
2941.90.41;Sulfato de neomicina
2941.90.42;Embonato de gentamicina (pamoato de gentamicina)
2941.90.43;Sulfato de gentamicina
2941.90.49;Outros
2941.90.5;Macrol dios e seus sais
2941.90.51;Embonato de espiramicina (pamoato de espiramicina)
2941.90.59;Outros
2941.90.6;Polienos e seus sais
2941.90.61;Nistatina e seus sais
2941.90.62;Anfotericina B e seus sais
2941.90.69;Outros
2941.90.7;Poli teres e seus sais
2941.90.71;Monensina s dica
2941.90.72;Narasina
2941.90.73;Avilamicinas
2941.90.79;Outros
2941.90.8;Polipept dios e seus sais
2941.90.81;Polimixinas e seus sais, exceto sulfato de colistina
2941.90.82;Sulfato de colistina
2941.90.83;Virginiamicinas e seus sais
2941.90.89;Outros
2941.90.9;Outros
2941.90.91;Griseofulvina e seus sais
2941.90.92;Fumarato de tiamulina
2941.90.99;Outros
2942.00.00;Outros compostos org nicos.
30;Produtos farmac uticos.
30.01;"Gl ndulas e outros  rg os para usos opoter picos, dessecados, mesmo em p ; extratos de gl ndulas ou de outros  rg os ou das suas secre  es, para usos opoter picos; heparina e seus sais; outras subst ncias humanas ou animais preparadas para fins terap uticos ou profil ticos, n o especificadas nem compreendidas noutras posi  es."
3001.20;- Extratos de gl ndulas ou de outros  rg os ou das suas secre  es
3001.20.10;De f gado
3001.20.90;Outros
3001.90;- Outros
3001.90.10;Heparina e seus sais
3001.90.20;Peda os de peric rdio de origem bovina ou su na
3001.90.3;Gl ndulas e outros  rg os, dessecados, mesmo em p 
3001.90.31;F gados
3001.90.39;Outros
3001.90.90;Outros
30.02;"Sangue humano; sangue animal preparado para usos terap uticos, profil ticos ou de diagn stico; antissoros, outras fra  es do sangue e produtos imunol gicos, mesmo modificados ou obtidos por via biotecnol gica; vacinas, toxinas, culturas de microrganismos (exceto leveduras) e produtos semelhantes; culturas de c lulas, mesmo modificadas."
3002.1;- Antissoros, outras fra  es do sangue e produtos imunol gicos, mesmo modificados ou obtidos por via biotecnol gica:
3002.12;-- Antissoros e outras fra  es do sangue
3002.12.1;Antissoros espec ficos de animais ou de pessoas imunizados
3002.12.11;Antiof dicos e outros antivenenosos
3002.12.12;Antitet nico
3002.12.13;Anticatarral
3002.12.14;Antipiog nico
3002.12.15;Antidift rico
3002.12.16;Polivalentes
3002.12.19;Outros
3002.12.2;Outras fra  es do sangue, exceto as preparadas como medicamentos
3002.12.21;Imunoglobulina anti-Rh
3002.12.22;Outras imunoglobulinas s ricas
3002.12.23;Concentrado de fator VIII
3002.12.24;Soroalbumina, sob a forma de gel, para prepara  o de reagentes de diagn stico
3002.12.29;Outros
3002.12.3;Outras fra  es do sangue, preparadas como medicamentos
3002.12.31;Soroalbumina, exceto a humana
3002.12.32;Plasmina (fibrinolisina)
3002.12.33;Uroquinase
3002.12.34;Imunoglobulina e cloridrato de histamina, associados
3002.12.35;Imunoglobulina G, liofilizada ou em solu  o
3002.12.36;Soroalbumina humana
3002.12.39;Outros
3002.13.00;-- Produtos imunol gicos, n o misturados, n o apresentados em doses nem acondicionados para venda a retalho
3002.14.00;-- Produtos imunol gicos, misturados, n o apresentados em doses nem acondicionados para venda a retalho
3002.15;-- Produtos imunol gicos, apresentados em doses ou acondicionados para venda a retalho
3002.15.10;"betainterferona; alfapeginterferona 2a"
3002.15.20;"Basiliximab (DCI); bevacizumab (DCI); daclizumab (DCI); etanercept (DCI); gemtuzumab ozogamicin (DCI); oprelvekin (DCI); rituximab (DCI); trastuzumab (DCI)"
3002.15.90;Outros
3002.4;- Vacinas, toxinas, culturas de microrganismos (exceto leveduras) e produtos semelhantes:
3002.41;-- Vacinas para medicina humana
3002.41.1;N o apresentadas em doses, nem acondicionadas para venda a retalho
3002.41.11;Contra a gripe
3002.41.12;Contra a poliomielite
3002.41.13;Contra a hepatite B
3002.41.14;Contra o sarampo
3002.41.15;Contra a meningite
3002.41.16;Contra a rub ola, sarampo e caxumba (tr plice)
3002.41.17;Outras tr plices
3002.41.18;Anticatarral e antipiog nico
3002.41.19;Outras
3002.41.2;Apresentadas em doses ou acondicionadas para venda a retalho
3002.41.21;Contra a gripe
3002.41.22;Contra a poliomielite
3002.41.23;Contra a hepatite B
3002.41.24;Contra o sarampo
3002.41.25;Contra a meningite
3002.41.26;Contra a rub ola, sarampo e caxumba (tr plice)
3002.41.27;Outras tr plices
3002.41.28;Anticatarral e antipiog nico
3002.41.29;Outras
3002.42;-- Vacinas para medicina veterin ria
3002.42.10;Contra a raiva
3002.42.20;Contra a coccidiose
3002.42.30;Contra a querato-conjuntivite
3002.42.40;Contra a cinomose
3002.42.50;Contra a leptospirose
3002.42.60;Contra a febre aftosa
3002.42.70;"Contra as seguintes enfermidades: de Newcastle, a v rus vivo ou v rus inativo; de Gumboro, a v rus vivo ou v rus inativo; bronquite, a v rus vivo ou v rus inativo; difteroviruela, a v rus vivo; s ndrome de queda de postura (EDS); salmonelose avi ria, elaborada com cepa 9R; c lera de aves, inativadas"
3002.42.80;Vacinas combinadas contra as enfermidades citadas no item 3002.42.70
3002.42.90;Outras
3002.49;-- Outros
3002.49.10;Antitoxinas de origem microbiana
3002.49.20;Tuberculinas
3002.49.9;Outros
3002.49.91;Para a sa de animal
3002.49.92;Para a sa de humana
3002.49.94;Ricina
3002.49.99;Outros
3002.5;- Culturas de c lulas, mesmo modificadas:
3002.51.00;-- Produtos de terapia celular
3002.59.00;-- Outras
3002.90.00;- Outros
30.03;Medicamentos (exceto os produtos das posi  es 30.02, 30.05 ou 30.06) constitu dos por produtos misturados entre si, preparados para fins terap uticos ou profil ticos, mas n o apresentados em doses nem acondicionados para venda a retalho.
3003.10;- Que contenham penicilinas ou seus derivados, com a estrutura do  cido penicil nico, ou estreptomicinas ou seus derivados
3003.10.1;Que contenham penicilinas ou seus derivados, com a estrutura do  cido penicil nico
3003.10.11;Ampicilina ou seus sais
3003.10.12;Amoxicilina ou seus sais
3003.10.13;Penicilina G benzat nica
3003.10.14;Penicilina G pot ssica
3003.10.15;Penicilina G proca nica
3003.10.19;Outros
3003.10.20;Que contenham estreptomicinas ou seus derivados
3003.20;- Outros, que contenham antibi ticos
3003.20.1;Que contenham anfenic is ou seus derivados
3003.20.11;Cloranfenicol, seu palmitato, seu succinato ou seu hemissuccinato
3003.20.19;Outros
3003.20.2;Que contenham macrol dios ou seus derivados
3003.20.21;Eritromicina ou seus sais
3003.20.29;Outros
3003.20.3;Que contenham ansamicinas ou seus derivados
3003.20.31;Rifamicina SV s dica
3003.20.32;Rifampicina
3003.20.39;Outros
3003.20.4;Que contenham lincosamidas ou seus derivados
3003.20.41;Cloridrato de lincomicina
3003.20.49;Outros
3003.20.5;Que contenham cefalosporinas, cefamicinas ou derivados destes produtos
3003.20.51;Cefalotina s dica
3003.20.52;Cefaclor ou cefalexina monoidratados
3003.20.59;Outros
3003.20.6;Que contenham aminoglucos dios ou seus derivados
3003.20.61;Sulfato de gentamicina
3003.20.62;Daunorubicina
3003.20.63;"Idarubicina; pirarubicina"
3003.20.69;Outros
3003.20.7;Que contenham polipept dios ou seus derivados
3003.20.71;Vancomicina
3003.20.72;Actinomicinas
3003.20.73;Ciclosporina A
3003.20.79;Outros
3003.20.9;Outros
3003.20.91;Mitomicina
3003.20.92;Fumarato de tiamulina
3003.20.93;Bleomicinas ou seus sais
3003.20.94;Imipenem
3003.20.95;Anfotericina B em lipossomas
3003.20.99;Outros
3003.3;- Outros, que contenham horm nios ou outros produtos da posi  o 29.37:
3003.31.00;-- Que contenham insulina
3003.39;-- Outros
3003.39.1;"Que contenham os seguintes horm nios polipept dicos ou proteicos: buserelina ou seu acetato; corticotropina (ACTH); gonadotropina cori nica (hCG); gonadotropina s rica (PMSG); leuprolida ou seu acetato; menotropinas; somatostatina ou seus sais; somatotropina; triptorelina ou seus sais"
3003.39.11;Somatotropina
3003.39.12;Gonadotropina cori nica (hCG)
3003.39.13;Menotropinas
3003.39.14;Corticotropina (ACTH)
3003.39.15;Gonadotropina s rica (PMSG)
3003.39.16;Somatostatina ou seus sais
3003.39.17;Buserelina ou seu acetato
3003.39.18;Triptorelina ou seus sais
3003.39.19;Leuprolida ou seu acetato
3003.39.2;Que contenham outros horm nios polipept dicos ou proteicos, seus derivados ou an logos estruturais, mas que n o contenham produtos do item 3003.39.1
3003.39.21;LH-RH (gonadorelina)
3003.39.22;Oxitocina
3003.39.23;Sais de insulina
3003.39.24;Timosinas
3003.39.25;Octreotida
3003.39.26;Goserelina ou seu acetato
3003.39.27;Nafarelina ou seu acetato
3003.39.29;Outros
3003.39.3;Que contenham estrog nios ou progestog nios, seus derivados ou an logos estruturais
3003.39.31;Hemissuccinato de estradiol
3003.39.32;Fempropionato de estradiol
3003.39.33;Estriol ou seu succinato
3003.39.34;Alilestrenol
3003.39.35;Linestrenol
3003.39.36;"Acetato de megestrol; formestano; fulvestranto"
3003.39.37;Desogestrel
3003.39.39;Outros
3003.39.8;"Levotiroxina s dica; liotironina s dica"
3003.39.81;Levotiroxina s dica
3003.39.82;Liotironina s dica
3003.39.9;Outros
3003.39.91;Sal s dico ou  ster met lico do  cido 9,11,15-triidroxi-16-(3-clorofenoxi)prosta-5,13-dien-1-oico (derivado da prostaglandina F2-alfa)
3003.39.92;Tiratricol (triac) ou seu sal s dico
3003.39.94;Espironolactona
3003.39.95;Exemestano
3003.39.99;Outros
3003.4;- Outros, que contenham alcaloides ou seus derivados:
3003.41.00;-- Que contenham efedrina ou seus sais
3003.42.00;-- Que contenham pseudoefedrina (DCI) ou seus sais
3003.43.00;-- Que contenham norefedrina ou seus sais
3003.49;-- Outros
3003.49.10;"Vimblastina; vincristina; derivados destes produtos; topotecan ou seu cloridrato"
3003.49.20;Pilocarpina, seu nitrato ou seu cloridrato
3003.49.30;Metanossulfonato de di-hidroergocristina
3003.49.40;Code na ou seus sais
3003.49.50;"Granisetron; tropisetrona ou seu cloridrato"
3003.49.90;Outros
3003.60.00;- Outros, que contenham princ pios ativos antimal ricos (antipal dicos) descritos na Nota de subposi  es 2 do presente Cap tulo
3003.90;- Outros
3003.90.1;Que contenham vitaminas ou outros produtos da posi  o 29.36
3003.90.11;Folinato de c lcio (leucovorina)
3003.90.12;Nicotinamida
3003.90.13;"Hidroxocobalamina ou seus sais; cianocobalamina"
3003.90.14;Vitamina A1 (retinol) ou seus derivados, exceto o  cido retinoico (tretino na)
3003.90.15;"D-Pantotenato de c lcio; vitamina D3 (colecalciferol)"
3003.90.16; steres das vitaminas A e D3, em concentra  o igual ou superior a 1.500.000 UI/g de vitamina A e igual ou superior a 50.000 UI/g de vitamina D3
3003.90.17; cido retinoico (tretino na)
3003.90.19;Outros
3003.90.2;Que contenham enzimas mas que n o contenham vitaminas nem outros produtos da posi  o 29.36
3003.90.21;Estreptoquinase
3003.90.22;L-Asparaginase
3003.90.23;Deoxirribonuclease
3003.90.24;Idursulfase
3003.90.25;"alfa-Agalsidase; alfavelaglicerase"
3003.90.29;Outros
3003.90.3;Que contenham produtos das posi  es 29.16 a 29.20, mas que n o contenham produtos dos itens 3003.90.1 e 3003.90.2
3003.90.31;"Permetrina; nitrato de propatila; benzoato de benzila; dioctilsulfossuccinato de s dio"
3003.90.32;" cido c lico;  cido deoxic lico; sal magn sico do  cido deidroc lico"
3003.90.33; cido gluc nico, seus sais ou seus  steres
3003.90.34;" cido o-acetilsalic lico; o-acetilsalicilato de alum nio; salicilato de metila; diclorv s"
3003.90.35;Lactofosfato de c lcio
3003.90.36;" cido l ctico, seus sais ou seus  steres;  cido 4-(4-hidroxifenoxi)-3,5-di-iodofenilac tico"
3003.90.37; cido fum rico, seus sais ou seus  steres
3003.90.38;"Etretinato; fosfestrol ou seus sais de di ou tetrass dio"
3003.90.39;Outros
3003.90.4;Que contenham produtos das posi  es 29.21 e 29.22, mas que n o contenham produtos dos itens 3003.90.1 a 3003.90.3
3003.90.41;"Sulfato de tranilcipromina; dietilpropiona"
3003.90.42;Cloridrato de ketamina
3003.90.43;Clembuterol ou seu cloridrato
3003.90.44;Tamoxifen ou seu citrato
3003.90.45;"Levodopa; alfa-metildopa"
3003.90.46;"Cloridrato de fenilefrina; mirteca na; propranolol ou seus sais"
3003.90.47;"Diclofenaco de s dio; diclofenaco de pot ssio; diclofenaco de dietilam nio"
3003.90.48;"Clorambucil; clormetina (DCI) ou seu cloridrato; melfalano; toremifene ou seu citrato"
3003.90.49;Outros
3003.90.5;Que contenham produtos das posi  es 29.24 a 29.26, mas que n o contenham produtos dos itens 3003.90.1 a 3003.90.4
3003.90.51;"Metoclopramida ou seu cloridrato; closantel"
3003.90.52;"Atenolol; priloca na ou seu cloridrato; talidomida"
3003.90.53;"Lidoca na ou seu cloridrato; flutamida"
3003.90.54;Femproporex
3003.90.55;"Paracetamol; bromoprida"
3003.90.56;"Amitraz; cipermetrina"
3003.90.57;"Clorexidina ou seus sais; isetionato de pentamidina"
3003.90.58;"Aminoglutetimida; carmustina; deferoxamina (desferrioxamina B) ou seus sais, derivados destes produtos; lomustina"
3003.90.59;Outros
3003.90.6;Que contenham produtos das posi  es 29.30 a 29.32, mas que n o contenham produtos dos itens 3003.90.1 a 3003.90.5
3003.90.61;Quercetina
3003.90.62;Tiaprida
3003.90.63;Etidronato diss dico
3003.90.64;Cloridrato de amiodarona
3003.90.65;"Nitrovin; moxidectina"
3003.90.66;" cido clodr nico ou seu sal diss dico; estreptozocina; fotemustina"
3003.90.67;"Carbociste na; sulfiram"
3003.90.69;Outros
3003.90.7;Que contenham produtos da posi  o 29.33, mas que n o contenham produtos dos itens 3003.90.1 a 3003.90.6
3003.90.71;"Terfenadina; talniflumato; malato  cido de cleboprida; econazol ou seu nitrato; nitrato de isoconazol; flubendazol; cloridrato de mepivaca na; trimetoprima; cloridrato de bupivaca na"
3003.90.72;"Cloridrato de loperamida; fembendazol; ketorolac trometamina; nifedipina; nimodipina; nitrendipina"
3003.90.73;"Albendazol ou seu sulf xido; mebendazol; 6-mercaptopurina; metilsulfato de amez nio; oxifendazol; praziquantel"
3003.90.74;"Alprazolam; bromazepam; clordiazep xido; cloridrato de petidina; diazepam; droperidol; mazindol; triazolam"
3003.90.75;"Benzetimida ou seu cloridrato; fenito na ou seu sal s dico; isoniazida; pirazinamida"
3003.90.76;" cido 2-(2-metil-3-cloroanilina)nicot nico ou seu sal de lisina; metronidazol ou seus sais; azatioprina; nitrato de miconazol"
3003.90.77;"Enrofloxacina; maleato de enalapril; maleato de pirilamina; nicarbazina; norfloxacina; sais de piperazina"
3003.90.78;"Altretamina; bortezomib; cloridrato de erlotinibe; dacarbazina; disoproxilfumarato de tenofovir; enfuvirtida; fluspirileno; letrozol; lopinavir; mesilato de imatinib; nelfinavir ou seu mesilato; nevirapine; pemetrexed; saquinavir; sulfato de abacavir; sulfato de atazanavir; sulfato de indinavir; temozolomida; tioguanina; tiopental s dico; tosilato de niraparibe; trietilenotiofosforamida; trimetrexato; uracil e tegafur; verteporfin"
3003.90.79;Outros
3003.90.8;Que contenham produtos das posi  es 29.34, 29.35 e 29.38, mas que n o contenham produtos dos itens 3003.90.1 a 3003.90.7
3003.90.81;"Levamisol ou seus sais; tetramisol"
3003.90.82;"Sulfadiazina ou seu sal s dico; sulfametoxazol"
3003.90.83;"Cloxazolam; ketazolam; piroxicam; tenoxicam"
3003.90.84;"Ftalilsulfatiazol; inosina"
3003.90.85;"Enantato de flufenazina; prometazina; gliburida; rutos dio; deslanos dio"
3003.90.86;"Clortalidona; furosemida"
3003.90.87;"Cloridrato de tizanidina; cetoconazol; furazolidona"
3003.90.88;"Amprenavir; aprepitanto; delavirdina ou seu mesilato; efavirenz; emtricitabina; etop sido; everolimus; fosamprenavir c lcico; fosfato de fludarabina; gencitabina ou seu cloridrato; mesilato de dabrafenibe; raltitrexida; ritonavir; sirolimus; tacrolimus; temsirolimus; tenip sido; tipranavir"
3003.90.89;Outros
3003.90.9;Outros
3003.90.91;Extrato de p len
3003.90.92;"Crisarobina; disofenol"
3003.90.93;Diclofenaco resinato
3003.90.94;Silimarina
3003.90.95;"Bussulfano; dexormaplatina; dietilestilbestrol ou seu dipropionato; enloplatina; iproplatina; lobaplatina; miboplatina; miltefosina; mitotano; ormaplatina; procarbazina ou seu cloridrato; propofol; sebriplatina; zeniplatina"
3003.90.96;Complexo de ferro dextrana
3003.90.97;Sevoflurano
3003.90.99;Outros
30.04;Medicamentos (exceto os produtos das posi  es 30.02, 30.05 ou 30.06) constitu dos por produtos misturados ou n o misturados, preparados para fins terap uticos ou profil ticos, apresentados em doses (incluindo os destinados a serem administrados por via percut nea) ou acondicionados para venda a retalho.
3004.10;- Que contenham penicilinas ou seus derivados, com estrutura do  cido penicil nico, ou estreptomicinas ou seus derivados
3004.10.1;Que contenham penicilinas ou seus derivados, com estrutura do  cido penicil nico
3004.10.11;Ampicilina ou seus sais
3004.10.12;Amoxicilina ou seus sais
3004.10.13;Penicilina G benzat nica
3004.10.14;Penicilina G pot ssica
3004.10.15;Penicilina G proca nica
3004.10.19;Outros
3004.10.20;Que contenham estreptomicinas ou seus derivados
3004.20;- Outros, que contenham antibi ticos
3004.20.1;Que contenham anfenic is ou seus sais
3004.20.11;Cloranfenicol, seu palmitato, seu succinato ou seu hemissuccinato
3004.20.19;Outros
3004.20.2;Que contenham macrol dios ou seus derivados
3004.20.21;Eritromicina ou seus sais
3004.20.29;Outros
3004.20.3;Que contenham ansamicinas ou seus derivados
3004.20.31;Rifamicina SV s dica
3004.20.32;Rifampicina
3004.20.39;Outros
3004.20.4;Que contenham lincosamidas ou seus derivados
3004.20.41;Cloridrato de lincomicina
3004.20.49;Outros
3004.20.5;Que contenham cefalosporinas, cefamicinas ou derivados destes produtos
3004.20.51;Cefalotina s dica
3004.20.52;Cefaclor ou cefalexina monoidratados
3004.20.59;Outros
3004.20.6;Que contenham aminoglucos dios ou seus derivados
3004.20.61;Sulfato de gentamicina
3004.20.62;Daunorubicina
3004.20.63;"Idarubicina; pirarubicina"
3004.20.69;Outros
3004.20.7;Que contenham polipept dios ou seus derivados
3004.20.71;Vancomicina
3004.20.72;Actinomicinas
3004.20.73;Ciclosporina A
3004.20.79;Outros
3004.20.9;Outros
3004.20.91;Mitomicina
3004.20.92;Fumarato de tiamulina
3004.20.93;Bleomicinas ou seus sais
3004.20.94;Imipenem
3004.20.95;Anfotericina B em lipossomas
3004.20.99;Outros
3004.3;- Outros, que contenham horm nios ou outros produtos da posi  o 29.37:
3004.31.00;-- Que contenham insulina
3004.32;-- Que contenham horm nios corticosteroides, seus derivados ou an logos estruturais
3004.32.10;Horm nios corticosteroides
3004.32.20;Espironolactona
3004.32.90;Outros
3004.39;-- Outros
3004.39.1;"Que contenham os seguintes horm nios polipept dicos ou proteicos: buserelina ou seu acetato; corticotropina (ACTH); gonadotropina cori nica (hCG); gonadotropina s rica (PMSG); leuprolida ou seu acetato; menotropinas; somatostatina ou seus sais; somatotropina; triptorelina ou seus sais"
3004.39.11;Somatotropina
3004.39.12;Gonadotropina cori nica (hCG)
3004.39.13;Menotropinas
3004.39.14;Corticotropina (ACTH)
3004.39.15;Gonadotropina s rica (PMSG)
3004.39.16;Somatostatina ou seus sais
3004.39.17;Buserelina ou seu acetato
3004.39.18;Triptorelina ou seus sais
3004.39.19;Leuprolida ou seu acetato
3004.39.2;Que contenham outros horm nios polipept dicos ou proteicos, seus derivados ou an logos estruturais, mas que n o contenham produtos do item 3004.39.1
3004.39.21;LH-RH (gonadorelina)
3004.39.22;Oxitocina
3004.39.23;Sais de insulina
3004.39.24;Timosinas
3004.39.25;Calcitonina
3004.39.26;Octreotida
3004.39.27;Goserelina ou seu acetato
3004.39.28;Nafarelina ou seu acetato
3004.39.29;Outros
3004.39.3;Que contenham estrog nios ou progestog nios, seus derivados ou an logos estruturais
3004.39.31;Hemissuccinato de estradiol
3004.39.32;Fempropionato de estradiol
3004.39.33;Estriol ou seu succinato
3004.39.34;Alilestrenol
3004.39.35;Linestrenol
3004.39.36;"Acetato de megestrol; formestano; fulvestranto"
3004.39.37;Desogestrel
3004.39.39;Outros
3004.39.8;"Levotiroxina s dica; liotironina s dica"
3004.39.81;Levotiroxina s dica
3004.39.82;Liotironina s dica
3004.39.9;Outros
3004.39.91;Sal s dico ou  ster met lico do  cido 9,11,15-triidroxi-16-(3-clorofenoxi)prosta-5,13-dien-1-oico (derivado da prostaglandina F2-alfa)
3004.39.92;Tiratricol (triac) ou seu sal s dico
3004.39.94;Exemestano
3004.39.99;Outros
3004.4;- Outros, que contenham alcaloides ou seus derivados:
3004.41.00;-- Que contenham efedrina ou seus sais
3004.42.00;-- Que contenham pseudoefedrina (DCI) ou seus sais
3004.43.00;-- Que contenham norefedrina ou seus sais
3004.49;-- Outros
3004.49.10;"Vimblastina; vincristina; derivados destes produtos; topotecan ou seu cloridrato"
3004.49.20;Pilocarpina, seu nitrato ou seu cloridrato
3004.49.30;Metanossulfonato de di-hidroergocristina
3004.49.40;Code na ou seus sais
3004.49.50;"Granisetron; tropisetrona ou seu cloridrato"
3004.49.90;Outros
3004.50;- Outros, que contenham vitaminas ou outros produtos da posi  o 29.36
3004.50.10;Folinato de c lcio (leucovorina)
3004.50.20;Nicotinamida
3004.50.30;"Hidroxocobalamina ou seus sais; cianocobalamina"
3004.50.40;Vitamina A1 (retinol) ou seus derivados, exceto o  cido retinoico (tretino na)
3004.50.50;"D-Pantotenato de c lcio; vitamina D3 (colecalciferol)"
3004.50.60; cido retinoico (tretino na)
3004.50.90;Outros
3004.60.00;- Outros, que contenham princ pios ativos antimal ricos (antipal dicos) descritos na Nota de subposi  es 2 do presente Cap tulo
3004.90;- Outros
3004.90.1;Que contenham enzimas
3004.90.11;Estreptoquinase
3004.90.12;L-Asparaginase
3004.90.13;Deoxirribonuclease
3004.90.14;Idursulfase
3004.90.15;"alfa-Agalsidase; alfavelaglicerase"
3004.90.19;Outros
3004.90.2;Que contenham produtos das posi  es 29.16 a 29.20, mas que n o contenham produtos do item 3004.90.1
3004.90.21;"Permetrina; nitrato de propatila; benzoato de benzila; dioctilsulfossuccinato de s dio"
3004.90.22;" cido c lico;  cido deoxic lico; sal magn sico do  cido deidroc lico"
3004.90.23; cido gluc nico, seus sais ou seus  steres
3004.90.24;" cido o-acetilsalic lico; o-acetilsalicilato de alum nio; salicilato de metila; diclorv s"
3004.90.25;Lactofosfato de c lcio
3004.90.26;" cido l ctico, seus sais ou seus  steres;  cido 4-(4-hidroxifenoxi)-3,5-di-iodofenilac tico;  cido fum rico, seus sais ou seus  steres"
3004.90.27;Nitroglicerina, destinada a ser administrada por via percut nea
3004.90.28;"Etretinato; fosfestrol ou seus sais de di ou tetrass dio"
3004.90.29;Outros
3004.90.3;Que contenham produtos das posi  es 29.21 e 29.22, mas que n o contenham produtos dos itens 3004.90.1 e 3004.90.2
3004.90.31;"Sulfato de tranilcipromina; dietilpropiona"
3004.90.32;Cloridrato de ketamina
3004.90.33;Clembuterol ou seu cloridrato
3004.90.34;Tamoxifen ou seu citrato
3004.90.35;"Levodopa; alfa-metildopa"
3004.90.36;"Cloridrato de fenilefrina; mirteca na; propranolol ou seus sais"
3004.90.37;"Diclofenaco de s dio; diclofenaco de pot ssio; diclofenaco de dietilam nio"
3004.90.38;"Clorambucil; clormetina (DCI) ou seu cloridrato; melfalano; toremifene ou seu citrato"
3004.90.39;Outros
3004.90.4;Que contenham produtos das posi  es 29.24 a 29.26, mas que n o contenham produtos dos itens 3004.90.1 a 3004.90.3
3004.90.41;"Metoclopramida ou seu cloridrato; closantel"
3004.90.42;"Atenolol; priloca na ou seu cloridrato; talidomida"
3004.90.43;"Lidoca na ou seu cloridrato; flutamida"
3004.90.44;Femproporex
3004.90.45;"Paracetamol; bromoprida"
3004.90.46;"Amitraz; cipermetrina"
3004.90.47;"Clorexidina ou seus sais; isetionato de pentamidina"
3004.90.48;"Aminoglutetimida; carmustina; deferoxamina (desferrioxamina B) ou seus sais, derivados destes produtos; lomustina"
3004.90.49;Outros
3004.90.5;Que contenham produtos das posi  es 29.30 a 29.32, mas que n o contenham produtos dos itens 3004.90.1 a 3004.90.4
3004.90.51;Quercetina
3004.90.52;Tiaprida
3004.90.53;Etidronato diss dico
3004.90.54;Cloridrato de amiodarona
3004.90.55;"Nitrovin; moxidectina"
3004.90.57;"Carbociste na; sulfiram"
3004.90.58;" cido clodr nico ou seu sal diss dico; estreptozocina; fotemustina"
3004.90.59;Outros
3004.90.6;Que contenham produtos da posi  o 29.33, mas que n o contenham produtos dos itens 3004.90.1 a 3004.90.5
3004.90.61;"Terfenadina; talniflumato; malato  cido de cleboprida; econazol ou seu nitrato; nitrato de isoconazol; flubendazol; cloridrato de mepivaca na; trimetoprima; cloridrato de bupivaca na"
3004.90.62;"Cloridrato de loperamida; fembendazol; ketorolac trometamina; nifedipina nimodipina; nitrendipina"
3004.90.63;"Albendazol ou seu sulf xido; mebendazol; 6-mercaptopurina; metilsulfato de amez nio; oxifendazol; praziquantel"
3004.90.64;"Alprazolam; bromazepam; clordiazep xido; cloridrato de petidina; diazepam; droperidol; mazindol; triazolam"
3004.90.65;"Benzetimida ou seu cloridrato; fenito na ou seu sal s dico; isoniazida; pirazinamida"
3004.90.66;" cido 2-(2-metil-3-cloroanilina)nicot nico ou seu sal de lisina; metronidazol ou seus sais; azatioprina; nitrato de miconazol"
3004.90.67;"Enrofloxacina; maleato de enalapril; maleato de pirilamina; nicarbazina; norfloxacina; sais de piperazina"
3004.90.68;"Altretamina; bortezomib; cloridrato de erlotinibe; dacarbazina; disoproxilfumarato de tenofovir; enfuvirtida; fluspirileno; letrozol; lopinavir; mesilato de imatinib; nelfinavir ou seu mesilato; nevirapine; pemetrexed; saquinavir; sulfato de abacavir; sulfato de atazanavir; sulfato de indinavir; temozolomida; tioguanina; tiopental s dico; tosilato de niraparibe; trietilenotiofosforamida; trimetrexato; uracil e tegafur; verteporfin"
3004.90.69;Outros
3004.90.7;Que contenham produtos das posi  es 29.34, 29.35 e 29.38, mas que n o contenham produtos dos itens 3004.90.1 a 3004.90.6
3004.90.71;"Levamisol ou seus sais; tetramisol"
3004.90.72;"Sulfadiazina ou seu sal s dico; sulfametoxazol"
3004.90.73;"Cloxazolam; ketazolam; piroxicam; tenoxicam"
3004.90.74;"Ftalilsulfatiazol; inosina"
3004.90.75;"Enantato de flufenazina; prometazina; gliburida; rutos dio; deslanos dio"
3004.90.76;"Clortalidona; furosemida"
3004.90.77;"Cloridrato de tizanidina; cetoconazol; furazolidona"
3004.90.78;"Amprenavir; aprepitanto; delavirdina ou seu mesilato; efavirenz; emtricitabina; etop sido; everolimus; fosamprenavir c lcico; fosfato de fludarabina; gencitabina ou seu cloridrato; mesilato de dabrafenibe; raltitrexida; ritonavir; sirolimus; tacrolimus; temsirolimus; tenip sido; tipranavir"
3004.90.79;Outros
3004.90.9;Outros
3004.90.91;Extrato de p len
3004.90.92;"Crisarobina; disofenol"
3004.90.93;Diclofenaco resinato
3004.90.94;Silimarina
3004.90.95;"Bussulfano; dexormaplatina; dietilestilbestrol ou seu dipropionato; enloplatina; iproplatina; lobaplatina; miboplatina; miltefosina; mitotano; ormaplatina; procarbazina ou seu cloridrato; propofol; sebriplatina; zeniplatina"
3004.90.96;Complexo de ferro dextrana
3004.90.97;Sevoflurano
3004.90.98;Regenerador de cartilagem, constitu do por col geno moldado, absorv vel
3004.90.99;Outros
30.05;Pastas (ouates), gazes, ataduras (ligaduras) e artigos an logos (por exemplo, curativos (pensos), esparadrapos, sinapismos), impregnados ou recobertos de subst ncias farmac uticas ou acondicionados para venda a retalho para usos medicinais, cir rgicos, odontol gicos ou veterin rios.
3005.10;- Curativos (pensos) adesivos e outros artigos com uma camada adesiva
3005.10.10;Impregnados ou recobertos de subst ncias farmac uticas
3005.10.20;Curativos (pensos) cir rgicos que permitem a observa  o direta de feridas
3005.10.30;Curativos (pensos) imperme veis aplic veis sobre mucosas
3005.10.40;Curativos (pensos) com obturador pr prios para colostomia (cones obturadores)
3005.10.50;Curativos (pensos) com fecho de correr pr prios para fechar ferimentos
3005.10.90;Outros
3005.90;- Outros
3005.90.1;Curativos (pensos) reabsorv veis
3005.90.11;De  cido poliglic lico
3005.90.12;De copol meros de  cido glic lico e  cido l ctico
3005.90.19;Outros
3005.90.20;Campos cir rgicos, de falso tecido (tecido n o tecido)
3005.90.90;Outros
30.06;Prepara  es e artigos farmac uticos indicados na Nota 4 deste Cap tulo.
3006.10;"- Categutes esterilizados, materiais esterilizados semelhantes para suturas cir rgicas (incluindo os fios absorv veis esterilizados para cirurgia ou odontologia) e adesivos esterilizados para tecidos org nicos, utilizados em cirurgia para fechar ferimentos; lamin rias esterilizadas; hemost ticos absorv veis esterilizados para cirurgia ou odontologia; barreiras antiaderentes esterilizadas para cirurgia ou odontologia, absorv veis ou n o"
3006.10.10;Materiais para suturas cir rgicas, de polidioxanona
3006.10.20;Materiais para suturas cir rgicas, de a o inoxid vel
3006.10.90;Outros
3006.30;"- Prepara  es opacificantes para exames radiogr ficos; reagentes de diagn stico concebidos para serem administrados ao paciente"
3006.30.1;Prepara  es opacificantes para exames radiogr ficos
3006.30.11;  base de ioexol
3006.30.12;  base de iocarmato de dimeglumina ou de iodixanol
3006.30.13;  base de iopamidol
3006.30.15;  base de di xido de zirc nio e sulfato de gentamicina
3006.30.16;  base de diatrizoato de s dio ou de meglumina
3006.30.17;  base de iomeprol, iopromida ou de ioversol
3006.30.18;  base de iotalamato de s dio, de iotalamato de meglumina ou de suas misturas
3006.30.19;Outras
3006.30.2;Reagentes de diagn stico concebidos para serem administrados ao paciente
3006.30.21;  base de somatoliberina
3006.30.29;Outros
3006.40;"- Cimentos e outros produtos para obtura  o dent ria; cimentos para reconstitui  o  ssea"
3006.40.1;Cimentos e outros produtos para obtura  o dent ria
3006.40.11;Cimentos
3006.40.12;Outros produtos para obtura  o dent ria
3006.40.20;Cimentos para reconstitui  o  ssea
3006.50.00;- Estojos e caixas de primeiros socorros, guarnecidos
3006.60.00;- Prepara  es qu micas contraceptivas   base de horm nios, de outros produtos da posi  o 29.37 ou de espermicidas
3006.70.00;- Prepara  es apresentadas sob a forma de gel concebidas para uso em medicina humana ou veterin ria como lubrificante para determinadas partes do corpo em interven  es cir rgicas ou exames m dicos ou como meio de liga  o entre o corpo e os instrumentos m dicos
3006.9;- Outros:
3006.91;-- Equipamentos identific veis para ostomia
3006.91.10;Bolsas para colostomia, ileostomia e urostomia
3006.91.90;Outros
3006.92.00;-- Res duos farmac uticos
3006.93.00;-- Placebos e estojos para ensaios cl nicos cegos (ou duplo-cegos) destinados a um ensaio cl nico reconhecido, apresentados em doses
31;Adubos (fertilizantes).
3101.00.00;"Adubos (fertilizantes) de origem animal ou vegetal, mesmo misturados entre si ou tratados quimicamente; adubos (fertilizantes) resultantes da mistura ou do tratamento qu mico de produtos de origem animal ou vegetal."
31.02;Adubos (fertilizantes) minerais ou qu micos, nitrogenados (azotados).
3102.10;- Ureia, mesmo em solu  o aquosa
3102.10.10;Que contenha, em peso, mais de 45 % de nitrog nio (azoto), calculado sobre o produto anidro no estado seco
3102.10.90;Outra
3102.2;"- Sulfato de am nio; sais duplos e misturas, de sulfato de am nio e de nitrato de am nio:"
3102.21.00;-- Sulfato de am nio
3102.29;-- Outros
3102.29.10;Sulfonitrato de am nio
3102.29.90;Outros
3102.30.00;- Nitrato de am nio, mesmo em solu  o aquosa
3102.40.00;- Misturas de nitrato de am nio com carbonato de c lcio ou com outras mat rias inorg nicas desprovidas de poder fertilizante
3102.50;- Nitrato de s dio
3102.50.1;Natural
3102.50.11;Que contenha, em peso, 16,3 % ou menos de nitrog nio (azoto)
3102.50.19;Outro
3102.50.90;Outro
3102.60.00;- Sais duplos e misturas de nitrato de c lcio e de nitrato de am nio
3102.80.00;- Misturas de ureia com nitrato de am nio em solu  es aquosas ou amoniacais
3102.90.00;- Outros, incluindo as misturas n o mencionadas nas subposi  es precedentes
31.03;Adubos (fertilizantes) minerais ou qu micos, fosfatados.
3103.1;- Superfosfatos:
3103.11.00;-- Que contenham, em peso, 35 % ou mais de pent xido de dif sforo (P2O5)
3103.19.00;-- Outros
3103.90;- Outros
3103.90.1;Hidrogeno-ortofosfato de c lcio
3103.90.11;Que contenha, em peso, 46 % ou menos de pent xido de dif sforo (P2O5)
3103.90.19;Outros
3103.90.90;Outros
31.04;Adubos (fertilizantes) minerais ou qu micos, pot ssicos.
3104.20;- Cloreto de pot ssio
3104.20.10;Que contenha, em peso, 60 % ou menos de  xido de pot ssio (K2O)
3104.20.90;Outros
3104.30;- Sulfato de pot ssio
3104.30.10;Que contenha, em peso, 52 % ou menos de  xido de pot ssio (K2O)
3104.30.90;Outros
3104.90;- Outros
3104.90.10;Sulfato duplo de pot ssio e magn sio, que contenha, em peso, 30 % ou mais de  xido de pot ssio (K2O)
3104.90.90;Outros
31.05;"Adubos (fertilizantes) minerais ou qu micos, que contenham dois ou tr s dos seguintes elementos fertilizantes: nitrog nio (azoto), f sforo e pot ssio; outros adubos (fertilizantes); produtos do presente Cap tulo apresentados em tabletes ou formas semelhantes, ou ainda em embalagens de peso bruto n o superior a 10 kg."
3105.10.00;- Produtos do presente Cap tulo apresentados em tabletes ou formas semelhantes, ou ainda em embalagens de peso bruto n o superior a 10 kg
3105.20.00;- Adubos (fertilizantes) minerais ou qu micos, que contenham os tr s elementos fertilizantes: nitrog nio (azoto), f sforo e pot ssio
3105.30.00;- Hidrogeno-ortofosfato de diam nio (fosfato de diam nio ou diamoniacal)
3105.40.00;- Di-hidrogeno-ortofosfato de am nio (fosfato de monoam nio ou monoamoniacal), mesmo misturado com hidrogeno-ortofosfato de diam nio (fosfato de diam nio ou diamoniacal)
3105.5;- Outros adubos (fertilizantes) minerais ou qu micos, que contenham os dois elementos fertilizantes: nitrog nio (azoto) e f sforo:
3105.51.00;-- Que contenham nitratos e fosfatos
3105.59.00;-- Outros
3105.60.00;- Adubos (fertilizantes) minerais ou qu micos, que contenham os dois elementos fertilizantes: f sforo e pot ssio
3105.90;- Outros
3105.90.1;Nitrato de s dio pot ssico
3105.90.11;Que contenha, em peso, 15 % ou menos de nitrog nio (azoto) e 15 % ou menos de  xido de pot ssio (K2O)
3105.90.19;Outros
3105.90.90;Outros
32;"Extratos tanantes e tintoriais; taninos e seus derivados; pigmentos e outras mat rias corantes; tintas e vernizes; m stiques; tintas de escrever."
32.01;"Extratos tanantes de origem vegetal; taninos e seus sais,  teres,  steres e outros derivados."
3201.10.00;- Extrato de quebracho
3201.20.00;- Extrato de mimosa
3201.90;- Outros
3201.90.1;Extratos
3201.90.11;De gambir
3201.90.12;De carvalho ou de castanheiro
3201.90.19;Outros
3201.90.20;Taninos
3201.90.90;Outros
32.02;"Produtos tanantes org nicos sint ticos; produtos tanantes inorg nicos; prepara  es tanantes, mesmo que contenham produtos tanantes naturais; prepara  es enzim ticas para a pr -curtimenta."
3202.10.00;- Produtos tanantes org nicos sint ticos
3202.90;- Outros
3202.90.1;Produtos tanantes inorg nicos
3202.90.11;  base de sais de cromo
3202.90.12;  base de sais de tit nio
3202.90.13;  base de sais de zirc nio
3202.90.19;Outros
3202.90.2;Prepara  es tanantes
3202.90.21;  base de compostos de cromo
3202.90.29;Outros
3202.90.30;Prepara  es enzim ticas para a pr -curtimenta
3203.00;"Mat rias corantes de origem vegetal ou animal (incluindo os extratos tintoriais, mas excluindo os negros de origem animal), mesmo de constitui  o qu mica definida; prepara  es indicadas na Nota 3 do presente Cap tulo,   base de mat rias corantes de origem vegetal ou animal."
3203.00.1;Mat rias corantes de origem vegetal
3203.00.11;Hemate na
3203.00.12;Fisetina
3203.00.13;Morina
3203.00.19;Outras
3203.00.2;Mat rias corantes de origem animal
3203.00.21;Carmim de cochonilha
3203.00.29;Outras
3203.00.30;Prepara  es indicadas na Nota 3 do presente Cap tulo,   base de mat rias corantes de origem vegetal ou animal
32.04;"Mat rias corantes org nicas sint ticas, mesmo de constitui  o qu mica definida; prepara  es indicadas na Nota 3 do presente Cap tulo,   base de mat rias corantes org nicas sint ticas; produtos org nicos sint ticos do tipo utilizado como agentes de avivamento fluorescentes ou como lumin foros, mesmo de constitui  o qu mica definida."
3204.1;- Mat rias corantes org nicas sint ticas e prepara  es indicadas na Nota 3 do presente Cap tulo,   base dessas mat rias corantes:
3204.11.00;-- Corantes dispersos e prepara  es   base desses corantes
3204.12;"-- Corantes  cidos, mesmo metalizados, e prepara  es   base desses corantes; corantes mordentes e prepara  es   base desses corantes"
3204.12.10;Corantes  cidos, mesmo metalizados, e prepara  es   base desses corantes
3204.12.20;Corantes mordentes e prepara  es   base desses corantes
3204.13.00;-- Corantes b sicos e prepara  es   base desses corantes
3204.14.00;-- Corantes diretos e prepara  es   base desses corantes
3204.15;-- Corantes de cuba (incluindo os utiliz veis, no estado em que se apresentam, como pigmentos) e prepara  es   base desses corantes
3204.15.10;Indigo blue segundo Colour Index 73000
3204.15.20;Dibenzantrona
3204.15.30;12,12-Dimetoxidibenzantrona
3204.15.90;Outros
3204.16.00;-- Corantes reagentes e prepara  es   base desses corantes
3204.17.00;-- Pigmentos e prepara  es   base desses pigmentos
3204.18;-- Mat rias corantes carotenoides e prepara  es   base dessas mat rias
3204.18.10;Carotenoides
3204.18.20;Prepara  es que contenham beta-caroteno,  steres met lico ou et lico do  cido 8'-apo-beta-carotenoico ou cantaxantina, com  leos vegetais, amido, gelatina, sacarose ou dextrina, pr prias para colorir alimentos
3204.18.30;Outras prepara  es pr prias para colorir alimentos
3204.18.90;Outras
3204.19;-- Outras, incluindo as misturas de mat rias corantes de duas ou mais das subposi  es 3204.11 a 3204.19
3204.19.20;Corantes sol veis em solventes (corantes solventes)
3204.19.30;Corantes azoicos
3204.19.90;Outras
3204.20;- Produtos org nicos sint ticos do tipo utilizado como agentes de avivamento fluorescentes
3204.20.1;Derivados do estilbeno
3204.20.11;Derivados do  cido 4,4-bis-(1,3,5)triazinil-6-aminoestilbeno-2,2-dissulf nico
3204.20.19;Outros
3204.20.90;Outros
3204.90.00;- Outros
3205.00.00;"Lacas corantes; prepara  es indicadas na Nota 3 do presente Cap tulo,   base de lacas corantes."
32.06;"Outras mat rias corantes; prepara  es indicadas na Nota 3 do presente Cap tulo, exceto das posi  es 32.03, 32.04 ou 32.05; produtos inorg nicos do tipo utilizado como lumin foros, mesmo de constitui  o qu mica definida."
3206.1;- Pigmentos e prepara  es   base de di xido de tit nio:
3206.11;-- Que contenham, em peso, 80 % ou mais de di xido de tit nio, calculado sobre a mat ria seca
3206.11.10;Pigmentos tipo rutilo
3206.11.20;Outros pigmentos
3206.11.30;Prepara  es
3206.19;-- Outros
3206.19.10;Pigmento constitu do por mica revestida com pel cula de di xido de tit nio
3206.19.90;Outros
3206.20.00;- Pigmentos e prepara  es   base de compostos de cromo
3206.4;- Outras mat rias corantes e outras prepara  es:
3206.41.00;-- Ultramar e suas prepara  es
3206.42;-- Litop nio, outros pigmentos e prepara  es   base de sulfeto de zinco
3206.42.10;Litop nio
3206.42.90;Outros
3206.49;-- Outras
3206.49.10;Pigmentos e prepara  es   base de compostos de c dmio
3206.49.20;Pigmentos e prepara  es   base de hexacianoferratos (ferrocianetos e ferricianetos)
3206.49.90;Outras
3206.50;- Produtos inorg nicos do tipo utilizado como lumin foros
3206.50.1;Com subst ncias radioativas de radioatividade espec fica inferior ou igual a 74 Bq/g (0,002  Ci/g)
3206.50.11;Halofosfatos de c lcio ou de estr ncio
3206.50.19;Outros
3206.50.2;Sem subst ncias radioativas
3206.50.21;Halofosfatos de c lcio ou de estr ncio
3206.50.29;Outros
32.07;"Pigmentos, opacificantes e cores preparados, composi  es vitrific veis, engobos, polimentos (esmaltes met licos*) l quidos e prepara  es semelhantes, do tipo utilizado nas ind strias da cer mica, do esmalte e do vidro; fritas de vidro e outros vidros, em p , em gr nulos, em lamelas ou em flocos."
3207.10;- Pigmentos, opacificantes e cores preparados e prepara  es semelhantes
3207.10.20;Suspens o de pigmentos em solventes org nicos, do tipo utilizado em impressoras de jato de tinta para decora  o de superf cies cer micas por cozimento
3207.10.30;Outros,   base de zirc nio ou de seus sais
3207.10.90;Outros
3207.20;- Composi  es vitrific veis, engobos e prepara  es semelhantes
3207.20.10;Engobos
3207.20.9;Outras
3207.20.91;Com um teor, em peso, de prata igual ou superior a 25 % ou de bismuto igual ou superior a 40 %, do tipo utilizado na fabrica  o de circuitos impressos
3207.20.99;Outras
3207.30.00;- Polimentos (Esmaltes met licos*) l quidos e prepara  es semelhantes
3207.40;- Fritas de vidro e outros vidros, em p , em gr nulos, em lamelas ou em flocos
3207.40.10;Fritas de vidro
3207.40.90;Outros
32.08;"Tintas e vernizes,   base de pol meros sint ticos ou de pol meros naturais modificados, dispersos ou dissolvidos em meio n o aquoso; solu  es definidas na Nota 4 do presente Cap tulo."
3208.10;-   base de poli steres
3208.10.10;Tintas
3208.10.20;Vernizes
3208.10.30;Solu  es definidas na Nota 4 do presente Cap tulo
3208.20;-   base de pol meros acr licos ou vin licos
3208.20.1;Tintas
3208.20.11;  base de pol meros acr licos, apresentadas em sortidos definidos na Nota 3 da Se  o VI, do tipo utilizado para a fabrica  o de circuitos impressos
3208.20.19;Outras
3208.20.20;Vernizes
3208.20.30;Solu  es definidas na Nota 4 do presente Cap tulo
3208.90;- Outros
3208.90.10;Tintas
3208.90.2;Vernizes
3208.90.21;  base de derivados de celulose
3208.90.29;Outros
3208.90.3;Solu  es definidas na Nota 4 do presente Cap tulo
3208.90.31;De silicones
3208.90.39;Outras
32.09;Tintas e vernizes,   base de pol meros sint ticos ou de pol meros naturais modificados, dispersos ou dissolvidos num meio aquoso.
3209.10;-   base de pol meros acr licos ou vin licos
3209.10.10;Tintas
3209.10.20;Vernizes
3209.90;- Outros
3209.90.1;Tintas
3209.90.11;  base de politetrafluoretileno
3209.90.19;Outras
3209.90.20;Vernizes
3210.00;"Outras tintas e vernizes; pigmentos de  gua preparados, do tipo utilizado para acabamento de couros."
3210.00.10;Tintas
3210.00.20;Vernizes
3210.00.30;Pigmentos a  gua preparados, do tipo utilizado para acabamento de couros
3211.00.00;Secantes preparados.
32.12;"Pigmentos (incluindo os p s e flocos met licos) dispersos em meios n o aquosos, no estado l quido ou pastoso, do tipo utilizado na fabrica  o de tintas; folhas para marcar a ferro; tinturas e outras mat rias corantes apresentadas em formas ou embalagens para venda a retalho."
3212.10.00;- Folhas para marcar a ferro
3212.90;- Outros
3212.90.10;Alum nio em p  ou em lamelas, empastado com solvente do tipo hidrocarbonetos, com um teor de alum nio igual ou superior a 60 %, em peso
3212.90.90;Outros
32.13;Cores para pintura art stica, atividades educativas, pintura de tabuletas, modifica  o de tonalidades, recrea  o e cores semelhantes, em pastilhas, tubos, potes, frascos, god s ou acondicionamentos semelhantes.
3213.10.00;- Cores em sortidos
3213.90.00;- Outras
32.14;"M stique de vidraceiro, cimentos de resina e outras m stiques; indutos utilizados em pintura; indutos n o refrat rios do tipo utilizado em alvenaria."
3214.10;"- M stique de vidraceiro, cimentos de resina e outras m stiques; indutos utilizados em pintura"
3214.10.10;M stique de vidraceiro, cimentos de resina e outras m stiques
3214.10.20;Indutos utilizados em pintura
3214.90.00;- Outros
32.15;Tintas de impress o, tintas de escrever ou de desenhar e outras tintas, mesmo concentradas ou no estado s lido.
3215.1;- Tintas de impress o:
3215.11.00;-- Pretas
3215.19.00;-- Outras
3215.90.00;- Outras
33;" leos essenciais e resinoides; produtos de perfumaria ou de toucador preparados e prepara  es cosm ticas."
33.01;" leos essenciais (desterpenados ou n o), incluindo os denominados ""concretos"" ou ""absolutos""; resinoides; oleorresinas de extra  o; solu  es concentradas de  leos essenciais em gorduras, em  leos fixos, em ceras ou em mat rias an logas, obtidas por tratamento de flores atrav s de subst ncias gordas ou por macera  o; subprodutos terp nicos residuais da desterpena  o dos  leos essenciais;  guas destiladas arom ticas e solu  es aquosas de  leos essenciais."
3301.1;-  leos essenciais de citros (citrinos):
3301.12;-- De laranja
3301.12.10;De petit grain
3301.12.90;Outros
3301.13.00;-- De lim o
3301.19;-- Outros
3301.19.10;De lima
3301.19.90;Outros
3301.2;-  leos essenciais, exceto de citros (citrinos):
3301.24.00;-- De hortel -pimenta (Mentha piperita)
3301.25;-- De outras mentas
3301.25.10;De menta japonesa (Mentha arvensis)
3301.25.20;De mentha spearmint (Mentha viridis L.)
3301.25.90;Outros
3301.29;-- Outros
3301.29.1;"De citronela; de cedro; de pau-santo (Bulnesia sarmientoi); de lemongrass; de pau-rosa; de palma rosa; de coriandro; de cabre va; de eucalipto"
3301.29.11;De citronela
3301.29.12;De cedro
3301.29.13;De pau-santo (Bulnesia sarmientoi)
3301.29.14;De lemongrass
3301.29.15;De pau-rosa
3301.29.16;De palma rosa
3301.29.17;De coriandro
3301.29.18;De cabre va
3301.29.19;De eucalipto
3301.29.2;"De alfazema ou lavanda; de vetiver"
3301.29.21;De alfazema ou lavanda
3301.29.22;De vetiver
3301.29.90;Outros
3301.30.00;- Resinoides
3301.90;- Outros
3301.90.10;Solu  es concentradas de  leos essenciais em gorduras, em  leos fixos, em ceras ou em mat rias an logas, obtidas por tratamento de flores atrav s de subst ncias gordas ou por macera  o
3301.90.20;Subprodutos terp nicos residuais da desterpena  o dos  leos essenciais
3301.90.30; guas destiladas arom ticas e solu  es aquosas de  leos essenciais
3301.90.40;Oleorresinas de extra  o
33.02;"Misturas de subst ncias odor feras e misturas (incluindo as solu  es alco licas)   base de uma ou mais destas subst ncias, do tipo utilizado como mat rias b sicas para a ind stria; outras prepara  es   base de subst ncias odor feras, do tipo utilizado para fabrica  o de bebidas."
3302.10.00;- Do tipo utilizado para as ind strias alimentares ou de bebidas
3302.90;- Outras
3302.90.1;Para perfumaria
3302.90.11;Vetiverol
3302.90.19;Outras
3302.90.9;Outras
3302.90.91;Misturas   base de subst ncias odor feras apresentadas sob a forma de microc psulas
3302.90.99;Outras
3303.00;Perfumes e  guas-de-col nia.
3303.00.10;Perfumes (extratos)
3303.00.20; guas-de-col nia
33.04;"Produtos de beleza ou de maquiagem preparados e prepara  es para conserva  o ou cuidados da pele (exceto medicamentos), incluindo as prepara  es antissolares e os bronzeadores; prepara  es para manicuros e pedicuros."
3304.10.00;- Produtos de maquiagem para os l bios
3304.20;- Produtos de maquiagem para os olhos
3304.20.10;Sombra, delineador, l pis para sobrancelhas e r mel
3304.20.90;Outros
3304.30.00;- Prepara  es para manicuros e pedicuros
3304.9;- Outros:
3304.91.00;-- P s, incluindo os compactos
3304.99;-- Outros
3304.99.10;"Cremes de beleza e cremes nutritivos; lo  es t nicas"
3304.99.90;Outros
33.05;Prepara  es capilares.
3305.10.00;- Xampus
3305.20.00;- Prepara  es para ondula  o ou alisamento, permanentes
3305.30.00;- Laqu s (Lacas*) para o cabelo
3305.90.00;- Outras
33.06;"Prepara  es para higiene bucal ou dent ria, incluindo os p s e cremes para facilitar a ader ncia de dentaduras; fios utilizados para limpar os espa os interdentais (fios dentais), em embalagens individuais para venda a retalho."
3306.10.00;- Dentifr cios (dent fricos)
3306.20.00;- Fios utilizados para limpar os espa os interdentais (fios dentais)
3306.90.00;- Outras
33.07;"Prepara  es para barbear (antes, durante ou ap s), desodorantes (desodorizantes) corporais, prepara  es para banhos, depilat rios, outros produtos de perfumaria ou de toucador preparados e outras prepara  es cosm ticas, n o especificados nem compreendidos noutras posi  es; desodorantes (desodorizantes) de ambiente, preparados, mesmo n o perfumados, mesmo com propriedades desinfetantes."
3307.10.00;- Prepara  es para barbear (antes, durante ou ap s)
3307.20;- Desodorantes (desodorizantes) corporais e antiperspirantes
3307.20.10;L quidos
3307.20.90;Outros
3307.30.00;- Sais perfumados e outras prepara  es para banhos
3307.4;- Prepara  es para perfumar ou para desodorizar ambientes, incluindo as prepara  es odor feras para cerim nias religiosas:
3307.41.00;-- Agarbate e outras prepara  es odor feras que atuem por combust o
3307.49.00;-- Outras
3307.90.00;- Outros
34;"Sab es, agentes org nicos de superf cie, prepara  es para lavagem, prepara  es lubrificantes, ceras artificiais, ceras preparadas, produtos de conserva  o e limpeza, velas e artigos semelhantes, massas ou pastas para modelar, ""ceras para odontologia"" e composi  es para odontologia   base de gesso."
34.01;"Sab es; produtos e prepara  es org nicos tensoativos utilizados como sab o, em barras, p es, peda os ou figuras moldadas, mesmo que contenham sab o; produtos e prepara  es org nicos tensoativos para lavagem da pele, sob a forma de l quido ou de creme, acondicionados para venda a retalho, mesmo que contenham sab o; papel, pastas (ouates), feltros e falsos tecidos (tecidos n o tecidos), impregnados, revestidos ou recobertos de sab o ou de detergentes."
3401.1;- Sab es, produtos e prepara  es org nicos tensoativos, em barras, p es, peda os ou figuras moldadas, e papel, pastas (ouates), feltros e falsos tecidos (tecidos n o tecidos), impregnados, revestidos ou recobertos de sab o ou de detergentes:
3401.11;-- De toucador (incluindo os de uso medicinal)
3401.11.10;Sab es medicinais
3401.11.90;Outros
3401.19.00;-- Outros
3401.20;- Sab es sob outras formas
3401.20.10;De toucador
3401.20.90;Outros
3401.30.00;- Produtos e prepara  es org nicos tensoativos para lavagem da pele, sob a forma de l quido ou de creme, acondicionados para venda a retalho, mesmo que contenham sab o
34.02;"Agentes org nicos de superf cie (exceto sab es); prepara  es tensoativas, prepara  es para lavagem (incluindo as prepara  es auxiliares para lavagem) e prepara  es para limpeza, mesmo que contenham sab o, exceto as da posi  o 34.01."
3402.3;- Agentes org nicos de superf cie ani nicos, mesmo acondicionados para venda a retalho:
3402.31.00;--  cidos sulf nicos de alquilbenzenos lineares e seus sais
3402.39;-- Outros
3402.39.10;Dibutilnaftalenossulfato de s dio
3402.39.20;N-Metil-N-oleiltaurato de s dio
3402.39.30;Alquilsulfonato de s dio, secund rio
3402.39.90;Outros
3402.4;- Outros agentes org nicos de superf cie, mesmo acondicionados para venda a retalho:
3402.41;-- Cati nicos
3402.41.10;Acetato de oleilamina
3402.41.90;Outros
3402.42.00;-- N o i nicos
3402.49.00;-- Outros
3402.50.00;- Prepara  es acondicionadas para venda a retalho
3402.90;- Outras
3402.90.1;Misturas entre si de agentes org nicos de superf cie
3402.90.11;Que contenham exclusivamente produtos n o i nicos
3402.90.19;Outras
3402.90.2;Solu  es ou emuls es de produtos tensoativos das subposi  es 3402.31 a 3402.49, e outras prepara  es tensoativas propriamente ditas
3402.90.21;Solu  es ou emuls es hidroalco licas de (1-perfluoralquil-2-acetoxi)propil-beta na
3402.90.22;  base de nonanoiloxibenzenossulfonato de s dio
3402.90.23;Solu  es ou emuls es hidroalco licas de sulfonatos de perfluoralquiltrimetilam nio e de perfluoralquilacrilamida
3402.90.29;Outras
3402.90.3;Prepara  es para lavagem (detergentes)
3402.90.31;  base de nonilfenol etoxilado
3402.90.39;Outras
3402.90.90;Outras
34.03;Prepara  es lubrificantes (incluindo os  leos de corte, as prepara  es antiaderentes de porcas e parafusos, as prepara  es antiferrugem ou anticorros o e as prepara  es para desmoldagem,   base de lubrificantes) e prepara  es do tipo utilizado para lubrificar e amaciar mat rias t xteis, para untar couros, peles com pelo e outras mat rias, exceto as que contenham, como constituintes de base, 70 % ou mais, em peso, de  leos de petr leo ou de minerais betuminosos.
3403.1;- Que contenham  leos de petr leo ou de minerais betuminosos:
3403.11;-- Prepara  es para tratamento de mat rias t xteis, couros, peles com pelo ou de outras mat rias
3403.11.10;Para o tratamento de mat rias t xteis
3403.11.20;Para o tratamento de couros e peles
3403.11.90;Outras
3403.19.00;-- Outras
3403.9;- Outras:
3403.91;-- Prepara  es para tratamento de mat rias t xteis, couros, peles com pelo ou de outras mat rias
3403.91.10;Para o tratamento de mat rias t xteis
3403.91.20;Para o tratamento de couros e peles
3403.91.90;Outras
3403.99.00;-- Outras
34.04;Ceras artificiais e ceras preparadas.
3404.20;- De poli(oxietileno) (polietilenoglicol)
3404.20.10;Ceras artificiais
3404.20.20;Ceras preparadas
3404.90;- Outras
3404.90.1;Ceras artificiais
3404.90.11;De polietileno, emulsion veis
3404.90.12;Outras, de polietileno
3404.90.13;De polipropilenoglic is
3404.90.14;De d mero de alquilceteno com dois grupos alternados n-alquila de C12, C14 e C16, em gr nulos
3404.90.19;Outras
3404.90.2;Ceras preparadas
3404.90.21;  base de vaselina e  lcoois de lanolina (eucerina anidra)
3404.90.22;  base de hidroxiestearil cetil  ter
3404.90.29;Outras
34.05;Pomadas e cremes para cal ado, enc usticas, prepara  es para dar brilho a pinturas de carro arias, vidros ou metais, pastas e p s para arear e prepara  es semelhantes (mesmo apresentados em papel, pastas (ouates), feltros, falsos tecidos (tecidos n o tecidos), pl stico alveolar ou borracha alveolar, impregnados, revestidos ou recobertos daquelas prepara  es), com exclus o das ceras da posi  o 34.04.
3405.10.00;- Pomadas, cremes e prepara  es semelhantes, para cal ado ou para couros
3405.20.00;- Enc usticas e prepara  es semelhantes, para conserva  o e limpeza de m veis de madeira, soalhos e de outros artigos de madeira
3405.30.00;- Prepara  es para dar brilho a pinturas de carro arias e produtos semelhantes, exceto prepara  es para dar brilho a metais
3405.40.00;- Pastas, p s e outras prepara  es para arear
3405.90.00;- Outros
3406.00.00;Velas, pavios, c rios e artigos semelhantes.
3407.00;"Massas ou pastas para modelar, incluindo as pr prias para recrea  o de crian as; ""ceras para odontologia"" apresentadas em sortidos, em embalagens para venda a retalho ou em plaquetas, ferraduras, bastonetes ou formas semelhantes; outras composi  es para odontologia   base de gesso."
3407.00.10;Massas ou pastas para modelar
3407.00.20;"""Ceras para odontologia"""
3407.00.90;Outras
35;"Mat rias albuminoides; produtos   base de amidos ou de f culas modificados; colas; enzimas."
35.01;"Case nas, caseinatos e outros derivados das case nas; colas de case na."
3501.10.00;- Case nas
3501.90;- Outros
3501.90.1;Caseinatos e outros derivados das case nas
3501.90.11;Caseinato de s dio
3501.90.19;Outros
3501.90.20;Colas de case na
35.02;Albuminas (incluindo os concentrados de v rias prote nas de soro de leite, que contenham, em peso, calculado sobre a mat ria seca, mais de 80 % de prote nas de soro de leite), albuminatos e outros derivados das albuminas.
3502.1;- Ovalbumina:
3502.11.00;-- Seca
3502.19.00;-- Outra
3502.20.00;- Lactalbumina, incluindo os concentrados de duas ou mais prote nas de soro de leite
3502.90;- Outros
3502.90.10;Soroalbumina
3502.90.90;Outros
3503.00;"Gelatinas (incluindo as apresentadas em folhas de forma quadrada ou retangular, mesmo trabalhadas na superf cie ou coradas) e seus derivados; ictiocola; outras colas de origem animal, exceto colas de case na da posi  o 35.01."
3503.00.1;Gelatinas e seus derivados
3503.00.11;De osse na, com grau de pureza igual ou superior a 99,98 %, em peso
3503.00.12;De osse na, com grau de pureza inferior a 99,98 %, em peso
3503.00.19;Outros
3503.00.90;Outras
3504.00;"Peptonas e seus derivados; outras mat rias proteicas e seus derivados, n o especificados nem compreendidos noutras posi  es; p  de peles, tratado ou n o pelo cromo."
3504.00.1;Peptonas e seus derivados
3504.00.11;Peptonas e peptonatos
3504.00.19;Outros
3504.00.20;Prote nas de soja em p , com um teor de prote nas igual ou superior a 90 %, em peso, em base seca
3504.00.30;Prote nas de batata em p , com um teor de prote nas igual ou superior a 80 %, em peso, em base seca
3504.00.90;Outros
35.05;"Dextrina e outros amidos e f culas modificados (por exemplo, amidos e f culas pr -gelatinizados ou esterificados); colas   base de amidos ou de f culas, de dextrina ou de outros amidos ou f culas modificados."
3505.10.00;- Dextrina e outros amidos e f culas modificados
3505.20.00;- Colas
35.06;"Colas e outros adesivos preparados, n o especificados nem compreendidos noutras posi  es; produtos de qualquer esp cie utilizados como colas ou adesivos, acondicionados para venda a retalho como colas ou adesivos, de peso l quido n o superior a 1 kg."
3506.10;- Produtos de qualquer esp cie utilizados como colas ou adesivos, acondicionados para venda a retalho como colas ou adesivos, de peso l quido n o superior a 1 kg
3506.10.10;  base de cianoacrilatos
3506.10.90;Outros
3506.9;- Outros:
3506.91;-- Adesivos   base de pol meros das posi  es 39.01 a 39.13 ou de borracha
3506.91.10;  base de borracha
3506.91.20;  base de pol meros das posi  es 39.01 a 39.13, dispersos ou para dispersar em meio aquoso
3506.91.90;Outros
3506.99.00;-- Outros
35.07;"Enzimas; enzimas preparadas n o especificadas nem compreendidas noutras posi  es."
3507.10.00;- Coalho e seus concentrados
3507.90;- Outras
3507.90.1;Amilases e seus concentrados
3507.90.11;Alfa-amilase (Aspergillus oryzae)
3507.90.19;Outros
3507.90.2;Proteases e seus concentrados
3507.90.21;Fibrinucleases
3507.90.22;Bromelina
3507.90.23;Estreptoquinase
3507.90.24;Estreptodornase
3507.90.25;Mistura de estreptoquinase e estreptodornase
3507.90.26;Papa na
3507.90.29;Outros
3507.90.3;Outras enzimas e seus concentrados
3507.90.31;Lisozima e seu cloridrato
3507.90.32;L-Asparaginase
3507.90.39;Outros
3507.90.4;Enzimas preparadas
3507.90.41;  base de celulases
3507.90.42;  base de transglutaminase
3507.90.49;Outras
36;"P lvoras e explosivos; artigos de pirotecnia; f sforos; ligas pirof ricas; mat rias inflam veis."
3601.00.00;P lvoras propulsivas.
3602.00.00;Explosivos preparados, exceto p lvoras propulsivas.
36.03;"Estopins e rastilhos, de seguran a; cord is (cord es) detonantes; escorvas e c psulas fulminantes; inflamadores; detonadores el tricos."
3603.10.00;- Estopins e rastilhos, de seguran a
3603.20.00;- Cord is (cord es) detonantes
3603.30.00;- Escorvas fulminantes
3603.40.00;- C psulas fulminantes
3603.50.00;- Inflamadores
3603.60.00;- Detonadores el tricos
36.04;Fogos de artif cio, foguetes de sinaliza  o ou contra o granizo e semelhantes, bombas, petardos e outros artigos de pirotecnia.
3604.10.00;- Fogos de artif cio
3604.90;- Outros
3604.90.10;Foguetes e cartuchos contra o granizo e semelhantes
3604.90.90;Outros
3605.00.00;F sforos, exceto os artigos de pirotecnia da posi  o 36.04.
36.06;"Ferroc rio e outras ligas pirof ricas, sob quaisquer formas; artigos de mat rias inflam veis indicados na Nota 2 do presente Cap tulo."
3606.10.00;- Combust veis l quidos e combust veis gasosos liquefeitos, em recipientes do tipo utilizado para carregar ou recarregar isqueiros ou acendedores, com capacidade n o superior a 300 cm3
3606.90.00;- Outros
37;Produtos para fotografia e cinematografia.
37.01;"Chapas e filmes planos, fotogr ficos, sensibilizados, n o impressionados, de mat rias diferentes do papel, cart o ou dos t xteis; filmes fotogr ficos planos, de revela  o e c pia instant neas, sensibilizados, n o impressionados, mesmo em cartuchos."
3701.10;- Para raios X
3701.10.10;Sensibilizados em uma face
3701.10.2;Sensibilizados nas duas faces
3701.10.21;Pr prios para uso odontol gico
3701.10.29;Outros
3701.20;- Filmes de revela  o e c pia instant neas
3701.20.10;Para fotografia a cores (policromo)
3701.20.20;Para fotografia monocrom tica
3701.30;- Outras chapas e filmes cuja dimens o de pelo menos um dos lados seja superior a 255 mm
3701.30.10;Para fotografia a cores (policromo)
3701.30.2;Chapas sensibilizadas com pol meros fotossens veis
3701.30.21;De alum nio
3701.30.22;De poli ster
3701.30.29;Outras
3701.30.3;Chapas sensibilizadas por outros procedimentos
3701.30.31;De alum nio
3701.30.39;Outras
3701.30.40;Filmes para as artes gr ficas
3701.30.50;Filmes heliogr ficos, de poli ster
3701.30.90;Outros
3701.9;- Outros:
3701.91.00;-- Para fotografia a cores (policromo)
3701.99.00;-- Outros
37.02;"Filmes fotogr ficos sensibilizados, n o impressionados, em rolos, de mat rias diferentes do papel, cart o ou dos t xteis; filmes fotogr ficos de revela  o e c pia instant neas, em rolos, sensibilizados, n o impressionados."
3702.10;- Para raios X
3702.10.10;Sensibilizados em uma face
3702.10.20;Sensibilizados em ambas as faces
3702.3;- Outros filmes, n o perfurados, de largura n o superior a 105 mm:
3702.31.00;-- Para fotografia a cores (policromo)
3702.32.00;-- Outros, que contenham uma emuls o de halogenetos de prata
3702.39.00;-- Outros
3702.4;- Outros filmes, n o perfurados, de largura superior a 105 mm:
3702.41.00;-- De largura superior a 610 mm e comprimento superior a 200 m, para fotografia a cores (policromo)
3702.42;-- De largura superior a 610 mm e comprimento superior a 200 m, exceto para fotografia a cores (policromo)
3702.42.10;Para as artes gr ficas
3702.42.90;Outros
3702.43;-- De largura superior a 610 mm e comprimento n o superior a 200 m
3702.43.10;Para as artes gr ficas
3702.43.20;Heliogr ficos, de poli ster
3702.43.90;Outros
3702.44;-- De largura superior a 105 mm, mas n o superior a 610 mm
3702.44.10;Para fotografia a cores (policromo)
3702.44.2;Para fotografia monocrom tica
3702.44.21;Para as artes gr ficas
3702.44.22;Fotopolimeriz veis, sensibilizadas   base de compostos acr licos, do tipo utilizado para a fabrica  o de circuitos impressos
3702.44.29;Outros
3702.5;- Outros filmes, para fotografia a cores (policromo):
3702.52.00;-- De largura n o superior a 16 mm
3702.53.00;-- De largura superior a 16 mm, mas n o superior a 35 mm, e comprimento n o superior a 30 m, para diapositivos
3702.54;-- De largura superior a 16 mm, mas n o superior a 35 mm, e comprimento n o superior a 30 m, exceto para diapositivos
3702.54.1;De largura igual a 35 mm
3702.54.11;Em bobinas (filmpacks)
3702.54.12;De 12 exposi  es (0,5 m de comprimento), de 24 exposi  es (1,0 m de comprimento) ou de 36 exposi  es (1,5 m de comprimento)
3702.54.19;Outros
3702.54.9;Outros
3702.54.91;Em bobinas (filmpacks)
3702.54.99;Outros
3702.55;-- De largura superior a 16 mm, mas n o superior a 35 mm, e comprimento superior a 30 m
3702.55.10;De largura igual a 35 mm
3702.55.90;Outros
3702.56.00;-- De largura superior a 35 mm
3702.9;- Outros:
3702.96.00;-- De largura n o superior a 35 mm e comprimento n o superior a 30 m
3702.97.00;-- De largura n o superior a 35 mm e comprimento superior a 30 m
3702.98.00;-- De largura superior a 35 mm
37.03;Pap is, cart es e t xteis, fotogr ficos, sensibilizados, n o impressionados.
3703.10;- Em rolos de largura superior a 610 mm
3703.10.10;Para fotografia a cores (policromo)
3703.10.2;Para fotografia monocrom tica
3703.10.21;Papel heliogr fico
3703.10.29;Outros
3703.20.00;- Outros, para fotografia a cores (policromo)
3703.90;- Outros
3703.90.10;Papel para fotocomposi  o
3703.90.90;Outros
3704.00.00;Chapas, filmes, pap is, cart es e t xteis, fotogr ficos, impressionados, mas n o revelados.
3705.00;Chapas e filmes, fotogr ficos, impressionados e revelados, exceto os filmes cinematogr ficos.
3705.00.10;Fotom scaras sobre vidro plano, positivas, pr prias para grava  o em pastilhas de sil cio (chips) para fabrica  o de microestruturas eletr nicas
3705.00.90;Outros
37.06;Filmes cinematogr ficos impressionados e revelados, que contenham ou n o grava  o de som ou que contenham apenas grava  o de som.
3706.10.00;- De largura igual ou superior a 35 mm
3706.90.00;- Outros
37.07;"Prepara  es qu micas para usos fotogr ficos, exceto vernizes, colas, adesivos e prepara  es semelhantes; produtos n o misturados, quer doseados tendo em vista usos fotogr ficos, quer acondicionados para venda a retalho para esses mesmos usos e prontos para utiliza  o."
3707.10.00;- Emuls es para sensibiliza  o
3707.90;- Outros
3707.90.10;Fixadores
3707.90.2;Reveladores
3707.90.21;  base de negro de fumo ou de um corante e resinas termopl sticas, para a reprodu  o de documentos por processo eletrost tico
3707.90.29;Outros
3707.90.30;Compostos diazoicos fotossens veis para prepara  o de emuls es
3707.90.90;Outros
38;Produtos diversos das ind strias qu micas.
38.01;"Grafita artificial; grafita coloidal ou semicoloidal; prepara  es   base de grafita ou de outros carbonos, em pastas, blocos, plaquetas ou outros produtos intermedi rios."
3801.10.00;- Grafita artificial
3801.20;- Grafita coloidal ou semicoloidal
3801.20.10;Suspens o semicoloidal em  leos minerais
3801.20.90;Outros
3801.30;- Pastas carbonadas para eletrodos e pastas semelhantes para revestimento interior de fornos
3801.30.10;Pasta carbonada para eletrodos
3801.30.90;Outras
3801.90.00;- Outras
38.02;"Carv es ativados; mat rias minerais naturais ativadas; negros de origem animal, incluindo o negro animal esgotado."
3802.10.00;- Carv es ativados
3802.90;- Outros
3802.90.10;Farinhas siliciosas f sseis
3802.90.20;Bentonita
3802.90.30;Atapulgita
3802.90.40;Outras argilas e terras
3802.90.50;Bauxita
3802.90.90;Outros
3803.00;Tall oil, mesmo refinado.
3803.00.10;Em bruto
3803.00.90;Outros
3804.00;Lix vias residuais da fabrica  o das pastas de celulose, mesmo concentradas, desa ucaradas ou tratadas quimicamente, incluindo os lignossulfonatos, mas excluindo o tall oil da posi  o 38.03.
3804.00.1;Lix vias residuais da fabrica  o de pastas de celulose
3804.00.11;Ao sulfito
3804.00.12;  soda ou ao sulfato
3804.00.20;Lignossulfonatos
38.05;"Ess ncias de terebintina, de pinheiro ou provenientes da fabrica  o da pasta de papel ao sulfato e outras ess ncias terp nicas provenientes da destila  o ou de outros tratamentos das madeiras de con feras; dipenteno em bruto; ess ncia proveniente da fabrica  o da pasta de papel ao bissulfito e outros paracimenos em bruto;  leo de pinho que contenha alfa-terpineol como constituinte principal."
3805.10.00;- Ess ncias de terebintina, de pinheiro ou provenientes da fabrica  o da pasta de papel ao sulfato
3805.90;- Outros
3805.90.10; leo de pinho
3805.90.90;Outros
38.06;"Colof nias e  cidos res nicos, e seus derivados; ess ncia de colof nia e  leos de colof nia; gomas fundidas."
3806.10.00;- Colof nias e  cidos res nicos
3806.20.00;- Sais de colof nias, de  cidos res nicos ou de derivados de colof nias ou de  cidos res nicos, exceto os sais de aductos de colof nias
3806.30.00;- Gomas  steres
3806.90;- Outros
3806.90.1;Outros derivados de colof nias ou de  cidos res nicos
3806.90.11;Colof nias oxidadas, hidrogenadas, desidrogenadas, polimerizadas ou modificadas com  cidos fum rico ou maleico ou com anidrido maleico
3806.90.12;"Abietatos de metila ou de benzila; hidroabietato de metila"
3806.90.19;Outros
3806.90.90;Outros
3807.00.00;"Alcatr es de madeira;  leos de alcatr o de madeira; creosoto de madeira; metileno; breu (pez) vegetal; breu (pez) para a ind stria da cerveja e prepara  es semelhantes   base de colof nias, de  cidos res nicos ou de breu (pez) vegetal."
38.08;Inseticidas, rodenticidas, fungicidas, herbicidas, inibidores de germina  o e reguladores de crescimento para plantas, desinfetantes e produtos semelhantes, apresentados em formas ou embalagens para venda a retalho ou como prepara  es ou ainda sob a forma de artigos, tais como fitas, mechas e velas sulfuradas e papel mata-moscas.
3808.5;- Mercadorias mencionadas na Nota de subposi  es 1 do presente Cap tulo:
3808.52.00;-- DDT (ISO) (clofenotano (DCI)), acondicionado em embalagens com um conte do de peso l quido n o superior a 300 g
3808.59;-- Outras
3808.59.10;Apresentadas em formas ou embalagens exclusivamente para uso direto em aplica  es domissanit rias
3808.59.2;Apresentadas de outro modo
3808.59.21;  base de metamidof s (ISO) ou de monocrotof s (ISO)
3808.59.22;  base de endossulfan (ISO)
3808.59.23;  base de alaclor (ISO)
3808.59.24;  base de 1,2,3,4,5,6-hexaclorocicloexano (HCH (ISO)), incluindo o lindano (ISO, DCI)
3808.59.25;  base de triclorfom (ISO)
3808.59.26;  base de N-etilperfluoroctano sulfonamida
3808.59.29;Outras
3808.6;- Mercadorias mencionadas na Nota de subposi  es 2 do presente Cap tulo:
3808.61.00;-- Acondicionadas em embalagens com um conte do de peso l quido n o superior a 300 g
3808.62;-- Acondicionadas em embalagens com um conte do de peso l quido superior a 300 g, mas n o superior a 7,5 kg
3808.62.10;  base de alfa-cipermetrina (ISO)
3808.62.90;Outras
3808.69;-- Outras
3808.69.10;  base de alfa-cipermetrina (ISO)
3808.69.90;Outras
3808.9;- Outros:
3808.91;-- Inseticidas
3808.91.1;Apresentados em formas ou embalagens exclusivamente para uso direto em aplica  es domissanit rias
3808.91.11;Que contenham bromometano (brometo de metila) ou bromoclorometano
3808.91.19;Outros
3808.91.20;Apresentados de outro modo, que contenham bromometano (brometo de metila) ou bromoclorometano
3808.91.9;Outros
3808.91.91;  base de acefato ou de Bacillus thuringiensis
3808.91.92;  base de cipermetrinas ou de permetrina
3808.91.93;  base de dicrotof s
3808.91.94;  base de dissulfoton
3808.91.95;  base de fosfeto de alum nio
3808.91.96;  base de diclorv s
3808.91.97;  base de  leo mineral ou de tiometon
3808.91.99;Outros
3808.92;-- Fungicidas
3808.92.1;Apresentados em formas ou embalagens exclusivamente para uso direto em aplica  es domissanit rias
3808.92.11;Que contenham bromometano (brometo de metila) ou bromoclorometano
3808.92.19;Outros
3808.92.20;Apresentados de outro modo, que contenham bromometano (brometo de metila) ou bromoclorometano
3808.92.9;Outros
3808.92.91;  base de hidr xido de cobre, de oxicloreto de cobre ou de  xido cuproso
3808.92.92;  base de enxofre ou de ziram
3808.92.93;  base de mancozeb ou de maneb
3808.92.94;  base de sulfiram
3808.92.95;  base de compostos de ars nio, cobre ou cromo, exceto os produtos do subitem 3808.92.91
3808.92.96;  base de thiram
3808.92.97;  base de propiconazol
3808.92.99;Outros
3808.93;-- Herbicidas, inibidores de germina  o e reguladores de crescimento para plantas
3808.93.1;Herbicidas apresentados em formas ou embalagens exclusivamente para uso direto em aplica  es domissanit rias
3808.93.11;Que contenham bromometano (brometo de metila) ou bromoclorometano
3808.93.19;Outros
3808.93.2;Herbicidas apresentados de outro modo
3808.93.21;Que contenham bromometano (brometo de metila) ou bromoclorometano
3808.93.22;Outros,   base de  cido 2,4-diclorofenoxiac tico (2,4-D), de  cido 4-(2,4-diclorofenoxi)but rico (2,4-DB), de  cido (4-cloro-2-metil)fenoxiac tico (MCPA) ou de derivados de 2,4-D ou 2,4-DB
3808.93.23;Outros,   base de atrazina ou de diuron
3808.93.24;Outros,   base de glifosato ou seus sais, de imazaquim ou de lactofen
3808.93.25;Outros,   base de dicloreto de paraquate, de propanil ou de simazina
3808.93.26;Outros,   base de trifluralina
3808.93.27;Outros,   base de imazetapir
3808.93.28;Outros,   base de ametrina ou de hexazinona
3808.93.29;Outros
3808.93.3;Inibidores de germina  o
3808.93.31;Que contenham bromometano (brometo de metila) ou bromoclorometano
3808.93.32;Outros, apresentados em formas ou embalagens exclusivamente para uso direto em aplica  es domissanit rias
3808.93.33;Outros
3808.93.4;Reguladores de crescimento das plantas apresentados em formas ou embalagens exclusivamente para uso direto em aplica  es domissanit rias
3808.93.41;Que contenham bromometano (brometo de metila) ou bromoclorometano
3808.93.49;Outros
3808.93.5;Reguladores de crescimento das plantas, apresentados de outro modo
3808.93.51;Que contenham bromometano (brometo de metila) ou bromoclorometano
3808.93.52;Outros,   base de hidrazida maleica
3808.93.59;Outros
3808.94;-- Desinfetantes
3808.94.1;Apresentados em formas ou embalagens exclusivamente para uso direto em aplica  es domissanit rias
3808.94.11;Que contenham bromometano (brometo de metila) ou bromoclorometano
3808.94.19;Outros
3808.94.2;Apresentados de outro modo
3808.94.21;Que contenham bromometano (brometo de metila) ou bromoclorometano
3808.94.22;Outros,   base de 2-(tiocianometiltio) benzotiazol
3808.94.29;Outros
3808.99;-- Outros
3808.99.1;Apresentados em formas ou embalagens exclusivamente para uso direto em aplica  es domissanit rias
3808.99.11;Que contenham bromometano (brometo de metila) ou bromoclorometano
3808.99.19;Outros
3808.99.20;Apresentados de outro modo, que contenham bromometano (brometo de metila) ou bromoclorometano
3808.99.9;Outros
3808.99.91;Acaricidas   base de amitraz, de clorfenvinf s ou de propargite
3808.99.92;Acaricidas   base de ciexatin ou de  xido de fembutatina
3808.99.93;Outros acaricidas
3808.99.94;Nematicidas   base de metam s dio
3808.99.95;Outros nematicidas
3808.99.96;Raticidas
3808.99.99;Outros
38.09;Agentes de apresto ou de acabamento, aceleradores de tingimento ou de fixa  o de mat rias corantes e outros produtos e prepara  es (por exemplo, aprestos preparados e prepara  es mordentes) do tipo utilizado na ind stria t xtil, na ind stria do papel, na ind stria do couro ou em ind strias semelhantes, n o especificados nem compreendidos noutras posi  es.
3809.10;-   base de mat rias amil ceas
3809.10.10;Do tipo utilizado na ind stria t xtil
3809.10.90;Outros
3809.9;- Outros:
3809.91;-- Do tipo utilizado na ind stria t xtil ou nas ind strias semelhantes
3809.91.10;Aprestos preparados
3809.91.20;Prepara  es mordentes
3809.91.30;Produtos ign fugos
3809.91.4;Impermeabilizantes
3809.91.41;  base de parafina ou de derivados de  cidos graxos (gordos)
3809.91.49;Outros
3809.91.90;Outros
3809.92;-- Do tipo utilizado na ind stria do papel ou nas ind strias semelhantes
3809.92.1;Impermeabilizantes
3809.92.11;  base de parafina ou de derivados de  cidos graxos (gordos)
3809.92.19;Outros
3809.92.90;Outros
3809.93;-- Do tipo utilizado na ind stria do couro ou nas ind strias semelhantes
3809.93.1;Impermeabilizantes
3809.93.11;  base de parafina ou de derivados de  cidos graxos (gordos)
3809.93.19;Outros
3809.93.90;Outros
38.10;"Prepara  es para decapagem de metais; fluxos para soldar e outras prepara  es auxiliares para soldar metais; pastas e p s para soldar, compostos de metal e de outras mat rias; prepara  es do tipo utilizado para enchimento ou revestimento de eletrodos ou de varetas para soldar."
3810.10;"- Prepara  es para decapagem de metais; pastas e p s para soldar, compostos de metal e de outras mat rias"
3810.10.10;Prepara  es para decapagem de metais
3810.10.20;Pastas e p s para soldar
3810.90.00;- Outros
38.11;Prepara  es antidetonantes, inibidores de oxida  o, aditivos peptizantes, beneficiadores de viscosidade, aditivos anticorrosivos e outros aditivos preparados, para  leos minerais (incluindo a gasolina) ou para outros l quidos utilizados para os mesmos fins que os  leos minerais.
3811.1;- Prepara  es antidetonantes:
3811.11.00;--   base de compostos de chumbo
3811.19.00;-- Outras
3811.2;- Aditivos para  leos lubrificantes:
3811.21;-- Que contenham  leos de petr leo ou de minerais betuminosos
3811.21.10;Melhoradores do  ndice de viscosidade
3811.21.20;Antidesgastes, anticorrosivos ou antioxidantes, que contenham dialquilditiofosfato de zinco ou diarilditiofosfato de zinco
3811.21.30;Dispersantes sem cinzas
3811.21.40;Detergentes met licos
3811.21.50;Outras prepara  es que contenham, pelo menos, um de quaisquer dos produtos compreendidos nos itens 3811.21.10, 3811.21.20, 3811.21.30 e 3811.21.40
3811.21.90;Outros
3811.29;-- Outros
3811.29.10;Dispersantes sem cinzas
3811.29.20;Detergentes met licos
3811.29.90;Outros
3811.90;- Outros
3811.90.10;Dispersantes sem cinzas, para  leos de petr leo combust veis
3811.90.90;Outros
38.12;"Prepara  es denominadas ""aceleradores de vulcaniza  o""; plastificantes compostos para borracha ou pl stico, n o especificados nem compreendidos noutras posi  es; prepara  es antioxidantes e outros estabilizadores compostos, para borracha ou pl stico."
3812.10.00;"- Prepara  es denominadas ""aceleradores de vulcaniza  o"""
3812.20.00;- Plastificantes compostos para borracha ou pl stico
3812.3;- Prepara  es antioxidantes e outros estabilizadores compostos, para borracha ou pl stico:
3812.31.00;-- Misturas de olig meros de 2,2,4-trimetil-1,2-di-hidroquinolina (TMQ)
3812.39;-- Outros
3812.39.1;Para borracha
3812.39.11;Que contenham derivados N-substitu dos de p-fenilenodiamina
3812.39.12;Que contenham fosfitos de alquila, de arila ou de alquil-arila
3812.39.19;Outros
3812.39.2;Para pl stico
3812.39.21;Que contenham derivados N-substitu dos de p-fenilenodiamina
3812.39.29;Outros
3813.00;"Composi  es e cargas para aparelhos extintores; granadas e bombas, extintoras."
3813.00.10;Que contenham bromoclorodifluorometano, bromotrifluorometano ou dibromotetrafluoroetanos
3813.00.20;Que contenham hidrobromofluorcarbonetos (HBFC) do metano, do etano ou do propano
3813.00.30;Que contenham hidroclorofluorcarbonetos (HCFC) do metano, do etano ou do propano
3813.00.40;Que contenham bromoclorometano
3813.00.90;Outros
3814.00;"Solventes e diluentes org nicos compostos, n o especificados nem compreendidos noutras posi  es; prepara  es concebidas para remover tintas ou vernizes."
3814.00.10;Que contenham clorofluorcarbonetos (CFC) do metano, do etano ou do propano, mesmo que contenham hidroclorofluorcarbonetos (HCFC)
3814.00.20;Que contenham hidroclorofluorcarbonetos (HCFC) do metano, do etano ou do propano, mas que n o contenham clorofluorcarbonetos (CFC)
3814.00.30;Que contenham tetracloreto de carbono, bromoclorometano ou 1,1,1-tricloroetano (metilclorof rmio)
3814.00.90;Outros
38.15;Iniciadores de rea  o, aceleradores de rea  o e prepara  es catal ticas, n o especificados nem compreendidos noutras posi  es.
3815.1;- Catalisadores em suporte:
3815.11.00;-- Tendo como subst ncia ativa o n quel ou um composto de n quel
3815.12;-- Tendo como subst ncia ativa um metal precioso ou um composto de metal precioso
3815.12.10;Em colmeia cer mica ou met lica para convers o catal tica de gases de escape de ve culos
3815.12.20;Com tamanho de part cula inferior a 500 micr metros (m crons)
3815.12.90;Outros
3815.19.00;-- Outros
3815.90;- Outros
3815.90.10;Para craqueamento de petr leo
3815.90.9;Outros
3815.90.91;Tendo como subst ncia ativa o isoprenilalum nio (IPRA)
3815.90.92;Tendo como subst ncia ativa o  xido de zinco
3815.90.93;Tendo como subst ncia ativa  xidos de terras raras
3815.90.99;Outros
3816.00;Cimentos, argamassas, concretos (bet es) e composi  es semelhantes, refrat rios, incluindo os aglomerados de dolomita, exceto os produtos da posi  o 38.01.
3816.00.1;Cimentos e argamassas
3816.00.11;  base de magnesita calcinada
3816.00.12;  base de silimanita
3816.00.19;Outros
3816.00.2;Outras prepara  es   base de cromo-magnesita, de zirc nio, de silimanita, de cianita, de andaluzita, de cor ndon ou de diasp rio
3816.00.21;Que contenham grafita e 50 % ou mais, em peso, de cor ndon
3816.00.29;Outras
3816.00.90;Outros
3817.00;Misturas de alquilbenzenos ou de alquilnaftalenos, exceto as das posi  es 27.07 ou 29.02.
3817.00.10;Misturas de alquilbenzenos
3817.00.20;Misturas de alquilnaftalenos
3818.00;"Elementos qu micos dopados, pr prios para utiliza  o em eletr nica, em forma de discos, wafers ou formas an logas; compostos qu micos dopados, pr prios para utiliza  o em eletr nica."
3818.00.10;De sil cio
3818.00.90;Outros
3819.00.00;Fluidos para freios (trav es) hidr ulicos e outros l quidos preparados para transmiss es hidr ulicas, que n o contenham  leos de petr leo nem de minerais betuminosos, ou que os contenham em propor  o inferior a 70 %, em peso.
3820.00.00;Prepara  es anticongelantes e l quidos preparados para descongelamento.
3821.00.00;Meios de cultura preparados para o desenvolvimento e a manuten  o de microrganismos (incluindo os v rus e os organismos similares) ou de c lulas vegetais, humanas ou animais.
38.22;"Reagentes de diagn stico ou de laborat rio em qualquer suporte e reagentes de diagn stico ou de laborat rio preparados, mesmo num suporte, mesmo apresentados sob a forma de estojos, exceto os da posi  o 30.06; materiais de refer ncia certificados."
3822.1;- Reagentes de diagn stico ou de laborat rio em qualquer suporte e reagentes de diagn stico ou de laborat rio preparados, mesmo num suporte, mesmo apresentados sob a forma de estojos:
3822.11.00;-- Para a mal ria (paludismo)
3822.12.00;-- Para a zika e outras doen as transmitidas por mosquitos do g nero Aedes
3822.13.00;-- Para a determina  o dos grupos ou dos fatores sangu neos
3822.19;-- Outros
3822.19.10;Reagentes para determina  o de componentes do sangue ou da urina, sobre suporte de papel, em rolos, sem suporte adicional hidr fobo, impr prios para uso direto
3822.19.20;Reagentes para determina  o de glicose no sangue, sobre suporte em tiras, para uso direto
3822.19.30;Reagentes de origem microbiana para diagn stico
3822.19.40;Anticorpos monoclonais em solu  o tamp o, que contenham albumina bovina
3822.19.90;Outros
3822.90.00;- Outros
38.23;" cidos graxos (gordos) monocarbox licos industriais;  leos  cidos de refina  o;  lcoois graxos (gordos) industriais."
3823.1;"-  cidos graxos (gordos) monocarbox licos industriais;  leos  cidos de refina  o:"
3823.11.00;--  cido este rico
3823.12.00;--  cido oleico
3823.13.00;--  cidos graxos (gordos) do tall oil
3823.19;-- Outros
3823.19.10; cido capr lico
3823.19.90;Outros
3823.70;-  lcoois graxos (gordos) industriais
3823.70.10;Este rico
3823.70.20;L urico
3823.70.40;Cet lico
3823.70.90;Outros
38.24;"Aglutinantes preparados para moldes ou para n cleos de fundi  o; produtos qu micos e prepara  es das ind strias qu micas ou das ind strias conexas (incluindo os constitu dos por misturas de produtos naturais), n o especificados nem compreendidos noutras posi  es."
3824.10.00;- Aglutinantes preparados para moldes ou para n cleos de fundi  o
3824.30.00;- Carbonetos met licos n o aglomerados, misturados entre si ou com aglutinantes met licos
3824.40.00;- Aditivos preparados para cimentos, argamassas ou concretos (bet es)
3824.50.00;- Argamassas e concretos (bet es), n o refrat rios
3824.60.00;- Sorbitol, exceto o da subposi  o 2905.44
3824.8;- Mercadorias mencionadas na Nota de subposi  es 3 do presente Cap tulo:
3824.81;-- Que contenham oxirano ( xido de etileno)
3824.81.10;Mistura de  xido de propileno com um conte do de  xido de etileno inferior ou igual a 30 %, em peso
3824.81.90;Outras
3824.82;-- Que contenham polibromobifenilas (PBB), policloroterfenilas (PCT) ou policlorobifenilas (PCB)
3824.82.10;Que contenham policlorobifenilas (PCB)
3824.82.90;Outras
3824.83.00;-- Que contenham fosfato de tris(2,3-dibromopropila)
3824.84.00;-- Que contenham aldrin (ISO), canfecloro (ISO) (toxafeno), clordano (ISO), clordecona (ISO), DDT (ISO) (clofenotano (DCI), 1,1,1-tricloro-2,2-bis(p-clorofenil)etano), dieldrin (ISO, DCI), endossulfan (ISO), endrin (ISO), heptacloro (ISO) ou mirex (ISO)
3824.85.00;-- Que contenham 1,2,3,4,5,6-hexaclorocicloexano (HCH (ISO)), incluindo o lindano (ISO, DCI)
3824.86.00;-- Que contenham pentaclorobenzeno (ISO) ou hexaclorobenzeno (ISO)
3824.87.00;-- Que contenham  cido perfluoroctano sulf nico, seus sais, perfluoroctanossulfonamidas, ou fluoreto de perfluoroctanossulfonila
3824.88;-- Que contenham  teres tetra-, penta-, hexa-, hepta- ou octabromodifen licos
3824.88.10;Que contenham  teres tetra- ou pentabromodifen licos
3824.88.20;Que contenham  teres hexa-, hepta- ou octabromodifen licos
3824.89.00;-- Que contenham parafinas cloradas de cadeia curta
3824.9;- Outros:
3824.91.00;-- Misturas e prepara  es constitu das principalmente por metilfosfonato de (5-etil-2-metil-2- xido-1,3,2-dioxafosfinan-5-il)metil metila e metilfosfonato de bis[(5-etil-2-metil-2- xido-1,3,2-dioxafosfinan-5-il)metila]
3824.92.00;--  steres de poliglicol do  cido metilfosf nico
3824.99;-- Outros
3824.99.1;Produtos intermedi rios da fabrica  o de antibi ticos ou de vitaminas ou de outros produtos da posi  o 29.36
3824.99.11;Salinomicina micelial
3824.99.12;Com um teor de cianocobalamina inferior ou igual a 55 %, em peso
3824.99.13;Da fabrica  o da primicina am nica
3824.99.14;Senduramicina s dica, da fabrica  o da senduramicina
3824.99.15;Maduramicina am nica, em solu  o alco lica, da fabrica  o da maduramicina
3824.99.19;Outros
3824.99.2;"Derivados de  cidos graxos (gordos) industriais; misturas e prepara  es que contenham  lcoois graxos (gordos) ou  cidos carbox licos ou derivados destes produtos"
3824.99.21;" cidos graxos (gordos) dimerizados; prepara  es que contenham  cidos graxos (gordos) dimerizados"
3824.99.22;"Prepara  es que contenham estearoilbenzoilmetano e palmitoilbenzoilmetano; prepara  es que contenham caprilato e caprato de propilenoglicol"
3824.99.23;Prepara  es que contenham triglicer dios dos  cidos capr lico e c prico
3824.99.24;" steres de  lcoois graxos (gordos) de C12 a C20 do  cido metacr lico e suas misturas;  steres de  cidos monocarbox licos de C10 ramificados com glicerol"
3824.99.25;"Misturas de  steres dimet licos dos  cidos ad pico, glut rico e succ nico; misturas de  cidos dib sicos de C11 e C12;  cidos naft nicos, seus sais insol veis em  gua e seus  steres"
3824.99.29;Outros
3824.99.3;Misturas e prepara  es para borracha ou pl stico e outras misturas e prepara  es para endurecer resinas sint ticas, colas, pinturas ou usos semelhantes
3824.99.31;Que contenham isocianatos de hexametileno ou outros isocianatos
3824.99.32;Que contenham aminas graxas de C8 a C22
3824.99.33;Que contenham polietilenoaminas e dietilenotriaminas, pr prias para a coagula  o do l tex
3824.99.34;Outras, que contenham polietilenoaminas
3824.99.35;Misturas de mono-, di- e triisopropanolaminas
3824.99.36;Reticulantes para silicones
3824.99.39;Outras
3824.99.4;"Misturas e prepara  es desincrustantes, anticorrosivas ou antioxidantes; fluidos para a transfer ncia de calor"
3824.99.41;Prepara  es desincrustantes, anticorrosivas ou antioxidantes
3824.99.42;Mistura eut tica de difenila e  xido de difenila
3824.99.43;  base de trimetil-3,9-dietildecano
3824.99.49;Outros
3824.99.5;"Polietilenoglic is e suas misturas; polipropilenoglic is e suas misturas; misturas e prepara  es que contenham  steres de  cidos inorg nicos e seus derivados"
3824.99.51;Antiespumantes que contenham fosfato de tributila em solu  o de  lcool isoprop lico
3824.99.52;Misturas de polietilenoglic is
3824.99.53;Polipropilenoglicol l quido
3824.99.54;Retardante de chama que contenha misturas de trifenilfosfatos isopropilados
3824.99.59;Outros
3824.99.6;Contrastes para exames de diagn stico por imagens de resson ncia magn tica ou de ecografia
3824.99.61;  base de gadobenato de dimeglumina, de gadobutrol, de gadopentetato de dimeglumina, de gadoterato de meglumina, de gadoteridol ou de gadoxetato diss dico
3824.99.62;  base de hexafluoreto de enxofre
3824.99.69;Outros
3824.99.7;Produtos e prepara  es   base de elementos qu micos ou de seus compostos inorg nicos, n o especificados nem compreendidos noutras posi  es
3824.99.71;"Cal sodada; carbonato de c lcio hidr fugo"
3824.99.72;"Prepara  es   base de s lica em suspens o coloidal; nitreto de boro de estrutura cristalina c bica, compactado com substrato de carboneto de tungst nio (volfr mio)"
3824.99.73;"Prepara  es   base de carboneto de tungst nio (volfr mio) com n quel como aglomerante; brometo de hidrog nio em solu  o"
3824.99.74;Prepara  es   base de hidr xido de n quel ou de c dmio, de  xido de c dmio ou de  xido ferroso f rrico, pr prios para a fabrica  o de acumuladores alcalinos
3824.99.75;"Prepara  es utilizadas na elabora  o de meios de cultura; trocadores de  ons para o tratamento de  guas; prepara  es   base de ze litas artificiais"
3824.99.76;Compostos absorventes   base de metais para aperfei oar o v cuo nos tubos ou v lvulas el tricas
3824.99.77;Adubos (fertilizantes) foliares que contenham zinco ou mangan s
3824.99.78;"Prepara  es   base de  xido de alum nio e  xido de zirc nio, com um conte do de  xido de zirc nio igual ou superior a 20 %, em peso; prepara  es de  xido de alum nio com  xido de lant nio"
3824.99.79;Outros
3824.99.8;Produtos e prepara  es   base de compostos org nicos, n o especificados nem compreendidos noutras posi  es
3824.99.81;Prepara  es   base de anidrido poliisobutenilsucc nico, em  leo mineral
3824.99.82;"Halquinol; tetraclorohidroxiglicina de alum nio e zirc nio"
3824.99.83;"Triisocianato de tiofosfato de fenila ou de trifenilmetano, em solu  o de cloreto de metileno ou de acetato de etila; prepara  es   base de tetraacetiletilenodiamina (TAED), em gr nulos"
3824.99.84;Que contenham  teres decabromodifen licos
3824.99.85;Metilato de s dio em metanol
3824.99.86;"Maneb; mancozeb; cloreto de benzalc nio"
3824.99.87;Dispers o aquosa de microc psulas de poliuretano ou de melamina-formalde do que contenha um precursor de corante em solventes org nicos
3824.99.88;"Misturas constitu das principalmente pelos compostos seguintes (grupos alquila de C1 a C3, exceto nos casos expressamente indicados): alquilfosfonofluoridatos de O-alquila (de at  C10, incluindo cicloalquila); N,N-dialquilfosforoamidocianidatos de O-alquila (de at  C10, incluindo cicloalquila); hidrog nio alquilfosfonotioatos de [S-2-(dialquilamino)etila], seus  steres de O-alquila (de at  C10, incluindo cicloalquila) ou seus sais alquilados ou protonados; difluoretos de alquilfosfonila; hidrog nio alquilfosfonitos de [O-2-(dialquilamino)etila], seus  steres de O-alquila (de at  C10, incluindo cicloalquila) ou seus sais alquilados ou protonados; dialogenetos de N,N-dialquilfosforoam dicos; N,N-dialquilfosforoamidatos de dialquila; N,N-dialquil-2-cloroetilaminas ou seus sais protonados; N,N-dialquil-2-aminoetan is ou seus sais protonados; N,N-dialquilaminoetano-2-ti is ou seus sais protonados; outras misturas constitu das principalmente por compostos que contenham um  tomo de f sforo ligado a um grupo alquila (de C1 a C3) mas sem outros  tomos de carbono"
3824.99.89;Outros
38.25;"Produtos residuais das ind strias qu micas ou das ind strias conexas, n o especificados nem compreendidos noutras posi  es; res duos municipais; lamas de tratamento de esgotos (lamas de depura  o*); outros res duos mencionados na Nota 6 deste Cap tulo."
3825.10.00;- Res duos municipais
3825.20.00;- Lamas de tratamento de esgotos (Lamas de depura  o*)
3825.30.00;- Res duos cl nicos
3825.4;- Res duos de solventes org nicos:
3825.41.00;-- Halogenados
3825.49.00;-- Outros
3825.50.00;- Res duos de solu  es decapantes para metais, de fluidos hidr ulicos, de fluidos para freios (trav es) e de fluidos anticongelantes
3825.6;- Outros res duos das ind strias qu micas ou das ind strias conexas:
3825.61.00;-- Que contenham principalmente constituintes org nicos
3825.69.00;-- Outros
3825.90.00;- Outros
3826.00.00;Biodiesel e suas misturas, que n o contenham ou que contenham menos de 70 %, em peso, de  leos de petr leo ou de  leos minerais betuminosos.
38.27;Misturas que contenham derivados halogenados do metano, do etano ou do propano, n o especificadas nem compreendidas noutras posi  es.
3827.1;"- Que contenham clorofluorcarbonetos (CFC), mesmo que contenham hidroclorofluorcarbonetos (HCFC), perfluorcarbonetos (PFC) ou hidrofluorcarbonetos (HFC); que contenham hidrobromofluorcarbonetos (HBFC); que contenham tetracloreto de carbono; que contenham 1,1,1-tricloroetano (metilclorof rmio):"
3827.11;-- Que contenham clorofluorcarbonetos (CFC), mesmo que contenham hidroclorofluorcarbonetos (HCFC), perfluorcarbonetos (PFC) ou hidrofluorcarbonetos (HFC)
3827.11.10;Que contenham triclorotrifluoroetanos
3827.11.90;Outras
3827.12.00;-- Que contenham hidrobromofluorcarbonetos (HBFC)
3827.13.00;-- Que contenham tetracloreto de carbono
3827.14.00;-- Que contenham 1,1,1-tricloroetano (metilclorof rmio)
3827.20.00;- Que contenham bromoclorodifluorometano (halon-1211), bromotrifluorometano (halon-1301) ou dibromotetrafluoroetanos (halon-2402)
3827.3;- Que contenham hidroclorofluorcarbonetos (HCFC), mesmo que contenham perfluorcarbonetos (PFC) ou hidrofluorcarbonetos (HFC), mas que n o contenham clorofluorcarbonetos (CFC):
3827.31;-- Que contenham subst ncias das subposi  es 2903.41 a 2903.48
3827.31.10;Que contenham clorodifluorometano e pentafluoroetano
3827.31.90;Outras
3827.32;-- Outras, que contenham subst ncias das subposi  es 2903.71 a 2903.75
3827.32.10;Que contenham clorodifluorometano e clorotetrafluoroetano
3827.32.90;Outras
3827.39.00;-- Outras
3827.40.00;- Que contenham brometo de metila (bromometano) ou bromoclorometano
3827.5;- Que contenham trifluorometano (HFC-23) ou perfluorcarbonetos (PFC), mas que n o contenham clorofluorcarbonetos (CFC) ou hidroclorofluorcarbonetos (HCFC):
3827.51.00;-- Que contenham trifluorometano (HFC-23)
3827.59.00;-- Outras
3827.6;- Que contenham outros hidrofluorcarbonetos (HFC), mas que n o contenham clorofluorcarbonetos (CFC) ou hidroclorofluorcarbonetos (HCFC):
3827.61.00;-- Que contenham, em massa, 15 % ou mais de 1,1,1-trifluoroetano (HFC-143a)
3827.62.00;-- Outras, n o mencionadas na subposi  o acima, que contenham, em massa, 55 % ou mais de pentafluoroetano (HFC-125), mas que n o contenham derivados fluorados n o saturados dos hidrocarbonetos ac clicos (HFO)
3827.63.00;-- Outras, n o mencionadas nas subposi  es acima, que contenham, em massa, 40 % ou mais de pentafluoroetano (HFC-125)
3827.64.00;-- Outras, n o mencionadas nas subposi  es acima, que contenham, em massa, 30 % ou mais de 1,1,1,2-tetrafluoroetano (HFC-134a), mas que n o contenham derivados fluorados n o saturados dos hidrocarbonetos ac clicos (HFO)
3827.65.00;-- Outras, n o mencionadas nas subposi  es acima, que contenham, em massa, 20 % ou mais de difluorometano (HFC-32) e 20 % ou mais de pentafluoroetano (HFC-125)
3827.68.00;-- Outras, n o mencionadas nas subposi  es acima, que contenham subst ncias das subposi  es 2903.41 a 2903.48
3827.69.00;-- Outras
3827.90.00;- Outras
39;Pl stico e suas obras.
39.01;Pol meros de etileno, em formas prim rias.
3901.10;- Polietileno de densidade inferior a 0,94
3901.10.20;Com carga
3901.10.30;Sem carga
3901.20;- Polietileno de densidade igual ou superior a 0,94
3901.20.1;Com carga
3901.20.11;Vulcanizado, de densidade superior a 1,3
3901.20.19;Outros
3901.20.2;Sem carga
3901.20.21;Vulcanizado, de densidade superior a 1,3
3901.20.29;Outros
3901.30;- Copol meros de etileno e acetato de vinila
3901.30.10;Nas formas previstas na Nota 6 a) deste Cap tulo
3901.30.90;Outros
3901.40.00;- Copol meros de etileno e alfa-olefina, de densidade inferior a 0,94
3901.90;- Outros
3901.90.10;Copol meros de etileno e  cido acr lico
3901.90.20;Copol meros de etileno e mon meros com radicais carbox licos, inclusive com metacrilato de metila ou acrilato de metila como terceiro mon mero
3901.90.30;Polietileno clorossulfonado
3901.90.40;Polietileno clorado
3901.90.50;Copol meros de etileno -  cido metacr lico, com um conte do de etileno igual ou superior a 60 %, em peso
3901.90.90;Outros
39.02;Pol meros de propileno ou de outras olefinas, em formas prim rias.
3902.10;- Polipropileno
3902.10.10;Com carga
3902.10.20;Sem carga
3902.20.00;- Poli-isobutileno
3902.30.00;- Copol meros de propileno
3902.90.00;- Outros
39.03;Pol meros de estireno, em formas prim rias.
3903.1;- Poliestireno:
3903.11;-- Expans vel
3903.11.10;Com carga
3903.11.20;Sem carga
3903.19.00;-- Outros
3903.20.00;- Copol meros de estireno-acrilonitrila (SAN)
3903.30;- Copol meros de acrilonitrila-butadieno-estireno (ABS)
3903.30.10;Com carga
3903.30.20;Sem carga
3903.90;- Outros
3903.90.10;Copol meros de metacrilato de metilbutadieno-estireno (MBS)
3903.90.20;Copol meros de acrilonitrilo-estireno-acrilato de butilo (ASA)
3903.90.90;Outros
39.04;Pol meros de cloreto de vinila ou de outras olefinas halogenadas, em formas prim rias.
3904.10;- Poli(cloreto de vinila), n o misturado com outras subst ncias
3904.10.10;Obtido por processo de suspens o
3904.10.20;Obtido por processo de emuls o
3904.10.90;Outros
3904.2;- Outro poli(cloreto de vinila):
3904.21.00;-- N o plastificado
3904.22.00;-- Plastificado
3904.30.00;- Copol meros de cloreto de vinila e acetato de vinila
3904.40;- Outros copol meros de cloreto de vinila
3904.40.10;Com acetato de vinila, com um  cido dib sico ou com  lcool vin lico, nas formas previstas na Nota 6 b) deste Cap tulo
3904.40.90;Outros
3904.50;- Pol meros de cloreto de vinilideno
3904.50.10;Copol meros de cloreto de vinilideno, sem emulsionante nem plastificante
3904.50.90;Outros
3904.6;- Pol meros fluorados:
3904.61;-- Politetrafluoretileno
3904.61.10;Nas formas previstas na Nota 6 a) deste Cap tulo
3904.61.90;Outros
3904.69;-- Outros
3904.69.10;Copol mero de fluoreto de vinilideno e hexafluorpropileno
3904.69.90;Outros
3904.90;- Outros
3904.90.10;Poli(cloreto de vinila) clorado
3904.90.90;Outros
39.05;"Pol meros de acetato de vinila ou de outros  steres de vinila, em formas prim rias; outros pol meros de vinila, em formas prim rias."
3905.1;- Poli(acetato de vinila):
3905.12.00;-- Em dispers o aquosa
3905.19;-- Outro
3905.19.10;Com grupos  lcool vin lico, nas formas previstas na Nota 6 b) deste Cap tulo
3905.19.90;Outro
3905.2;- Copol meros de acetato de vinila:
3905.21.00;-- Em dispers o aquosa
3905.29.00;-- Outros
3905.30.00;- Poli( lcool vin lico), mesmo que contenha grupos acetato n o hidrolisados
3905.9;- Outros:
3905.91;-- Copol meros
3905.91.30;De vinilpirrolidona e acetato de vinila, em solu  o alco lica
3905.91.90;Outros
3905.99;-- Outros
3905.99.10;Poli(vinilformal)
3905.99.20;Poli(butiral de vinila)
3905.99.30;Poli(vinilpirrolidona) iodada
3905.99.90;Outros
39.06;Pol meros acr licos, em formas prim rias.
3906.10.00;- Poli(metacrilato de metila)
3906.90;- Outros
3906.90.1;Nas formas previstas na Nota 6 a) deste Cap tulo, em  gua
3906.90.11;Poli( cido acr lico) e seus sais
3906.90.12;Sal s dico do poli( cido acrilam dico), sol vel em  gua
3906.90.19;Outros
3906.90.2;Nas formas previstas na Nota 6 a) deste Cap tulo, em solventes org nicos
3906.90.21;Poli( cido acr lico) e seus sais
3906.90.22;Copol mero de metacrilato de 2-di-isopropilaminoetila e metacrilato de n-decila, em suspens o de dimetilacetamida
3906.90.29;Outros
3906.90.3;Nas formas previstas na Nota 6 a) deste Cap tulo, em outros solventes ou sem solvente
3906.90.31;Poli( cido acr lico) e seus sais
3906.90.32;Sal s dico do poli( cido acrilam dico), sol vel em  gua
3906.90.39;Outros
3906.90.5;Nas formas previstas na Nota 6 b) deste Cap tulo, exceto copol meros
3906.90.51;Poli( cido acr lico) e seus sais
3906.90.52;Sal s dico do poli( cido acrilam dico), sol vel em  gua
3906.90.53;Carboxipolimetileno, em p 
3906.90.54;Poli(acrilato de s dio), com capacidade de absor  o de uma solu  o aquosa de cloreto de s dio 0,9 %, em peso, igual ou superior a vinte vezes seu pr prio peso
3906.90.59;Outros
3906.90.6;Copol meros nas formas previstas na Nota 6 b) deste Cap tulo
3906.90.61;Copol mero de acrilato de pot ssio e acrilamida, com capacidade de absor  o de  gua destilada de at  quatrocentas vezes seu pr prio peso
3906.90.62;Copol meros de acrilato de metila-etileno com um conte do de acrilato de metila igual ou superior a 50 %, em peso
3906.90.63;Copol mero de acrilato de etila, acrilato de n-butila e acrilato de 2-metoxietila
3906.90.64;Copol mero de acrilato de pot ssio e  cido acr lico, com capacidade de absor  o de  gua destilada de at  quatrocentas vezes seu pr prio peso
3906.90.65;Copol mero de acrilamida e acrilato de s dio
3906.90.69;Outros
39.07;"Poliacetais, outros poli teres e resinas ep xidas, em formas prim rias; policarbonatos, resinas alqu dicas, poli steres al licos e outros poli steres, em formas prim rias."
3907.10;- Poliacetais
3907.10.10;Com carga, nas formas previstas na Nota 6 a) deste Cap tulo
3907.10.20;Com carga, nas formas previstas na Nota 6 b) deste Cap tulo
3907.10.3;Sem carga, nas formas previstas na Nota 6 a) deste Cap tulo
3907.10.31;Polidextrose
3907.10.39;Outros
3907.10.4;Sem carga, nas formas previstas na Nota 6 b) deste Cap tulo, n o estabilizados
3907.10.41;Polidextrose
3907.10.42;Outros, em p  que passe atrav s de uma peneira com abertura de malha de 0,85 mm em propor  o superior a 80 %, em peso
3907.10.49;Outros
3907.10.9;Outros
3907.10.91;Em gr nulos, de di metro de part cula superior a 2 mm, segundo a Norma ASTM E 11-70
3907.10.99;Outros
3907.2;- Outros poli teres:
3907.21.00;-- Metilfosfonato de bis(polioxietileno)
3907.29;-- Outros
3907.29.1;Poli( xido de fenileno), mesmo modificado com estireno ou estireno-acrilonitrila
3907.29.11;Com carga
3907.29.12;Sem carga
3907.29.20;Politetrametilenoeterglicol
3907.29.3;Polieterpoli is
3907.29.31;Polietilenoglicol 400
3907.29.39;Outros
3907.29.4;Poli(epicloridrina) (PECH) e seus copol meros
3907.29.41;Poli(epicloridrina)
3907.29.42;Copol meros de  xido de etileno
3907.29.49;Outros
3907.29.9;Outros
3907.29.91;Poliacetal poli ter (PAPE)
3907.29.92; ter metal lico de poli(oxietileno) (HPEG)
3907.29.99;Outros
3907.30;- Resinas ep xidas
3907.30.1;Com carga
3907.30.11;Nas formas previstas na Nota 6 a) deste Cap tulo
3907.30.19;Outras
3907.30.2;Sem carga
3907.30.21;Copol mero de tetrabromobisfenol A e epicloridrina (resina ep xida bromada)
3907.30.22;Outras, nas formas previstas na Nota 6 a) deste Cap tulo
3907.30.29;Outras
3907.40;- Policarbonatos
3907.40.10;Nas formas previstas na Nota 6 b) deste Cap tulo, com transmiss o de luz de comprimento de onda de 550 nm ou 800 nm, superior a 89 %, segundo Norma ASTM D 1003-00 e  ndice de fluidez de massa igual ou superior a 60 g/10 min e inferior ou igual a 80 g/10 min segundo Norma ASTM D 1238
3907.40.20;Em p  ou flocos, com  ndice de fluidez de massa inferior a 60 g/10 min ou superior a 80 g/10 min segundo Norma ASTM D 1238
3907.40.90;Outros
3907.50;- Resinas alqu dicas
3907.50.10;Nas formas previstas na Nota 6 a) deste Cap tulo
3907.50.90;Outras
3907.6;- Poli(tereftalato de etileno):
3907.61.00;-- De um  ndice de viscosidade de 78 ml/g ou mais
3907.69.00;-- Outros
3907.70.00;- Poli( cido l ctico)
3907.9;- Outros poli steres:
3907.91.00;-- N o saturados
3907.99;-- Outros
3907.99.1;Poli(tereftalato de butileno)
3907.99.11;Com carga de fibra de vidro
3907.99.12;Outros, nas formas previstas na Nota 6 a) deste Cap tulo
3907.99.19;Outros
3907.99.9;Outros
3907.99.91;Nas formas previstas na Nota 6 a) deste Cap tulo
3907.99.92;Poli( psilon-caprolactona)
3907.99.93;Copol mero de tereftalato de dimetila, cicloexanodimetanol e  cido isoft lico
3907.99.94;Copol mero de tereftalato de dimetila, cicloexanodimetanol e tetrametil ciclobutanodiol
3907.99.95;Copol mero de tereftalato de dimetila, cicloexanodimetanol e etilenoglicol
3907.99.99;Outros
39.08;Poliamidas em formas prim rias.
3908.10;- Poliamida-6, -11, -12, -6,6, -6,9, -6,10 ou -6,12
3908.10.1;Nas formas previstas na Nota 6 a) deste Cap tulo
3908.10.11;Poliamida-11
3908.10.12;Poliamida-12
3908.10.13;Poliamida-6 ou poliamida-6,6, com carga
3908.10.14;Poliamida-6 ou poliamida-6,6, sem carga
3908.10.19;Outras
3908.10.2;Nas formas previstas na Nota 6 b) deste Cap tulo
3908.10.21;Poliamida-11
3908.10.22;Poliamida-12
3908.10.23;Poliamida-6 ou poliamida-6,6, com carga
3908.10.25;Poliamida-6, sem carga
3908.10.26;Poliamida-6,6, sem carga
3908.10.29;Outras
3908.90;- Outras
3908.90.10;Copol mero de lauril-lactama
3908.90.20;Obtidas por condensa  o de  cidos graxos (gordos) dimerizados ou trimerizados com etilenaminas
3908.90.90;Outras
39.09;Resinas am nicas, resinas fen licas e poliuretanos, em formas prim rias.
3909.10.00;"- Resinas ureicas; resinas de tioureia"
3909.20;- Resinas melam nicas
3909.20.1;Com carga
3909.20.11;Melamina-formalde do, em p 
3909.20.19;Outras
3909.20.2;Sem carga
3909.20.21;Melamina-formalde do, em p 
3909.20.29;Outras
3909.3;- Outras resinas am nicas:
3909.31.00;-- Poli(isocianato de fenil metileno) (MDI bruto, MDI polim rico)
3909.39.00;-- Outras
3909.40;- Resinas fen licas
3909.40.1;Lipossol veis, puras ou modificadas
3909.40.11;Fenol-formalde do
3909.40.19;Outras
3909.40.9;Outras
3909.40.91;Fenol-formalde do
3909.40.99;Outras
3909.50;- Poliuretanos
3909.50.1;Nas formas previstas na Nota 6 a) deste Cap tulo
3909.50.11;Solu  es em solventes org nicos
3909.50.12;Em dispers o aquosa
3909.50.19;Outros
3909.50.2;Nas formas previstas na Nota 6 b) deste Cap tulo
3909.50.21;Hidroxilados, com propriedades adesivas
3909.50.29;Outros
3910.00;Silicones em formas prim rias.
3910.00.1; leos
3910.00.11;Misturas de pr -pol meros lineares e c clicos, obtidos por hidr lise de dimetildiclorosilano, de peso molecular m dio inferior ou igual a 8.800
3910.00.12;Polidimetilsiloxano, polimetilidrogenosiloxano ou misturas destes produtos, em dispers o
3910.00.13;Copol meros de dimetilsiloxano com compostos vin licos, de viscosidade igual ou superior a 1.000.000 cSt
3910.00.19;Outros
3910.00.2;Elast meros
3910.00.21;De vulcaniza  o a quente
3910.00.29;Outros
3910.00.30;Resinas
3910.00.90;Outros
39.11;Resinas de petr leo, resinas de cumarona-indeno, politerpenos, polissulfetos, polissulfonas e outros produtos mencionados na Nota 3 do presente Cap tulo, n o especificados nem compreendidos noutras posi  es, em formas prim rias.
3911.10;- Resinas de petr leo, resinas de cumarona, resinas de indeno, resinas de cumarona-indeno e politerpenos
3911.10.10;Com carga
3911.10.2;Sem carga
3911.10.21;Resinas de petr leo, total ou parcialmente hidrogenadas, de Cor Gardner inferior a 3, segundo Norma ASTM D 1544
3911.10.29;Outros
3911.20.00;- Poli(1,3-fenileno metilfosfonato)
3911.90;- Outros
3911.90.1;Com carga
3911.90.11;Politerpenos modificados quimicamente, exceto com fen is
3911.90.12;Polieterimidas (PEI) e seus copol meros
3911.90.13;Polietersulfonas (PES) e seus copol meros
3911.90.14;Poli(sulfeto de fenileno)
3911.90.19;Outros
3911.90.2;Sem carga
3911.90.21;Politerpenos modificados quimicamente, exceto com fen is
3911.90.22;Poli(sulfeto de fenileno)
3911.90.23;Polietilenaminas
3911.90.24;Polieterimidas (PEI) e seus copol meros
3911.90.25;Polietersulfonas (PES) e seus copol meros
3911.90.26;Polissulfonas
3911.90.27;Cloreto de hexadimetrina
3911.90.29;Outros
39.12;Celulose e seus derivados qu micos, n o especificados nem compreendidos noutras posi  es, em formas prim rias.
3912.1;- Acetatos de celulose:
3912.11;-- N o plastificados
3912.11.10;Com carga
3912.11.20;Sem carga
3912.12.00;-- Plastificados
3912.20;- Nitratos de celulose (incluindo os col dios)
3912.20.10;Com carga
3912.20.2;Sem carga
3912.20.21;Em  lcool, com um teor de n o vol teis igual ou superior a 65 %, em peso
3912.20.29;Outros
3912.3;-  teres de celulose:
3912.31;-- Carboximetilcelulose e seus sais
3912.31.1;Carboximetilcelulose
3912.31.11;Com um teor de carboximetilcelulose igual ou superior a 75 %, em peso
3912.31.19;Outros
3912.31.2;Sais
3912.31.21;Com um teor de sais igual ou superior a 75 %, em peso
3912.31.29;Outros
3912.39;-- Outros
3912.39.10;Metil-, etil- e propilcelulose, hidroxiladas
3912.39.20;Outras metilceluloses
3912.39.30;Outras etilceluloses
3912.39.90;Outros
3912.90;- Outros
3912.90.10;Propionato de celulose
3912.90.20;Acetobutanoato de celulose
3912.90.3;Celulose microcristalina
3912.90.31;Em p 
3912.90.39;Outras
3912.90.40;Outras celuloses, em p 
3912.90.90;Outros
39.13;Pol meros naturais ( cido alg nico, por exemplo) e pol meros naturais modificados (por exemplo, prote nas endurecidas, derivados qu micos da borracha natural), n o especificados nem compreendidos noutras posi  es, em formas prim rias.
3913.10.00;-  cido alg nico, seus sais e seus  steres
3913.90;- Outros
3913.90.1;Derivados qu micos da borracha natural
3913.90.11;Borracha clorada ou cloridratada, nas formas previstas na Nota 6 b) deste Cap tulo
3913.90.12;Borracha clorada, noutras formas
3913.90.19;Outros
3913.90.20;Goma xantana
3913.90.30;Dextrana
3913.90.40;Prote nas endurecidas
3913.90.50;Quitosan (Chitosan), seus sais ou seus derivados
3913.90.60;Sulfato de condroitina
3913.90.90;Outros
3914.00;Permutadores de  ons   base de pol meros das posi  es 39.01 a 39.13, em formas prim rias.
3914.00.1;De poliestireno e seus copol meros
3914.00.11;De copol meros de estireno-divinilbenzeno, sulfonados
3914.00.19;Outros
3914.00.90;Outros
39.15;Desperd cios, res duos e aparas, de pl stico.
3915.10.00;- De pol meros de etileno
3915.20.00;- De pol meros de estireno
3915.30.00;- De pol meros de cloreto de vinila
3915.90.00;- De outro pl stico
39.16;Monofilamentos cuja maior dimens o da se  o transversal seja superior a 1 mm (monofios), varas, bast es e perfis, mesmo trabalhados   superf cie, mas n o trabalhados de outro modo, de pl stico.
3916.10.00;- De pol meros de etileno
3916.20.00;- De pol meros de cloreto de vinila
3916.90;- De outro pl stico
3916.90.10;Monofilamentos
3916.90.90;Outros
39.17;Tubos e seus acess rios (por exemplo, juntas, cotovelos, flanges, uni es), de pl stico.
3917.10;- Tripas artificiais de prote nas endurecidas ou de pl stico celul sico
3917.10.10;De prote nas endurecidas
3917.10.2;De pl stico celul sico
3917.10.21;Fibrosas, de celulose regenerada, de di metro igual ou superior a 150 mm
3917.10.29;Outras
3917.2;- Tubos r gidos:
3917.21.00;-- De pol meros de etileno
3917.22;-- De pol meros de propileno
3917.22.10;De se  o transversal interna redonda de di metro inferior a 6 mm e externa hexagonal
3917.22.90;Outros
3917.23.00;-- De pol meros de cloreto de vinila
3917.29.00;-- De outro pl stico
3917.3;- Outros tubos:
3917.31.00;-- Tubos flex veis podendo suportar uma press o de, pelo menos, 27,6 MPa
3917.32;-- Outros, n o refor ados com outras mat rias, nem associados de outra forma com outras mat rias, sem acess rios
3917.32.10;De copol meros de etileno
3917.32.2;De polipropileno
3917.32.21;Tubos capilares, semiperme veis, pr prios para hemodi lise ou para oxigena  o sangu nea
3917.32.29;Outros
3917.32.30;De poli(tereftalato de etileno)
3917.32.40;De silicones
3917.32.5;De celulose regenerada
3917.32.51;Tubos capilares, semiperme veis, pr prios para hemodi lise
3917.32.59;Outros
3917.32.90;Outros
3917.33.00;-- Outros, n o refor ados com outras mat rias, nem associados de outra forma com outras mat rias, com acess rios
3917.39.00;-- Outros
3917.40;- Acess rios
3917.40.10;Do tipo utilizado em linhas de sangue para hemodi lise
3917.40.90;Outros
39.18;"Revestimentos para pisos (pavimentos), de pl stico, mesmo autoadesivos, em rolos ou em forma de ladrilhos ou de placas (lajes); revestimentos para paredes ou para tetos, de pl stico, definidos na Nota 9 do presente Cap tulo."
3918.10.00;- De pol meros de cloreto de vinila
3918.90.00;- De outro pl stico
39.19;Chapas, folhas, tiras, fitas, pel culas e outras formas planas, autoadesivas, de pl stico, mesmo em rolos.
3919.10;- Em rolos de largura n o superior a 20 cm
3919.10.10;De polipropileno
3919.10.20;De poli(cloreto de vinila)
3919.10.90;Outras
3919.90;- Outras
3919.90.10;De polipropileno
3919.90.20;De poli(cloreto de vinila)
3919.90.90;Outras
39.20;Outras chapas, folhas, pel culas, tiras e l minas, de pl stico n o alveolar, n o refor adas nem estratificadas, sem suporte, nem associadas de forma semelhante a outras mat rias.
3920.10;- De pol meros de etileno
3920.10.10;De densidade igual ou superior a 0,94, espessura inferior ou igual a 19 micr metros (m crons), em rolos de largura inferior ou igual a 66 cm
3920.10.9;Outras
3920.10.91;De densidade inferior a 0,94, com  leo de parafina e carga (s lica e negro de fumo), apresentando nervuras paralelas entre si, com uma resist ncia el trica igual ou superior a 0,030 ohms.cm2, mas inferior ou igual a 0,120 ohms.cm2, em rolos, do tipo utilizado para a fabrica  o de separadores de acumuladores el tricos
3920.10.99;Outras
3920.20;- De pol meros de propileno
3920.20.1;Biaxialmente orientados
3920.20.11;De largura inferior ou igual a 12,5 cm e espessura inferior ou igual a 10 micr metros (m crons), metalizadas
3920.20.12;De largura inferior ou igual a 1 m e espessura inferior ou igual a 13 micr metros (m crons), com uma ou ambas as faces rugosas de rugosidade relativa (rela  o entre a espessura m dia e a m xima) igual ou superior a 6 %, de rigidez diel trica igual ou superior a 500 V/micr metro (Norma ASTM D 3755-97), em rolos
3920.20.19;Outras
3920.20.90;Outras
3920.30.00;- De pol meros de estireno
3920.4;- De pol meros de cloreto de vinila:
3920.43;-- Que contenham, em peso, pelo menos 6 % de plastificantes
3920.43.10;De poli(cloreto de vinila), transparentes, termocontr teis, de espessura inferior ou igual a 250 micr metros (m crons)
3920.43.90;Outras
3920.49.00;-- Outras
3920.5;- De pol meros acr licos:
3920.51.00;-- De poli(metacrilato de metila)
3920.59.00;-- Outras
3920.6;- De policarbonatos, de resinas alqu dicas, de poli steres al licos ou de outros poli steres:
3920.61.00;-- De policarbonatos
3920.62;-- De poli(tereftalato de etileno)
3920.62.1;De espessura inferior ou igual a 40 micr metros (m crons)
3920.62.11;De espessura inferior a 5 micr metros (m crons)
3920.62.19;Outras
3920.62.9;Outras
3920.62.91;Com largura superior a 12 cm, sem qualquer trabalho   superf cie
3920.62.99;Outras
3920.63.00;-- De poli steres n o saturados
3920.69.00;-- De outros poli steres
3920.7;- De celulose ou dos seus derivados qu micos:
3920.71.00;-- De celulose regenerada
3920.73;-- De acetatos de celulose
3920.73.10;De espessura inferior ou igual a 0,75 mm
3920.73.90;Outras
3920.79;-- De outros derivados da celulose
3920.79.10;De fibra vulcanizada, de espessura inferior ou igual a 1 mm
3920.79.90;Outros
3920.9;- De outro pl stico:
3920.91.00;-- De poli(butiral de vinila)
3920.92.00;-- De poliamidas
3920.93.00;-- De resinas am nicas
3920.94.00;-- De resinas fen licas
3920.99;-- De outro pl stico
3920.99.10;De silicone
3920.99.20;De poli( lcool vin lico)
3920.99.30;De pol meros de fluoreto de vinila
3920.99.40;De poliimida
3920.99.50;De poli(clorotrifluoretileno)
3920.99.90;Outras
39.21;Outras chapas, folhas, pel culas, tiras e l minas, de pl stico.
3921.1;- Produtos alveolares:
3921.11.00;-- De pol meros de estireno
3921.12.00;-- De pol meros de cloreto de vinila
3921.13;-- De poliuretanos
3921.13.10;Com base poli ster, de c lulas abertas, com um n mero de poros por dec metro linear igual ou superior a 24 e inferior ou igual a 157 (6 a 40 poros por polegada linear), com resist ncia   compress o 50 % (RC50) igual ou superior a 3,0 kPa e inferior ou igual a 6,0 kPa
3921.13.90;Outras
3921.14.00;-- De celulose regenerada
3921.19.00;-- De outro pl stico
3921.90;- Outras
3921.90.1;Estratificadas, refor adas ou com suporte
3921.90.11;De resina melamina-formalde do
3921.90.12;De polietileno, com refor o de napas de fibras de polietileno paralelizadas, superpostas entre si em  ngulo de 90  e impregnadas com resinas
3921.90.13;De copol meros de tetrafluoretileno refor adas com tecido de fibras de politetrafluoretileno, do tipo utilizado como membranas semiperme veis em c lulas de eletr lise
3921.90.19;Outras
3921.90.20;De poli(tereftalato de etileno), com camada antiest tica   base de gelatina ou de l tex em ambas as faces, mesmo com halogenetos de pot ssio
3921.90.90;Outras
39.22;Banheiras, boxes para chuveiros (polib s*), pias, lavat rios, bid s, sanit rios e seus assentos e tampas, caixas de descarga (autoclismos*) e artigos semelhantes para usos sanit rios ou higi nicos, de pl stico.
3922.10.00;- Banheiras, boxes para chuveiros (polib s*), pias e lavat rios
3922.20.00;- Assentos e tampas, de sanit rios
3922.90.00;- Outros
39.23;"Artigos de transporte ou de embalagem, de pl stico; rolhas, tampas, c psulas e outros dispositivos para fechar recipientes, de pl stico."
3923.10;- Caixas, caixotes, engradados e artigos semelhantes
3923.10.10;Estojos de pl stico, do tipo utilizado para acondicionar discos para sistemas de leitura por raio laser
3923.10.90;Outros
3923.2;- Sacos de quaisquer dimens es, bolsas e cartuchos:
3923.21;-- De pol meros de etileno
3923.21.10;De capacidade inferior ou igual a 1.000 cm3
3923.21.90;Outros
3923.29;-- De outro pl stico
3923.29.10;De capacidade inferior ou igual a 1.000 cm3
3923.29.90;Outros
3923.30;- Garraf es, garrafas, frascos e artigos semelhantes
3923.30.10;Recipientes para g s liquefeito de petr leo (GLP)
3923.30.90;Outros
3923.40.00;- Bobinas, carret is, canelas e suportes semelhantes
3923.50.00;- Rolhas, tampas, c psulas e outros dispositivos para fechar recipientes
3923.90;- Outros
3923.90.10;"Paletes simples, paletes-caixas e outros estrados para carga; taipais de paletes"
3923.90.90;Outros
39.24;Servi os de mesa, artigos de cozinha, outros artigos de uso dom stico e artigos de higiene ou de toucador, de pl stico.
3924.10.00;- Servi os de mesa e outros utens lios de mesa ou de cozinha
3924.90.00;- Outros
39.25;Artigos para apetrechamento de constru  es, de pl stico, n o especificados nem compreendidos noutras posi  es.
3925.10.00;- Reservat rios, cisternas, cubas e recipientes an logos, de capacidade superior a 300 l
3925.20.00;- Portas, janelas e seus caixilhos, alizares e soleiras
3925.30.00;- Postigos, estores (incluindo as venezianas) e artigos semelhantes, e suas partes
3925.90;- Outros
3925.90.10;De poliestireno expandido (EPS)
3925.90.90;Outros
39.26;Outras obras de pl stico e obras de outras mat rias das posi  es 39.01 a 39.14.
3926.10.00;- Artigos de escrit rio e artigos escolares
3926.20.00;- Vestu rio e seus acess rios (incluindo as luvas, mitenes e semelhantes)
3926.30.00;- Guarni  es para m veis, carro arias ou semelhantes
3926.40.00;- Estatuetas e outros objetos de ornamenta  o
3926.90;- Outras
3926.90.10;Arruelas (anilhas)
3926.90.2;Correias de transmiss o e correias transportadoras
3926.90.21;De transmiss o
3926.90.22;Transportadoras
3926.90.30;Bolsas para uso em medicina (hemodi lise e usos semelhantes)
3926.90.40;Artigos de laborat rio ou de farm cia
3926.90.50;Acess rios do tipo utilizado em linhas de sangue para hemodi lise, tais como: obturadores, incluindo os regul veis (clamps), clipes e semelhantes
3926.90.6;An is de se  o transversal circular (O-rings)
3926.90.61;De tetrafluoretileno e  ter perfluorometilvinil
3926.90.69;Outros
3926.90.90;Outras
40;Borracha e suas obras.
40.01;Borracha natural, balata, guta-percha, guai le, chicle e gomas naturais an logas, em formas prim rias ou em chapas, folhas ou tiras.
4001.10.00;- L tex de borracha natural, mesmo pr -vulcanizado
4001.2;- Borracha natural noutras formas:
4001.21.00;-- Folhas fumadas
4001.22.00;-- Borracha natural tecnicamente especificada (TSNR)
4001.29;-- Outras
4001.29.10;Crepadas
4001.29.20;Granuladas ou prensadas
4001.29.90;Outras
4001.30.00;- Balata, guta-percha, guai le, chicle e gomas naturais an logas
40.02;"Borracha sint tica e borracha artificial derivada dos  leos, em formas prim rias ou em chapas, folhas ou tiras; misturas dos produtos da posi  o 40.01 com produtos da presente posi  o, em formas prim rias ou em chapas, folhas ou tiras."
4002.1;"- Borracha de estireno-butadieno (SBR); borracha de estireno-butadieno carboxilada (XSBR):"
4002.11;-- L tex
4002.11.10;De estireno-butadieno (SBR)
4002.11.20;De estireno-butadieno carboxilada (XSBR)
4002.19;-- Outras
4002.19.1;De estireno-butadieno (SBR)
4002.19.11;Em chapas, folhas ou tiras
4002.19.12;Grau aliment cio de acordo com o estabelecido pelo Food Chemical Codex, em formas prim rias
4002.19.19;Outras
4002.19.20;De estireno-butadieno carboxilada (XSBR)
4002.20;- Borracha de butadieno (BR)
4002.20.10; leo
4002.20.9;Outras
4002.20.91;1,2-polibutadieno sindiot ctico
4002.20.99;Outras
4002.3;"- Borracha de isobuteno-isopreno (butila) (IIR); borracha de isobuteno-isopreno halogenada (CIIR ou BIIR):"
4002.31.00;-- Borracha de isobuteno-isopreno (butila) (IIR)
4002.39.00;-- Outras
4002.4;- Borracha de cloropreno (clorobutadieno) (CR):
4002.41.00;-- L tex
4002.49.00;-- Outras
4002.5;- Borracha de acrilonitrila-butadieno (NBR):
4002.51.00;-- L tex
4002.59.00;-- Outras
4002.60.00;- Borracha de isopreno (IR)
4002.70.00;- Borracha de etileno-propileno-dieno n o conjugado (EPDM)
4002.80.00;- Misturas dos produtos da posi  o 40.01 com produtos da presente posi  o
4002.9;- Outras:
4002.91.00;-- L tex
4002.99;-- Outras
4002.99.10;Borracha estireno-isopreno-estireno
4002.99.20;Borracha etileno-propileno-dieno n o conjugado-propileno (EPDM-propileno)
4002.99.30;Borracha acrilonitrila-butadieno hidrogenada
4002.99.90;Outras
4003.00.00;Borracha regenerada, em formas prim rias ou em chapas, folhas ou tiras.
4004.00.00;Desperd cios, res duos e aparas, de borracha n o endurecida, mesmo reduzidos a p  ou a gr nulos.
40.05;Borracha misturada, n o vulcanizada, em formas prim rias ou em chapas, folhas ou tiras.
4005.10;- Borracha adicionada de negro de fumo ou de s lica
4005.10.10;Borracha etileno-propileno-dieno n o conjugado-propileno (EPDM-propileno), com s lica e plastificante, em gr nulos
4005.10.90;Outras
4005.20.00;"- Solu  es; dispers es, exceto as da subposi  o 4005.10"
4005.9;- Outras:
4005.91;-- Chapas, folhas e tiras
4005.91.10;Prepara  es base para a fabrica  o de gomas de mascar
4005.91.90;Outras
4005.99;-- Outras
4005.99.10;Prepara  es base para a fabrica  o de gomas de mascar
4005.99.90;Outras
40.06;Outras formas (por exemplo, varetas, tubos, perfis) e artigos (por exemplo, discos, arruelas (anilhas)), de borracha n o vulcanizada.
4006.10.00;- Perfis para recauchutagem
4006.90.00;- Outros
4007.00;Fios e cordas, de borracha vulcanizada.
4007.00.1;Fios
4007.00.11;Recobertos com silicone, mesmo paralelizados
4007.00.19;Outros
4007.00.20;Cordas
40.08;Chapas, folhas, tiras, varetas e perfis, de borracha vulcanizada n o endurecida.
4008.1;- De borracha alveolar:
4008.11.00;-- Chapas, folhas e tiras
4008.19.00;-- Outros
4008.2;- De borracha n o alveolar:
4008.21.00;-- Chapas, folhas e tiras
4008.29.00;-- Outros
40.09;Tubos de borracha vulcanizada n o endurecida, mesmo providos dos respectivos acess rios (por exemplo, juntas, cotovelos, flanges, uni es).
4009.1;- N o refor ados com outras mat rias nem associados de outra forma com outras mat rias:
4009.11.00;-- Sem acess rios
4009.12;-- Com acess rios
4009.12.10;Com uma press o de ruptura igual ou superior a 17,3 MPa
4009.12.90;Outros
4009.2;- Refor ados apenas com metal ou associados de outra forma apenas com metal:
4009.21;-- Sem acess rios
4009.21.10;Com uma press o de ruptura igual ou superior a 17,3 MPa
4009.21.90;Outros
4009.22;-- Com acess rios
4009.22.10;Com uma press o de ruptura igual ou superior a 17,3 MPa
4009.22.90;Outros
4009.3;- Refor ados apenas com mat rias t xteis ou associados de outra forma apenas com mat rias t xteis:
4009.31.00;-- Sem acess rios
4009.32;-- Com acess rios
4009.32.10;Com uma press o de ruptura igual ou superior a 17,3 MPa
4009.32.90;Outros
4009.4;- Refor ados com outras mat rias ou associados de outra forma com outras mat rias:
4009.41.00;-- Sem acess rios
4009.42;-- Com acess rios
4009.42.10;Com uma press o de ruptura igual ou superior a 17,3 MPa
4009.42.90;Outros
40.10;Correias transportadoras ou de transmiss o, de borracha vulcanizada.
4010.1;- Correias transportadoras:
4010.11.00;-- Refor adas apenas com metal
4010.12.00;-- Refor adas apenas com mat rias t xteis
4010.19.00;-- Outras
4010.3;- Correias de transmiss o:
4010.31.00;-- Correias de transmiss o sem fim, de se  o trapezoidal, estriadas, com uma circunfer ncia externa superior a 60 cm, mas n o superior a 180 cm
4010.32.00;-- Correias de transmiss o sem fim, de se  o trapezoidal, n o estriadas, com uma circunfer ncia externa superior a 60 cm, mas n o superior a 180 cm
4010.33.00;-- Correias de transmiss o sem fim, de se  o trapezoidal, estriadas, com uma circunfer ncia externa superior a 180 cm, mas n o superior a 240 cm
4010.34.00;-- Correias de transmiss o sem fim, de se  o trapezoidal, n o estriadas, com uma circunfer ncia externa superior a 180 cm, mas n o superior a 240 cm
4010.35.00;-- Correias de transmiss o sem fim, s ncronas, com uma circunfer ncia externa superior a 60 cm, mas n o superior a 150 cm
4010.36.00;-- Correias de transmiss o sem fim, s ncronas, com uma circunfer ncia externa superior a 150 cm, mas n o superior a 198 cm
4010.39.00;-- Outras
40.11;Pneum ticos novos, de borracha.
4011.10.00;- Do tipo utilizado em autom veis de passageiros (incluindo os ve culos de uso misto (station wagons) e os autom veis de corrida)
4011.20;- Do tipo utilizado em  nibus (autocarros) ou caminh es
4011.20.10;De medida 11,00-24
4011.20.90;Outros
4011.30.00;- Do tipo utilizado em ve culos a reos
4011.40.00;- Do tipo utilizado em motocicletas
4011.50.00;- Do tipo utilizado em bicicletas
4011.70;- Do tipo utilizado em ve culos e m quinas agr colas ou florestais
4011.70.10;"Nas seguintes medidas: 4,00-15; 4,00-18; 4,00-19; 5,00-15; 5,00-16; 5,50-16; 6,00-16; 6,00-19; 6,00-20; 6,50-16; 6,50-20; 7,50-16; 7,50-18; 7,50-20"
4011.70.90;Outros
4011.80;- Do tipo utilizado em ve culos e m quinas para a constru  o civil, de minera  o e de manuten  o industrial
4011.80.10;"Radiais, para dumpers concebidos para serem utilizados fora de rodovias, com se  o de largura igual ou superior a 940 mm (37""), para aros de di metro igual ou superior a 1.448 mm (57"")"
4011.80.20;"Outros, com se  o de largura igual ou superior a 1.143 mm (45""), para aros de di metro igual ou superior a 1.143 mm (45"")"
4011.80.90;Outros
4011.90;- Outros
4011.90.10;"Com se  o de largura igual ou superior a 1.143 mm (45""), para aros de di metro igual ou superior a 1.143 mm (45"")"
4011.90.90;Outros
40.12;"Pneum ticos recauchutados ou usados, de borracha; pneus maci os ou ocos, bandas de rodagem para pneum ticos e flaps, de borracha."
4012.1;- Pneum ticos recauchutados:
4012.11.00;-- Do tipo utilizado em autom veis de passageiros (incluindo os ve culos de uso misto (station wagons) e os autom veis de corrida)
4012.12.00;-- Do tipo utilizado em  nibus (autocarros) ou caminh es
4012.13.00;-- Do tipo utilizado em ve culos a reos
4012.19.00;-- Outros
4012.20.00;- Pneum ticos usados
4012.90;- Outros
4012.90.10;Flaps
4012.90.90;Outros
40.13;C maras de ar de borracha.
4013.10;- Do tipo utilizado em autom veis de passageiros (incluindo os ve culos de uso misto (station wagons) e os autom veis de corrida),  nibus (autocarros) ou caminh es
4013.10.10;Para pneum ticos do tipo utilizado em  nibus ou caminh es, de medida 11,00-24
4013.10.90;Outras
4013.20.00;- Do tipo utilizado em bicicletas
4013.90.00;- Outras
40.14;Artigos de higiene ou de farm cia (incluindo os bicos (tetinas) para mamadeiras (biber es)), de borracha vulcanizada n o endurecida, mesmo com partes de borracha endurecida.
4014.10.00;- Preservativos
4014.90;- Outros
4014.90.10;Bolsas para gelo ou para  gua quente
4014.90.90;Outros
40.15;Vestu rio e seus acess rios (incluindo as luvas, mitenes e semelhantes), de borracha vulcanizada n o endurecida, para quaisquer usos.
4015.1;- Luvas, mitenes e semelhantes:
4015.12.00;-- Do tipo utilizado em medicina, cirurgia, odontologia ou veterin ria
4015.19.00;-- Outras
4015.90.00;- Outros
40.16;Outras obras de borracha vulcanizada n o endurecida.
4016.10;- De borracha alveolar
4016.10.10;Partes de ve culos autom veis ou tratores e de m quinas ou aparelhos, n o dom sticos, dos Cap tulos 84, 85 ou 90
4016.10.90;Outras
4016.9;- Outras:
4016.91.00;-- Revestimentos para pisos (pavimentos) e tapetes
4016.92.00;-- Borrachas de apagar
4016.93.00;-- Juntas, gaxetas e semelhantes
4016.94.00;-- Defensas, mesmo infl veis, para atraca  o de embarca  es
4016.95;-- Outros artigos infl veis
4016.95.10;De salvamento
4016.95.90;Outros
4016.99;-- Outras
4016.99.10;Tamp es vedadores para condensadores, de EPDM, com perfura  es para terminais
4016.99.90;Outras
4017.00.00;"Borracha endurecida (ebonite, por exemplo) sob qualquer forma, incluindo os desperd cios e res duos; obras de borracha endurecida."
41;Peles, exceto as peles com pelo, e couros.
41.01;Couros e peles em bruto de bovinos (incluindo os b falos) ou de equ deos (frescos ou salgados, secos, tratados pela cal, piquelados ou conservados de outro modo, mas n o curtidos, nem apergaminhados, nem preparados de outro modo), mesmo depilados ou divididos.
4101.20.00;- Couros e peles em bruto, inteiros, n o divididos, de peso unit rio n o superior a 8 kg quando secos, a 10 kg quando salgados a seco e a 16 kg quando frescos, salgados a  mido ou conservados de outro modo
4101.50;- Couros e peles em bruto, inteiros, de peso unit rio superior a 16 kg
4101.50.10;Sem dividir
4101.50.20;Divididos, com o lado flor
4101.50.30;Divididos, sem o lado flor
4101.90;- Outros, incluindo dorsos (crep es*), meios-dorsos (meios-crep es*) e flancos (partes laterais)
4101.90.10;Sem dividir
4101.90.20;Divididos, com o lado flor
4101.90.30;Divididos, sem o lado flor
41.02;Peles em bruto de ovinos (frescas ou salgadas, secas, tratadas pela cal, piqueladas ou conservadas de outro modo, mas n o curtidas, nem apergaminhadas, nem preparadas de outro modo), mesmo depiladas ou divididas, com exce  o das exclu das pela Nota 1 c) do presente Cap tulo.
4102.10.00;- Com l  (n o depiladas)
4102.2;- Depiladas ou sem l :
4102.21.00;-- Piqueladas
4102.29.00;-- Outras
41.03;Outros couros e peles em bruto (frescos ou salgados, secos, tratados pela cal, piquelados ou conservados de outro modo, mas n o curtidos, nem apergaminhados, nem preparados de outro modo), mesmo depilados ou divididos, com exce  o dos exclu dos pelas Notas 1 b) ou 1 c) do presente Cap tulo.
4103.20.00;- De r pteis
4103.30.00;- De su nos
4103.90.00;- Outros
41.04;Couros e peles curtidos ou crust, de bovinos (incluindo os b falos) ou de equ deos, depilados, mesmo divididos, mas n o preparados de outro modo.
4104.1;- No estado  mido (incluindo wet-blue):
4104.11;"-- Plena flor, n o divididos; divididos, com o lado flor"
4104.11.1;Plena flor, n o divididos
4104.11.11;Couros e peles inteiros, de bovinos (incluindo os b falos), de superf cie unit ria n o superior a 2,6 m2, simplesmente curtidos ao cromo (wet-blue)
4104.11.12;Outros couros e peles inteiros, de bovinos (incluindo os b falos), de superf cie unit ria n o superior a 2,6 m2
4104.11.13;Outros couros e peles de bovinos (incluindo os b falos), com pr -curtimenta vegetal
4104.11.14;Outros couros e peles de bovinos (incluindo os b falos)
4104.11.19;Outros
4104.11.2;Divididos, com o lado flor
4104.11.21;Couros e peles inteiros, de bovinos (incluindo os b falos), de superf cie unit ria n o superior a 2,6 m2, simplesmente curtidos ao cromo (wet-blue)
4104.11.22;Outros couros e peles inteiros, de bovinos (incluindo os b falos), de superf cie unit ria n o superior a 2,6 m2
4104.11.23;Outros couros e peles de bovinos (incluindo os b falos), com pr -curtimenta vegetal
4104.11.24;Outros couros e peles de bovinos (incluindo os b falos)
4104.11.29;Outros
4104.19;-- Outros
4104.19.10;Couros e peles inteiros, de bovinos (incluindo os b falos), de superf cie unit ria n o superior a 2,6 m2, simplesmente curtidos ao cromo (wet-blue)
4104.19.20;Outros couros e peles inteiros, de bovinos (incluindo os b falos), de superf cie unit ria n o superior a 2,6 m2
4104.19.30;Outros couros e peles de bovinos (incluindo os b falos), com pr -curtimenta vegetal
4104.19.40;Outros couros e peles de bovinos (incluindo os b falos)
4104.19.90;Outros
4104.4;- No estado seco (crust):
4104.41;"-- Plena flor, n o divididos; divididos, com o lado flor"
4104.41.10;Couros e peles inteiros, de bovinos (incluindo os b falos), de superf cie unit ria n o superior a 2,6 m2
4104.41.20;Outros couros e peles de bovinos (incluindo os b falos), curtidos ao vegetal, para solas
4104.41.30;Outros couros e peles de bovinos (incluindo os b falos)
4104.41.90;Outros
4104.49;-- Outros
4104.49.10;Couros e peles inteiros, de bovinos (incluindo os b falos), de superf cie unit ria n o superior a 2,6 m2 
4104.49.20;Outros couros e peles de bovinos (incluindo os b falos)
4104.49.90;Outros
41.05;Peles curtidas ou crust de ovinos, depiladas, mesmo divididas, mas n o preparadas de outro modo.
4105.10;- No estado  mido (incluindo wet-blue)
4105.10.10;Com pr -curtimenta vegetal
4105.10.2;Pr -curtidas de outro modo
4105.10.21;Ao cromo (wet-blue)
4105.10.29;Outras
4105.10.90;Outras
4105.30.00;- No estado seco (crust)
41.06;Couros e peles, depilados, de outros animais e peles de animais desprovidos de pelos, curtidos ou crust, mesmo divididos, mas n o preparados de outro modo.
4106.2;- De caprinos:
4106.21;-- No estado  mido (incluindo wet-blue)
4106.21.10;Com pr -curtimenta vegetal
4106.21.2;Pr -curtidos de outro modo
4106.21.21;Ao cromo (wet-blue)
4106.21.29;Outros
4106.21.90;Outros
4106.22.00;-- No estado seco (crust)
4106.3;- De su nos:
4106.31;-- No estado  mido (incluindo wet-blue)
4106.31.10;Simplesmente curtidos ao cromo (wet-blue)
4106.31.90;Outros
4106.32.00;-- No estado seco (crust)
4106.40.00;- De r pteis
4106.9;- Outros:
4106.91.00;-- No estado  mido (incluindo wet-blue)
4106.92.00;-- No estado seco (crust)
41.07;Couros preparados ap s curtimenta ou ap s secagem (crusting) e couros e peles apergaminhados, de bovinos (incluindo os b falos) ou de equ deos, depilados, mesmo divididos, exceto os da posi  o 41.14.
4107.1;- Couros e peles inteiros:
4107.11;-- Plena flor, n o divididos
4107.11.10;Couros e peles de bovinos (incluindo os b falos), de superf cie unit ria n o superior a 2,6 m2
4107.11.20;Outros couros e peles de bovinos (incluindo os b falos)
4107.11.90;Outros
4107.12;-- Divididos, com o lado flor
4107.12.10;Couros e peles de bovinos (incluindo os b falos), de superf cie unit ria n o superior a 2,6 m2
4107.12.20;Outros couros e peles de bovinos (incluindo os b falos)
4107.12.90;Outros
4107.19;-- Outros
4107.19.10;Couros e peles de bovinos (incluindo os b falos), de superf cie unit ria n o superior a 2,6 m2
4107.19.20;Outros couros e peles de bovinos (incluindo os b falos)
4107.19.90;Outros
4107.9;- Outros, incluindo as tiras:
4107.91;-- Plena flor, n o divididos
4107.91.10;De bovinos (incluindo os b falos)
4107.91.90;Outros
4107.92;-- Divididos, com o lado flor
4107.92.10;De bovinos (incluindo os b falos)
4107.92.90;Outros
4107.99;-- Outros
4107.99.10;De bovinos (incluindo os b falos)
4107.99.90;Outros
4112.00.00;Couros preparados ap s curtimenta ou ap s secagem (crusting) e couros e peles apergaminhados, de ovinos, depilados, mesmo divididos, exceto os da posi  o 41.14.
41.13;Couros preparados ap s curtimenta ou ap s secagem (crusting) e couros e peles apergaminhados, de outros animais, depilados, e couros preparados ap s curtimenta e couros e peles apergaminhados, de animais desprovidos de pelos, mesmo divididos, exceto os da posi  o 41.14.
4113.10;- De caprinos
4113.10.10;Curtidos ao cromo, com acabamento
4113.10.90;Outros
4113.20.00;- De su nos
4113.30.00;- De r pteis
4113.90.00;- Outros
41.14;"Couros e peles acamur ados (incluindo a camur a combinada); couros e peles envernizados ou revestidos; couros e peles metalizados."
4114.10.00;- Couros e peles acamur ados (incluindo a camur a combinada)
4114.20;"- Couros e peles envernizados ou revestidos; couros e peles metalizados"
4114.20.10;Envernizados ou revestidos
4114.20.20;Metalizados
41.15;"Couro reconstitu do,   base de couro ou de fibras de couro, em chapas, folhas ou tiras, mesmo enroladas; aparas e outros desperd cios de couros ou de peles preparados ou de couro reconstitu do, n o utiliz veis para fabrica  o de obras de couro; serragem, p  e farinha, de couro."
4115.10.00;- Couro reconstitu do   base de couro ou de fibras de couro, em chapas, folhas ou tiras, mesmo enroladas
4115.20.00;"- Aparas e outros desperd cios de couros ou de peles preparados ou de couro reconstitu do, n o utiliz veis para fabrica  o de obras de couro; serragem, p  e farinha, de couro"
42;"Obras de couro; artigos de correeiro ou de seleiro; artigos de viagem, bolsas e artigos semelhantes; obras de tripa."
4201.00;Artigos de seleiro ou de correeiro, para quaisquer animais (incluindo as trelas, joelheiras, focinheiras, mantas de sela, alforjes, agasalhos para c es e artigos semelhantes), de quaisquer mat rias.
4201.00.10;De couro natural ou reconstitu do
4201.00.90;Outros
42.02;"Ba s (arcas) para viagem, malas e maletas, incluindo as maletas de toucador e as maletas e pastas de documentos e para estudantes, os estojos para  culos, bin culos, c meras fotogr ficas e de filmar, instrumentos musicais, armas e artigos semelhantes; sacos de viagem, sacos isolantes para g neros aliment cios e bebidas, bolsas de toucador, mochilas, bolsas, sacolas (sacos para compras), carteiras, porta-moedas, porta-cart es, cigarreiras, tabaqueiras, estojos para ferramentas, bolsas e sacos para artigos de esporte, estojos para frascos ou para joias, caixas para p  de arroz, estojos para ourivesaria e artigos semelhantes, de couro natural ou reconstitu do, de folhas de pl stico, de mat rias t xteis, de fibra vulcanizada ou de cart o, ou recobertos, no todo ou na maior parte, dessas mesmas mat rias ou de papel."
4202.1;- Ba s (arcas) para viagem, malas e maletas, incluindo as maletas de toucador e as maletas e pastas de documentos e para estudantes, e artigos semelhantes:
4202.11.00;-- Com a superf cie exterior de couro natural ou reconstitu do
4202.12;-- Com a superf cie exterior de pl stico ou de mat rias t xteis
4202.12.10;De pl stico
4202.12.20;De mat rias t xteis
4202.19.00;-- Outros
4202.2;- Bolsas, mesmo com tiracolo, incluindo as que n o possuam al as (pegas):
4202.21.00;-- Com a superf cie exterior de couro natural ou reconstitu do
4202.22;-- Com a superf cie exterior de folhas de pl stico ou de mat rias t xteis
4202.22.10;De folhas de pl stico
4202.22.20;De mat rias t xteis
4202.29.00;-- Outras
4202.3;- Artigos do tipo normalmente levado nos bolsos ou em bolsas:
4202.31.00;-- Com a superf cie exterior de couro natural ou reconstitu do
4202.32.00;-- Com a superf cie exterior de folhas de pl stico ou de mat rias t xteis
4202.39.00;-- Outros
4202.9;- Outros:
4202.91.00;-- Com a superf cie exterior de couro natural ou reconstitu do
4202.92.00;-- Com a superf cie exterior de folhas de pl stico ou de mat rias t xteis
4202.99.00;-- Outros
42.03;Vestu rio e seus acess rios, de couro natural ou reconstitu do.
4203.10.00;- Vestu rio
4203.2;- Luvas, mitenes e semelhantes:
4203.21.00;-- Especialmente concebidas para a pr tica de esportes
4203.29.00;-- Outras
4203.30.00;- Cintos, cintur es e bandoleiras ou talabartes
4203.40.00;- Outros acess rios de vestu rio
4205.00.00;Outras obras de couro natural ou reconstitu do.
4206.00.00;Obras de tripa, de baudruches, de bexiga ou de tend es.
43;"Peles com pelo e suas obras; peles com pelo artificiais."
43.01;Peles com pelo em bruto (incluindo as cabe as, caudas, patas e outras partes utiliz veis na ind stria de peles), exceto as peles em bruto das posi  es 41.01, 41.02 ou 41.03.
4301.10.00;- De visons, inteiras, mesmo com cabe a, cauda ou patas
4301.30.00;- De cordeiros denominados astrac , breitschwanz, caracul, persianer ou semelhantes, de cordeiros da  ndia, da China, da Mong lia ou do Tibete, inteiras, mesmo com cabe a, cauda ou patas
4301.60.00;- De raposas, inteiras, mesmo com cabe a, cauda ou patas
4301.80.00;- De outros animais, inteiras, mesmo com cabe a, cauda ou patas
4301.90.00;- Cabe as, caudas, patas e outras partes utiliz veis na ind stria de peles
43.02;Peles com pelo curtidas ou acabadas (incluindo as cabe as, caudas, patas e outras partes, desperd cios e aparas), n o reunidas (n o montadas) ou reunidas (montadas) sem adi  o de outras mat rias, com exce  o das da posi  o 43.03.
4302.1;- Peles com pelo inteiras, mesmo com cabe a, cauda ou patas, n o reunidas (n o montadas):
4302.11.00;-- De visons
4302.19;-- Outras
4302.19.10;De ovinos
4302.19.90;Outras
4302.20.00;- Cabe as, caudas, patas e outras partes, desperd cios e aparas, n o reunidos (n o montados)
4302.30.00;- Peles com pelo inteiras e respectivos peda os e aparas, reunidos (montados)
43.03;Vestu rio, seus acess rios e outros artigos de peles com pelo.
4303.10.00;- Vestu rio e seus acess rios
4303.90.00;- Outros
4304.00.00;Peles com pelo artificiais, e suas obras.
44;Madeira, carv o vegetal e obras de madeira.
44.01;"Lenha em qualquer forma; madeira em estilhas ou em part culas; serragem (serradura), desperd cios e res duos, de madeira, mesmo aglomerados em toras (toros), briquetes, pellets ou em formas semelhantes."
4401.1;- Lenha em qualquer forma:
4401.11.00;-- De con feras
4401.12.00;-- De n o con feras
4401.2;- Madeira em estilhas ou em part culas:
4401.21.00;-- De con feras
4401.22.00;-- De n o con feras
4401.3;- Serragem (serradura), desperd cios e res duos, de madeira, aglomerados em toras (toros), briquetes, pellets ou em formas semelhantes:
4401.31.00;-- Pellets de madeira
4401.32.00;-- Briquetes de madeira
4401.39.00;-- Outros
4401.4;- Serragem (serradura), desperd cios e res duos, de madeira, n o aglomerados:
4401.41.00;-- Serragem (serradura)
4401.49.00;-- Outros
44.02;Carv o vegetal (incluindo o carv o de cascas ou de caro os), mesmo aglomerado.
4402.10.00;- De bambu
4402.20.00;- De cascas ou de caro os
4402.90.00;- Outros
44.03;Madeira em bruto, mesmo descascada, desalburnada ou esquadriada.
4403.1;- Tratada com tinta, creosoto ou outros agentes de conserva  o:
4403.11.00;-- De con feras
4403.12.00;-- De n o con feras
4403.2;- Outras, de con feras:
4403.21.00;-- De pinheiro (Pinus spp.), cuja menor dimens o da se  o transversal   igual ou superior a 15 cm
4403.22.00;-- De pinheiro (Pinus spp.), outras
4403.23.00;-- De abeto (Abies spp.) e de espruce (p cea) (Picea spp.), cuja menor dimens o da se  o transversal   igual ou superior a 15 cm
4403.24.00;-- De abeto (Abies spp.) e de espruce (p cea) (Picea spp.), outras
4403.25.00;-- Outras, cuja menor dimens o da se  o transversal   igual ou superior a 15 cm
4403.26.00;-- Outras
4403.4;- Outras, de madeiras tropicais:
4403.41.00;-- Dark Red Meranti, Light Red Meranti e Meranti Bakau
4403.42.00;-- Teca
4403.49.00;-- Outras
4403.9;- Outras:
4403.91.00;-- De carvalho (Quercus spp.)
4403.93.00;-- De faia (Fagus spp.), cuja menor dimens o da se  o transversal   igual ou superior a 15 cm
4403.94.00;-- De faia (Fagus spp.), outras
4403.95.00;-- De b tula (vidoeiro) (Betula spp.), cuja menor dimens o da se  o transversal   igual ou superior a 15 cm
4403.96.00;-- De b tula (vidoeiro) (Betula spp.), outras
4403.97.00;-- De choupo ( lamo) (Populus spp.)
4403.98.00;-- De eucalipto (Eucalyptus spp.)
4403.99.00;-- Outras
44.04;"Arcos de madeira; estacas fendidas; estacas agu adas, n o serradas longitudinalmente; madeira simplesmente desbastada ou arredondada, n o torneada, n o recurvada nem trabalhada de qualquer outro modo, para fabrica  o de bengalas, guarda-chuvas, cabos de ferramentas e semelhantes; madeira em fasquias, l minas, fitas e semelhantes."
4404.10.00;- De con feras
4404.20.00;- De n o con feras
4405.00.00;"L  de madeira; farinha de madeira."
44.06;Dormentes de madeira para vias f rreas ou semelhantes.
4406.1;- N o impregnados:
4406.11.00;-- De con feras
4406.12.00;-- De n o con feras
4406.9;- Outros:
4406.91.00;-- De con feras
4406.92.00;-- De n o con feras
44.07;Madeira serrada ou fendida longitudinalmente, cortada transversalmente ou desenrolada, mesmo aplainada, lixada ou unida pelas extremidades, de espessura superior a 6 mm.
4407.1;- De con feras:
4407.11.00;-- De pinheiro (Pinus spp.)
4407.12.00;-- De abeto (Abies spp.) e de espruce (p cea) (Picea spp.)
4407.13.00;-- De S-P-F (espruce (p cea) (Picea spp.), pinheiro (Pinus spp.) e abeto (Abies spp.))
4407.14.00;-- De Hem-fir (tsuga (western hemlock) (Tsuga heterophylla) e abeto (Abies spp.))
4407.19.00;-- Outras
4407.2;- De madeiras tropicais:
4407.21.00;-- Mahogany (Mogno) (Swietenia spp.)
4407.22.00;-- Virola, Imbuia e Balsa
4407.23.00;-- Teca
4407.25.00;-- Dark Red Meranti, Light Red Meranti e Meranti Bakau
4407.26.00;-- White Lauan, White Meranti, White Seraya, Yellow Meranti e Alan
4407.27.00;-- Sapelli
4407.28.00;-- Iroko
4407.29;-- Outras
4407.29.10;De cedro
4407.29.20;De ip 
4407.29.30;De pau-marfim
4407.29.40;De louro
4407.29.50;De canaf stula (Peltophorum vogelianum)
4407.29.60;De cabre va Parda (Myrocarpus spp.)
4407.29.70;De urundei (Astronium balansae)
4407.29.90;Outras
4407.9;- Outras:
4407.91.00;-- De carvalho (Quercus spp.)
4407.92.00;-- De faia (Fagus spp.)
4407.93.00;-- De bordo ( cer) (Acer spp.)
4407.94.00;-- De prun idea (Prunus spp.)
4407.95.00;-- De freixo (Fraxinus spp.)
4407.96.00;-- De b tula (vidoeiro) (Betula spp.)
4407.97.00;-- De choupo ( lamo) (Populus spp.)
4407.99;-- Outras
4407.99.20;De peroba (Paratecoma peroba)
4407.99.30;De guaiuvira (Patagonula americana)
4407.99.60;De amendoim (Pterogyne nitens)
4407.99.70;De angico preto (Piptadenia macrocarpa)
4407.99.90;Outras
44.08;Folhas para folheados (incluindo as obtidas por corte de madeira estratificada), folhas para compensados (contraplacados) ou para madeiras estratificadas semelhantes e outras madeiras, serradas longitudinalmente, cortadas transversalmente ou desenroladas, mesmo aplainadas, lixadas, unidas pelas bordas ou pelas extremidades, de espessura n o superior a 6 mm.
4408.10;- De con feras
4408.10.10;Obtidas por corte de madeira estratificada
4408.10.9;Outras
4408.10.91;De pinho brasil (Araucaria angustifolia)
4408.10.99;Outras
4408.3;- De madeiras tropicais:
4408.31;-- Dark Red Meranti, Light Red Meranti e Meranti Bakau
4408.31.10;Obtidas por corte de madeira estratificada
4408.31.90;Outras
4408.39;-- Outras
4408.39.10;Obtidas por corte de madeira estratificada
4408.39.9;Outras
4408.39.91;De cedro
4408.39.92;De pau-marfim
4408.39.99;Outras
4408.90;- Outras
4408.90.10;Obtidas por corte de madeira estratificada
4408.90.90;Outras
44.09;Madeira (incluindo os tacos e frisos de parqu , n o montados) perfilada (com espigas, ranhuras, filetes, entalhes, chanfrada, com juntas em V, com cercadura, boleada ou semelhantes) ao longo de uma ou mais bordas, faces ou extremidades, mesmo aplainada, lixada ou unida pelas extremidades.
4409.10.00;- De con feras
4409.2;- De n o con feras:
4409.21.00;-- De bambu
4409.22.00;-- De madeiras tropicais
4409.29.00;-- Outras
44.10;Pain is de part culas, pain is denominados oriented strand board (OSB) e pain is semelhantes (waferboard, por exemplo), de madeira ou de outras mat rias lenhosas, mesmo aglomeradas com resinas ou com outros aglutinantes org nicos.
4410.1;- De madeira:
4410.11;-- Pain is de part culas
4410.11.10;Em bruto ou simplesmente polidos
4410.11.2;Recobertos na superf cie com papel impregnado de melamina
4410.11.21;Em ambas as faces, com pel cula protetora na face superior e trabalho de encaixe nas quatro laterais, do tipo utilizado para pisos (pavimentos)
4410.11.29;Outros
4410.11.90;Outros
4410.12;-- Pain is denominados oriented strand board (OSB)
4410.12.10;Em bruto ou simplesmente polidos
4410.12.90;Outros
4410.19;-- Outros
4410.19.1;Pain is denominados waferboard
4410.19.11;Em bruto ou simplesmente polidos
4410.19.19;Outros
4410.19.9;Outros
4410.19.91;Em bruto ou simplesmente polidos
4410.19.92;Recobertos na superf cie com papel impregnado de melamina
4410.19.99;Outros
4410.90.00;- Outros
44.11;Pain is de fibras de madeira ou de outras mat rias lenhosas, mesmo aglomeradas com resinas ou com outros aglutinantes org nicos.
4411.1;- Pain is de m dia densidade (denominados MDF):
4411.12;-- De espessura n o superior a 5 mm
4411.12.10;N o trabalhados mecanicamente nem recobertos   superf cie
4411.12.90;Outros
4411.13;-- De espessura superior a 5 mm, mas n o superior a 9 mm
4411.13.10;N o trabalhados mecanicamente nem recobertos   superf cie
4411.13.9;Outros
4411.13.91;Recobertos em ambas as faces com papel impregnado de melamina, pel cula protetora na face superior e trabalho de encaixe nas quatro laterais, do tipo utilizado para pisos (pavimentos)
4411.13.99;Outros
4411.14;-- De espessura superior a 9 mm
4411.14.10;N o trabalhados mecanicamente nem recobertos   superf cie
4411.14.90;Outros
4411.9;- Outros:
4411.92;-- Com massa espec fica superior a 0,8 g/cm3
4411.92.10;N o trabalhados mecanicamente nem recobertos   superf cie
4411.92.90;Outros
4411.93;-- Com massa espec fica superior a 0,5 g/cm3, mas n o superior a 0,8 g/cm3
4411.93.10;N o trabalhados mecanicamente nem recobertos   superf cie
4411.93.90;Outros
4411.94;-- Com massa espec fica n o superior a 0,5 g/cm3
4411.94.10;N o trabalhados mecanicamente nem recobertos   superf cie
4411.94.90;Outros
44.12;Madeira compensada (contraplacada), madeira folheada, e madeiras estratificadas semelhantes.
4412.10.00;- De bambu
4412.3;- Outras madeiras compensadas (contraplacadas), constitu das exclusivamente por folhas de madeira (exceto de bambu) cada uma das quais de espessura n o superior a 6 mm:
4412.31.00;-- Com, pelo menos, uma camada exterior de madeira tropical
4412.33.00;-- Outras, com, pelo menos, uma camada exterior de madeira n o con fera, das esp cies amieiro (Alnus spp.), freixo (Fraxinus spp.), faia (Fagus spp.), b tula (vidoeiro) (Betula spp.), prun idea (Prunus spp.), castanheiro (Castanea spp.), olmo (Ulmus spp.), eucalipto (Eucalyptus spp.), nogueira (Carya spp.), castanheiro-da- ndia (Aesculus spp.), t lia (Tilia spp.), bordo ( cer) (Acer spp.), carvalho (Quercus spp.), pl tano (Platanus spp.), choupo ( lamo) (Populus spp.), rob nia (falsa-ac cia) (Robinia spp.), tulipeiro (Liriodendron spp.) ou nogueira (Juglans spp.)
4412.34.00;-- Outras, com, pelo menos, uma camada exterior de madeira n o con fera, n o especificadas na subposi  o 4412.33
4412.39.00;-- Outras, com ambas as camadas exteriores de madeira de con feras
4412.4;- Madeira microlaminada (microlamelada) colada (LVL):
4412.41.00;-- Com, pelo menos, uma camada exterior de madeira tropical
4412.42.00;-- Outras, com, pelo menos, uma camada exterior de madeira n o con fera
4412.49.00;-- Outras, com ambas as camadas exteriores de madeira de con feras
4412.5;- Com alma aglomerada, alveolada ou lamelada:
4412.51.00;-- Com, pelo menos, uma camada exterior de madeira tropical
4412.52.00;-- Outras, com, pelo menos, uma camada exterior de madeira n o con fera
4412.59.00;-- Outras, com ambas as camadas exteriores de madeira de con feras
4412.9;- Outras:
4412.91.00;-- Com, pelo menos, uma camada exterior de madeira tropical
4412.92.00;-- Outras, com, pelo menos, uma camada exterior de madeira n o con fera
4412.99.00;-- Outras, com ambas as camadas exteriores de madeira de con feras
4413.00.00;Madeira densificada, em blocos, pranchas, l minas ou perfis.
44.14;Molduras de madeira para quadros, fotografias, espelhos ou objetos semelhantes.
4414.10.00;- De madeira tropical
4414.90.00;- Outras
44.15;"Caixotes, caixas, engradados, barricas e embalagens semelhantes, de madeira; carret is para cabos, de madeira; paletes simples, paletes-caixas e outros estrados para carga, de madeira; taipais de paletes de madeira."
4415.10.00;"- Caixotes, caixas, engradados, barricas e embalagens semelhantes; carret is para cabos"
4415.20.00;"- Paletes simples, paletes-caixas e outros estrados para carga; taipais de paletes"
4416.00;Barris, cubas, balsas, dornas, selhas e outras obras de tanoeiro e respectivas partes de madeira, incluindo as aduelas.
4416.00.10;De carvalho (Quercus spp.)
4416.00.90;Outros
4417.00;"Ferramentas, arma  es e cabos, de ferramentas, de escovas e de vassouras, de madeira; formas, alargadeiras e esticadores, para cal ado, de madeira."
4417.00.10;Ferramentas
4417.00.20;Formas, alargadeiras e esticadores, para cal ado
4417.00.90;Outros
44.18;Obras de marcenaria e pe as de carpintaria para constru  es, incluindo os pain is celulares, os pain is montados para revestimento de pisos (pavimentos) e as fasquias para telhados (shingles e shakes), de madeira.
4418.1;- Janelas, janelas de sacada e respectivos caixilhos e alizares:
4418.11.00;-- De madeira tropical
4418.19.00;-- Outras
4418.2;- Portas e respectivos caixilhos, alizares e soleiras:
4418.21.00;-- De madeira tropical
4418.29.00;-- Outras
4418.30.00;- Postes e vigas, exceto os produtos das subposi  es 4418.81 a 4418.89
4418.40.00;- Cofragens para concreto (bet o)
4418.50.00;- Fasquias para telhados (shingles e shakes)
4418.7;- Pain is montados para revestimento de pisos (pavimentos):
4418.73.00;-- De bambu ou com, pelo menos, a camada superior de bambu
4418.74.00;-- Outros, para pisos (pavimentos) em mosaico
4418.75.00;-- Outros, de camadas m ltiplas
4418.79.00;-- Outros
4418.8;- Produtos de madeira para engenharia estrutural:
4418.81.00;-- Madeira laminada (lamelada) colada (glulam ou MLC)
4418.82.00;-- Madeira laminada (lamelada) cruzada (CLT ou X-lam)
4418.83.00;-- Vigas em I
4418.89.00;-- Outros
4418.9;- Outras:
4418.91.00;-- De bambu
4418.92.00;-- Pain is celulares de madeira
4418.99.00;-- Outras
44.19;Artigos de madeira para mesa ou cozinha.
4419.1;- De bambu:
4419.11.00;-- T buas para cortar p o, outras t buas para cortar e artigos semelhantes
4419.12.00;-- Pauzinhos (hashi ou fachi)
4419.19.00;-- Outros
4419.20.00;- De madeira tropical
4419.90.00;- Outros
44.20;"Madeira marchetada e madeira incrustada; estojos e guarda-joias para joalheria e ourivesaria, e obras semelhantes, de madeira; estatuetas e outros objetos de ornamenta  o, de madeira; artigos de mobili rio, de madeira, que n o se incluam no Cap tulo 94."
4420.1;- Estatuetas e outros objetos de ornamenta  o:
4420.11.00;-- De madeira tropical
4420.19.00;-- Outros
4420.90.00;- Outros
44.21;Outras obras em madeira.
4421.10.00;- Cabides para vestu rio
4421.20.00;- Urnas funer rias (caix es)
4421.9;- Outras:
4421.91.00;-- De bambu
4421.99.00;-- Outras
45;Corti a e suas obras.
45.01;"Corti a natural, em bruto ou simplesmente preparada; desperd cios de corti a; corti a triturada, granulada ou pulverizada."
4501.10.00;- Corti a natural, em bruto ou simplesmente preparada
4501.90.00;- Outros
4502.00.00;Corti a natural, sem a crosta ou simplesmente esquadriada, ou em cubos, chapas, folhas ou tiras, de forma quadrada ou retangular (incluindo os esbo os com arestas vivas, para rolhas).
45.03;Obras de corti a natural.
4503.10.00;- Rolhas
4503.90.00;- Outras
45.04;Corti a aglomerada (mesmo com aglutinantes) e suas obras.
4504.10.00;"- Cubos, blocos, chapas, folhas e tiras; ladrilhos de qualquer formato; cilindros maci os, incluindo os discos"
4504.90.00;- Outras
46;Obras de espartaria ou de cestaria.
46.01;"Tran as e artigos semelhantes, de mat rias para entran ar, mesmo reunidos em tiras; mat rias para entran ar, tran as e artigos semelhantes, de mat rias para entran ar, tecidos ou paralelizados, em formas planas, mesmo acabados (por exemplo, esteiras, capachos e divis rias)."
4601.2;- Esteiras, capachos e divis rias, de mat rias vegetais:
4601.21.00;-- De bambu
4601.22.00;-- De rotim
4601.29.00;-- Outras
4601.9;- Outros:
4601.92.00;-- De bambu
4601.93.00;-- De rotim
4601.94.00;-- De outras mat rias vegetais
4601.99.00;-- Outras
46.02;"Obras de cestaria obtidas diretamente na sua forma a partir de mat rias para entran ar ou fabricadas com artigos da posi  o 46.01; obras de bucha (lufa*)."
4602.1;- De mat rias vegetais:
4602.11.00;-- De bambu
4602.12.00;-- De rotim
4602.19.00;-- Outras
4602.90.00;- Outras
47;"Pastas de madeira ou de outras mat rias fibrosas celul sicas; papel ou cart o para reciclar (desperd cios e res duos)."
4701.00.00;Pastas mec nicas de madeira.
4702.00.00;Pastas qu micas de madeira, para dissolu  o.
47.03;Pastas qu micas de madeira,   soda ou ao sulfato, exceto pastas para dissolu  o.
4703.1;- Cruas:
4703.11.00;-- De con feras
4703.19.00;-- De n o con feras
4703.2;- Semibranqueadas ou branqueadas:
4703.21;-- De con feras
4703.21.10;Em rolos
4703.21.90;Outras
4703.29.00;-- De n o con feras
47.04;Pastas qu micas de madeira, ao bissulfito, exceto pastas para dissolu  o.
4704.1;- Cruas:
4704.11.00;-- De con feras
4704.19.00;-- De n o con feras
4704.2;- Semibranqueadas ou branqueadas:
4704.21.00;-- De con feras
4704.29.00;-- De n o con feras
4705.00.00;Pastas de madeira obtidas por combina  o de um tratamento mec nico com um tratamento qu mico.
47.06;Pastas de fibras obtidas a partir de papel ou cart o reciclados (desperd cios e res duos) ou de outras mat rias fibrosas celul sicas.
4706.10.00;- Pastas de l nteres de algod o
4706.20.00;- Pastas de fibras obtidas a partir de papel ou cart o reciclados (desperd cios e res duos)
4706.30.00;- Outras, de bambu
4706.9;- Outras:
4706.91.00;-- Mec nicas
4706.92.00;-- Qu micas
4706.93.00;-- Obtidas por combina  o de um tratamento mec nico com um tratamento qu mico
47.07;Papel ou cart o para reciclar (desperd cios e res duos).
4707.10.00;- Papel ou cart o, Kraft, crus, ou papel ou cart o, ondulados (canelados*)
4707.20.00;- Outro papel ou cart o, obtidos principalmente a partir de pasta qu mica branqueada, n o corada na massa
4707.30.00;- Papel ou cart o, obtidos principalmente a partir de pasta mec nica (por exemplo, jornais, peri dicos e impressos semelhantes)
4707.90.00;- Outros, incluindo os desperd cios e res duos n o selecionados
48;"Papel e cart o; obras de pasta de celulose, papel ou de cart o."
4801.00;Papel de jornal, em rolos ou em folhas.
4801.00.20;Em folhas, nas que nenhum lado exceda 360 mm, quando n o dobradas
4801.00.30;Outros, de peso inferior ou igual a 57 g/m2, em que 65 % ou mais, em peso, do conte do total de fibras seja constitu do por fibras de madeiras obtidas por processo mec nico
4801.00.90;Outros
48.02;"Papel e cart o, n o revestidos, do tipo utilizado para escrita, impress o ou outros fins gr ficos, e papel e cart o para fabricar cart es ou tiras perfurados, n o perfurados, em rolos ou em folhas de forma quadrada ou retangular, de qualquer dimens o, com exclus o do papel das posi  es 48.01 ou 48.03; papel e cart o feitos   m o (folha a folha)."
4802.10.00;- Papel e cart o feitos   m o (folha a folha)
4802.20;- Papel e cart o pr prios para fabrica  o de papel ou cart o fotossens vel, termossens vel ou eletrossens vel
4802.20.10;Em tiras ou rolos de largura n o superior a 15 cm ou em folhas em que nenhum lado exceda 360 mm, quando n o dobradas
4802.20.90;Outros
4802.40;- Papel pr prio para fabrica  o de pap is de parede
4802.40.10;Em tiras ou rolos de largura n o superior a 15 cm
4802.40.90;Outros
4802.5;- Outro papel e cart o, sem fibras obtidas por processo mec nico ou qu mico-mec nico ou em que a percentagem destas fibras n o seja superior a 10 %, em peso, do conte do total de fibras:
4802.54;-- De peso inferior a 40 g/m2
4802.54.10;Em tiras ou rolos de largura n o superior a 15 cm ou em folhas em que nenhum lado exceda 360 mm, quando n o dobradas
4802.54.9;Outros
4802.54.91;Fabricado principalmente a partir de pasta branqueada ou pasta obtida por um processo mec nico, de peso inferior a 19 g/m2
4802.54.99;Outros
4802.55;-- De peso igual ou superior a 40 g/m2, mas n o superior a 150 g/m2, em rolos
4802.55.10;De largura n o superior a 15 cm
4802.55.9;Outros
4802.55.91;De desenho
4802.55.92;Kraft
4802.55.99;Outros
4802.56;-- De peso igual ou superior a 40 g/m2, mas n o superior a 150 g/m2, em folhas em que um lado n o seja superior a 435 mm e o outro n o seja superior a 297 mm, quando n o dobradas
4802.56.10;Em que nenhum lado exceda 360 mm, quando n o dobradas
4802.56.9;Outros
4802.56.91;Para impress o de notas (pap is-moeda)
4802.56.92;De desenho
4802.56.93;Kraft
4802.56.99;Outros
4802.57;-- Outros, de peso igual ou superior a 40 g/m2, mas n o superior a 150 g/m2
4802.57.10;Em tiras de largura n o superior a 15 cm ou em folhas em que nenhum lado exceda 360 mm, quando n o dobradas
4802.57.9;Outros
4802.57.91;Para impress o de notas (pap is-moeda)
4802.57.92;De desenho
4802.57.93;Kraft
4802.57.99;Outros
4802.58;-- De peso superior a 150 g/m2
4802.58.10;Em tiras ou rolos de largura n o superior a 15 cm ou em folhas em que nenhum lado exceda 360 mm, quando n o dobradas
4802.58.9;Outros
4802.58.91;De desenho
4802.58.92;Kraft
4802.58.99;Outros
4802.6;- Outro papel e cart o, em que mais de 10 %, em peso, do conte do total de fibras seja constitu do por fibras obtidas por processo mec nico ou qu mico-mec nico:
4802.61;-- Em rolos
4802.61.10;De largura n o superior a 15 cm
4802.61.9;Outros
4802.61.91;De peso inferior ou igual a 57 g/m2, em que 65 % ou mais, em peso, do conte do total de fibras seja constitu do por fibras de madeira obtidas por processo mec nico
4802.61.92;Kraft
4802.61.99;Outros
4802.62;-- Em folhas em que um lado n o seja superior a 435 mm e o outro n o seja superior a 297 mm, quando n o dobradas
4802.62.10;Em que nenhum lado exceda 360 mm, quando n o dobradas
4802.62.9;Outros
4802.62.91;De peso inferior ou igual a 57 g/m2, em que 65 % ou mais, em peso, do conte do total de fibras seja constitu do por fibras de madeira obtidas por processo mec nico
4802.62.92;Kraft
4802.62.99;Outros
4802.69;-- Outros
4802.69.10;Em tiras de largura n o superior a 15 cm ou em folhas em que nenhum lado exceda 360 mm, quando n o dobradas
4802.69.9;Outros
4802.69.91;De peso inferior ou igual a 57 g/m2, em que 65 % ou mais, em peso, do conte do total de fibras seja constitu do por fibras de madeira obtidas por processo mec nico
4802.69.92;Kraft
4802.69.99;Outros
4803.00;Papel do tipo utilizado para papel higi nico, len os (toalhitas) demaquilantes, toalhas, guardanapos ou para papel semelhante de uso dom stico, higi nico ou toucador, pasta (ouate) de celulose e mantas de fibras de celulose, mesmo encrespados, plissados, gofrados, estampados, perfurados, coloridos   superf cie, decorados   superf cie ou impressos, em rolos ou em folhas.
4803.00.10;Pasta (ouate) de celulose e mantas de fibras de celulose
4803.00.90;Outros
48.04;Papel e cart o, Kraft, n o revestidos, em rolos ou em folhas, exceto os das posi  es 48.02 e 48.03.
4804.1;- Papel e cart o para cobertura, denominados Kraftliner:
4804.11.00;-- Crus
4804.19.00;-- Outros
4804.2;- Papel Kraft para sacos de grande capacidade:
4804.21.00;-- Crus
4804.29.00;-- Outros
4804.3;- Outro papel e cart o, Kraft, de peso n o superior a 150 g/m2:
4804.31;-- Crus
4804.31.10;De rigidez diel trica igual ou superior a 600 V (m todo ASTM D 202 ou equivalente)
4804.31.90;Outros
4804.39;-- Outros
4804.39.10;De rigidez diel trica igual ou superior a 600 V (m todo ASTM D 202 ou equivalente)
4804.39.90;Outros
4804.4;- Outro papel e cart o, Kraft, de peso superior a 150 g/m2, mas inferior a 225 g/m2:
4804.41.00;-- Crus
4804.42.00;-- Branqueados uniformemente na massa e em que mais de 95 %, em peso, do conte do total de fibras seja constitu do por fibras de madeira obtidas por processo qu mico
4804.49.00;-- Outros
4804.5;- Outro papel e cart o, Kraft, de peso igual ou superior a 225 g/m2:
4804.51.00;-- Crus
4804.52.00;-- Branqueados uniformemente na massa e em que mais de 95 %, em peso, do conte do total de fibras seja constitu do por fibras de madeira obtidas por processo qu mico
4804.59;-- Outros
4804.59.10;Semibranqueados, com um conte do de 100 %, em peso, de fibras de madeira obtidas por processo qu mico
4804.59.90;Outros
48.05;Outro papel e cart o, n o revestidos, em rolos ou em folhas, n o tendo sofrido trabalho complementar nem tratamentos, exceto os especificados na Nota 3 do presente Cap tulo.
4805.1;- Papel para ondular (canelar*):
4805.11.00;-- Papel semiqu mico para ondular (canelar*)
4805.12.00;-- Papel palha para ondular (canelar*)
4805.19.00;-- Outros
4805.2;- Testliner (fibras recicladas):
4805.24.00;-- De peso n o superior a 150 g/m2
4805.25.00;-- De peso superior a 150 g/m2
4805.30.00;- Papel sulfite de embalagem
4805.40;- Papel-filtro e cart o-filtro
4805.40.10;De peso superior a 15 g/m2, mas n o superior a 25 g/m2, com um conte do de fibras sint ticas termossold veis igual ou superior a 20 %, mas n o superior a 30 %, em peso, do conte do total de fibras
4805.40.90;Outros
4805.50.00;- Papel-feltro e cart o-feltro, papel e cart o lanosos
4805.9;- Outros:
4805.91.00;-- De peso n o superior a 150 g/m2
4805.92;-- De peso superior a 150 g/m2, mas inferior a 225 g/m2
4805.92.10;Com fibras de vidro
4805.92.90;Outros
4805.93.00;-- De peso igual ou superior a 225 g/m2
48.06;Papel-pergaminho e cart o-pergaminho (sulfurizados), papel imperme vel a gorduras, papel vegetal, papel cristal e outro papel calandrado transparente ou transl cido, em rolos ou em folhas.
4806.10.00;- Papel-pergaminho e cart o-pergaminho (sulfurizados)
4806.20.00;- Papel imperme vel a gorduras
4806.30.00;- Papel vegetal
4806.40.00;- Papel cristal e outro papel calandrado transparente ou transl cido
4807.00.00;Papel e cart o obtidos por colagem de folhas sobrepostas, n o revestidos na superf cie nem impregnados, mesmo refor ados interiormente, em rolos ou em folhas.
48.08;Papel e cart o ondulados (canelados*) (mesmo recobertos por colagem), encrespados, plissados, gofrados, estampados ou perfurados, em rolos ou em folhas, exceto o papel do tipo descrito no texto da posi  o 48.03.
4808.10.00;- Papel e cart o ondulados (canelados*), mesmo perfurados
4808.40.00;- Papel Kraft, encrespado ou plissado, mesmo gofrado, estampado ou perfurado
4808.90.00;- Outros
48.09;Papel-carbono (papel qu mico), papel autocopiativo e outro papel para c pia ou duplica  o (incluindo o revestido ou impregnado, para est nceis ou para chapas ofsete), mesmo impresso, em rolos ou em folhas.
4809.20.00;- Papel autocopiativo
4809.90.00;- Outros
48.10;Papel e cart o revestidos de caulim (caulino) ou de outras subst ncias inorg nicas numa ou nas duas faces, mesmo com aglutinantes, sem qualquer outro revestimento, mesmo coloridos   superf cie, decorados   superf cie ou impressos, em rolos ou em folhas de forma quadrada ou retangular, de qualquer dimens o.
4810.1;- Papel e cart o do tipo utilizado para escrita, impress o ou outras finalidades gr ficas, sem fibras obtidas por processo mec nico ou qu mico-mec nico ou em que a percentagem destas fibras n o seja superior a 10 %, em peso, do conte do total de fibras:
4810.13;-- Em rolos
4810.13.10;De largura n o superior a 15 cm
4810.13.8;Outros, de peso superior a 150 g/m2
4810.13.81;Metalizados
4810.13.82;Baritados (revestidos de  xido ou sulfato de b rio)
4810.13.89;Outros
4810.13.9;Outros
4810.13.91;Papel revestido ou recoberto em uma face, do tipo wet strength, resistente   umidade e ao meio alcalino
4810.13.99;Outros
4810.14;-- Em folhas em que um dos lados n o seja superior a 435 mm e o outro n o seja superior a 297 mm, quando n o dobradas
4810.14.10;Em que nenhum lado exceda 360 mm, quando n o dobradas
4810.14.8;Outros, de peso superior a 150 g/m2
4810.14.81;Metalizados
4810.14.82;Baritados (revestidos de  xido ou sulfato de b rio)
4810.14.89;Outros
4810.14.90;Outros
4810.19;-- Outros
4810.19.10;Em tiras de largura n o superior a 15 cm ou em folhas em que nenhum lado exceda 360 mm, quando n o dobradas
4810.19.8;Outros, de peso superior a 150 g/m2
4810.19.81;Metalizados
4810.19.82;Baritados (revestidos de  xido ou sulfato de b rio)
4810.19.89;Outros
4810.19.9;Outros
4810.19.91;Papel revestido ou recoberto em uma face, do tipo wet strength, resistente   umidade e ao meio alcalino
4810.19.99;Outros
4810.2;- Papel e cart o do tipo utilizado para escrita, impress o ou outras finalidades gr ficas, em que mais de 10 %, em peso, do conte do total de fibras seja constitu do por fibras obtidas por processo mec nico ou qu mico-mec nico:
4810.22;-- Papel cuch  leve (L.W.C. - lightweight coated)
4810.22.10;Em tiras ou rolos de largura n o superior a 15 cm ou em folhas em que nenhum lado exceda 360 mm, quando n o dobradas
4810.22.90;Outros
4810.29;-- Outros
4810.29.10;Em tiras ou rolos de largura n o superior a 15 cm ou em folhas em que nenhum lado exceda 360 mm, quando n o dobradas
4810.29.90;Outros
4810.3;- Papel e cart o, Kraft, exceto do tipo utilizado para escrita, impress o ou outras finalidades gr ficas:
4810.31;-- Branqueados uniformemente na massa e em que mais de 95 %, em peso, do conte do total de fibras seja constitu do por fibras de madeira obtidas por processo qu mico, de peso n o superior a 150 g/m2
4810.31.10;Em tiras ou rolos de largura n o superior a 15 cm ou em folhas em que nenhum lado exceda 360 mm, quando n o dobradas
4810.31.90;Outros
4810.32;-- Branqueados uniformemente na massa e em que mais de 95 %, em peso, do conte do total de fibras seja constitu do por fibras de madeira obtidas por processo qu mico, de peso superior a 150 g/m2
4810.32.10;Em tiras ou rolos de largura n o superior a 15 cm ou em folhas em que nenhum lado exceda 360 mm, quando n o dobradas
4810.32.90;Outros
4810.39;-- Outros
4810.39.10;Em tiras ou rolos de largura n o superior a 15 cm ou em folhas em que nenhum lado exceda 360 mm, quando n o dobradas
4810.39.90;Outros
4810.9;- Outro papel e cart o:
4810.92;-- De camadas m ltiplas
4810.92.10;Em tiras ou rolos de largura n o superior a 15 cm ou em folhas em que nenhum lado exceda 360 mm, quando n o dobradas
4810.92.90;Outros
4810.99;-- Outros
4810.99.10;Em tiras ou rolos de largura n o superior a 15 cm ou em folhas em que nenhum lado exceda 360 mm, quando n o dobradas
4810.99.90;Outros
48.11;Papel, cart o, pasta (ouate) de celulose e mantas de fibras de celulose, revestidos, impregnados, recobertos, coloridos   superf cie, decorados   superf cie ou impressos, em rolos ou em folhas de forma quadrada ou retangular, de qualquer dimens o, exceto os produtos do tipo descrito nos textos das posi  es 48.03, 48.09 ou 48.10.
4811.10;- Papel e cart o alcatroados, betumados ou asfaltados
4811.10.10;Em tiras ou rolos de largura n o superior a 15 cm ou em folhas em que nenhum lado exceda 360 mm, quando n o dobradas
4811.10.90;Outros
4811.4;- Papel e cart o gomados ou adesivos:
4811.41;-- Autoadesivos
4811.41.10;Em tiras ou rolos de largura n o superior a 15 cm ou em folhas em que nenhum lado exceda 360 mm, quando n o dobradas
4811.41.90;Outros
4811.49;-- Outros
4811.49.10;Em tiras ou rolos de largura n o superior a 15 cm ou em folhas em que nenhum lado exceda 360 mm, quando n o dobradas
4811.49.90;Outros
4811.5;- Papel e cart o revestidos, impregnados ou recobertos de pl stico (exceto os adesivos):
4811.51;-- Branqueados, de peso superior a 150 g/m2
4811.51.10;Em tiras ou rolos de largura n o superior a 15 cm ou em folhas em que nenhum lado exceda 360 mm, quando n o dobradas
4811.51.2;Outros, recobertos ou revestidos
4811.51.21;De silicone, exceto gofrados na face recoberta ou revestida
4811.51.22;De polietileno, estratificado com alum nio, impresso
4811.51.23;De polietileno ou polipropileno, em ambas as faces, base para papel fotogr fico
4811.51.28;Outros, gofrados na face recoberta ou revestida
4811.51.29;Outros
4811.51.30;Outros, impregnados
4811.59;-- Outros
4811.59.10;Em tiras ou rolos de largura n o superior a 15 cm ou em folhas em que nenhum lado exceda 360 mm, quando n o dobradas
4811.59.2;Outros, recobertos ou revestidos
4811.59.21;De polietileno ou polipropileno, em ambas as faces, base para papel fotogr fico
4811.59.22;De silicone
4811.59.23;De polietileno, estratificado com alum nio, impresso
4811.59.29;Outros
4811.59.30;Outros, impregnados
4811.60;- Papel e cart o revestidos, impregnados ou recobertos de cera, parafina, estearina,  leo ou glicerol
4811.60.10;Em tiras ou rolos de largura n o superior a 15 cm ou em folhas em que nenhum lado exceda 360 mm, quando n o dobradas
4811.60.90;Outros
4811.90;- Outro papel, cart o, pasta (ouate) de celulose e mantas de fibras de celulose
4811.90.1;Em tiras ou rolos de largura n o superior a 15 cm ou em folhas em que nenhum lado exceda 360 mm, quando n o dobradas
4811.90.11;Recobertos de pasta eletrol tica   base de amido modificado, de peso igual ou superior a 75 g/m2, mas n o superior a 120 g/m2
4811.90.19;Outros
4811.90.20;Outros, impregnados e revestidos em ambas as faces com l tex numa propor  o total, em peso, igual ou superior a 15 %, de peso igual ou superior a 105 g/m2, mas n o superior a 135 g/m2, do tipo utilizado como suporte para fabrica  o de abrasivos (lixas), em rolos
4811.90.90;Outros
4812.00.00;Blocos e chapas, filtrantes, de pasta de papel.
48.13;Papel para cigarros, mesmo cortado nas dimens es pr prias, em cadernos ou em tubos.
4813.10.00;- Em cadernos ou em tubos
4813.20.00;- Em rolos de largura n o superior a 5 cm
4813.90.00;- Outros
48.14;"Papel de parede e revestimentos para parede semelhantes; papel para vitrais."
4814.20.00;- Papel de parede e revestimentos para parede semelhantes, constitu dos por papel revestido ou recoberto, no lado da face, por uma camada de pl stico granida, gofrada, colorida, impressa com desenhos ou decorada de qualquer outra forma
4814.90.00;- Outros
48.16;Papel-carbono (papel qu mico), papel autocopiativo e outro papel para c pia ou duplica  o (exceto os da posi  o 48.09), est nceis completos e chapas ofsete, de papel, mesmo acondicionados em caixas.
4816.20.00;- Papel autocopiativo
4816.90;- Outros
4816.90.10;Papel-carbono e semelhantes
4816.90.90;Outros
48.17;"Envelopes, aerogramas, cart es-postais n o ilustrados e cart es para correspond ncia, de papel ou cart o; caixas, sacos e semelhantes, de papel ou cart o, que contenham um sortido de artigos para correspond ncia."
4817.10.00;- Envelopes
4817.20.00;- Aerogramas, cart es-postais n o ilustrados e cart es para correspond ncia
4817.30.00;- Caixas, sacos e semelhantes, de papel ou cart o, que contenham um sortido de artigos para correspond ncia
48.18;"Papel do tipo utilizado para papel higi nico e papel semelhante, pasta (ouate) de celulose ou mantas de fibras de celulose, do tipo utilizado para fins dom sticos ou sanit rios, em rolos de largura n o superior a 36 cm, ou cortados em forma pr pria; len os, len os (toalhitas) demaquilantes, toalhas de m o, toalhas de mesa, guardanapos, len  is e artigos semelhantes, de uso dom stico, de toucador, higi nicos ou hospitalares, vestu rio e seus acess rios, de pasta de papel, papel, pasta (ouate) de celulose ou de mantas de fibras de celulose."
4818.10.00;- Papel higi nico
4818.20.00;- Len os, len os (toalhitas) demaquilantes e toalhas de m o
4818.30.00;- Toalhas de mesa e guardanapos
4818.50.00;- Vestu rio e seus acess rios
4818.90;- Outros
4818.90.10;Almofadas absorventes do tipo utilizado em embalagens de produtos aliment cios
4818.90.90;Outros
48.19;"Caixas, sacos, bolsas, cartuchos e outras embalagens, de papel, cart o, pasta (ouate) de celulose ou de mantas de fibras de celulose; cartonagens para escrit rios, lojas e estabelecimentos semelhantes."
4819.10.00;- Caixas de papel ou cart o, ondulados (canelados*)
4819.20.00;- Caixas e cartonagens, dobr veis, de papel ou cart o, n o ondulados (canelados*)
4819.30.00;- Sacos cuja base tenha largura igual ou superior a 40 cm
4819.40.00;"- Outros sacos; bolsas e cartuchos"
4819.50.00;- Outras embalagens, incluindo as capas para discos
4819.60.00;- Cartonagens para escrit rios, lojas e estabelecimentos semelhantes
48.20;"Livros de registro e de contabilidade, blocos de notas, de encomendas, de recibos, de apontamentos, de papel para cartas, agendas e artigos semelhantes, cadernos, classificadores, encaderna  es (de folhas soltas ou outras), capas de processos e outros artigos escolares, de escrit rio ou de papelaria, incluindo os formul rios em blocos de papel m ltiplas vias, mesmo com folhas intercaladas de papel-carbono (papel qu mico), de papel ou cart o;  lbuns para amostras ou para cole  es e capas para livros, de papel ou cart o."
4820.10.00;- Livros de registro e de contabilidade, blocos de notas, de encomendas, de recibos, de apontamentos, de papel para cartas, agendas e artigos semelhantes
4820.20.00;- Cadernos
4820.30.00;- Classificadores, encaderna  es (exceto as capas para livros) e capas de processos
4820.40.00;- Formul rios em blocos de papel m ltiplas vias, mesmo com folhas intercaladas de papel-carbono (papel qu mico)
4820.50.00;-  lbuns para amostras ou para cole  es
4820.90.00;- Outros
48.21;Etiquetas de qualquer esp cie, de papel ou cart o, impressas ou n o.
4821.10.00;- Impressas
4821.90.00;- Outras
48.22;Carret is, bobinas, canelas e suportes semelhantes, de pasta de papel, papel ou cart o, mesmo perfurados ou endurecidos.
4822.10.00;- Do tipo utilizado para enrolamento de fios t xteis
4822.90.00;- Outros
48.23;"Outro papel, cart o, pasta (ouate) de celulose e mantas de fibras de celulose, cortados em forma pr pria; outras obras de pasta de papel, papel, cart o, pasta (ouate) de celulose ou de mantas de fibras de celulose."
4823.20;- Papel-filtro e cart o-filtro
4823.20.10;De peso superior a 15 g/m2, mas n o superior a 25 g/m2, com um conte do de fibras sint ticas termossold veis igual ou superior a 20 %, mas n o superior a 30 %, em peso, do conte do total de fibras
4823.20.9;Outros
4823.20.91;Em tiras ou rolos de largura superior a 15 cm, mas n o superior a 36 cm
4823.20.99;Outros
4823.40.00;- Papel-diagrama para aparelhos registradores, em bobinas, em folhas ou em discos
4823.6;- Bandejas, travessas, pratos, x caras (ch venas), ta as, copos e artigos semelhantes, de papel ou cart o:
4823.61.00;-- De bambu
4823.69.00;-- Outros
4823.70.00;- Artigos moldados ou prensados, de pasta de papel
4823.90;- Outros
4823.90.10;Cart es perfurados para mecanismos Jacquard
4823.90.20;De rigidez diel trica igual ou superior a 600 V (m todo ASTM D 202 ou equivalente) e de peso inferior ou igual a 60 g/m2
4823.90.9;Outros
4823.90.91;Em tiras ou rolos de largura superior a 15 cm, mas n o superior a 36 cm
4823.90.99;Outros
49;"Livros, jornais, gravuras e outros produtos das ind strias gr ficas; textos manuscritos ou datilografados, planos e plantas."
49.01;Livros, brochuras e impressos semelhantes, mesmo em folhas soltas.
4901.10.00;- Em folhas soltas, mesmo dobradas
4901.9;- Outros:
4901.91.00;-- Dicion rios e enciclop dias, mesmo em fasc culos
4901.99.00;-- Outros
49.02;Jornais e publica  es peri dicas, impressos, mesmo ilustrados ou que contenham publicidade.
4902.10.00;- Que se publiquem pelo menos quatro vezes por semana
4902.90.00;- Outros
4903.00.00; lbuns ou livros de ilustra  es e  lbuns para desenhar ou colorir, para crian as.
4904.00.00;M sica manuscrita ou impressa, ilustrada ou n o, mesmo encadernada.
49.05;Obras cartogr ficas de qualquer esp cie, incluindo as cartas murais, as plantas topogr ficas e os globos, impressas.
4905.20.00;- Sob a forma de livros ou brochuras
4905.90.00;- Outras
4906.00.00;"Planos, plantas e desenhos, de arquitetura, de engenharia e outros planos e desenhos industriais, comerciais, topogr ficos ou semelhantes, originais, feitos   m o; textos manuscritos; reprodu  es fotogr ficas em papel sensibilizado e c pias a papel-carbono (papel qu mico) dos planos, plantas, desenhos ou textos acima referidos."
4907.00;"Selos postais, fiscais e semelhantes, n o obliterados, tendo ou destinando-se a ter curso legal no pa s em que t m, ou ter o, um valor facial reconhecido; papel selado; notas (pap is-moeda); cheques; certificados de a  es ou de obriga  es e t tulos semelhantes."
4907.00.10;Notas (pap is-moeda)
4907.00.20;Cheques de viagem
4907.00.30;T tulos de a  es ou de obriga  es e t tulos semelhantes, convalidados e firmados
4907.00.90;Outros
49.08;Decalcomanias de qualquer esp cie.
4908.10.00;- Decalcomanias vitrific veis
4908.90.00;- Outras
4909.00.00;"Cart es-postais impressos ou ilustrados; cart es impressos com votos ou mensagens pessoais, mesmo ilustrados, mesmo com envelopes, guarni  es ou aplica  es."
4910.00.00;Calend rios de qualquer esp cie, impressos, incluindo os blocos-calend rios para desfolhar.
49.11;Outros impressos, incluindo as estampas, gravuras e fotografias.
4911.10;- Impressos publicit rios, cat logos comerciais e semelhantes
4911.10.10;Que contenham informa  es relativas ao funcionamento, manuten  o, reparo ou utiliza  o de m quinas, aparelhos, ve culos e outras mercadorias de origem extrazona
4911.10.90;Outros
4911.9;- Outros:
4911.91.00;-- Estampas, gravuras e fotografias
4911.99.00;-- Outros
50;Seda.
5001.00.00;Casulos de bicho-da-seda pr prios para dobar.
5002.00.00;Seda crua (n o fiada).
5003.00;Desperd cios de seda (incluindo os casulos de bicho-da-seda impr prios para dobar, os desperd cios de fios e os fiapos).
5003.00.10;N o cardados nem penteados
5003.00.90;Outros
5004.00.00;Fios de seda (exceto fios de desperd cios de seda) n o acondicionados para venda a retalho.
5005.00.00;Fios de desperd cios de seda, n o acondicionados para venda a retalho.
5006.00.00;"Fios de seda ou de desperd cios de seda, acondicionados para venda a retalho; pelo de Messina (crina de Floren a)."
50.07;Tecidos de seda ou de desperd cios de seda.
5007.10;- Tecidos de bourrette (noil silk)
5007.10.10;Estampados, tintos ou de fios de diversas cores
5007.10.90;Outros
5007.20;- Outros tecidos que contenham pelo menos 85 %, em peso, de seda ou de desperd cios de seda, exceto bourrette (noil silk)
5007.20.10;Estampados, tintos ou de fios de diversas cores
5007.20.90;Outros
5007.90.00;- Outros tecidos
51;"L , pelos finos ou grosseiros; fios e tecidos de crina."
51.01;L  n o cardada nem penteada.
5101.1;- L  suja, incluindo a l  lavada a dorso:
5101.11;-- L  de tosquia
5101.11.10;De finura igual ou superior 22,05 micr metros (m crons), mas inferior ou igual a 32,6 micr metros (m crons)
5101.11.90;Outra
5101.19.00;-- Outra
5101.2;- Desengordurada, n o carbonizada:
5101.21.00;-- L  de tosquia
5101.29.00;-- Outra
5101.30.00;- Carbonizada
51.02;Pelos finos ou grosseiros, n o cardados nem penteados.
5102.1;- Pelos finos:
5102.11.00;-- De cabra de Caxemira
5102.19.00;-- Outros
5102.20.00;- Pelos grosseiros
51.03;Desperd cios de l  ou de pelos finos ou grosseiros, incluindo os desperd cios de fios e excluindo os fiapos.
5103.10.00;- Desperd cios da pentea  o de l  ou de pelos finos
5103.20.00;- Outros desperd cios de l  ou de pelos finos
5103.30.00;- Desperd cios de pelos grosseiros
5104.00.00;Fiapos de l  ou de pelos finos ou grosseiros.
51.05;"L , pelos finos ou grosseiros, cardados ou penteados (incluindo a ""l  penteada a granel"")."
5105.10.00;- L  cardada
5105.2;- L  penteada:
5105.21.00;"-- ""L  penteada a granel"""
5105.29;-- Outra
5105.29.10;Tops
5105.29.9;Outras
5105.29.91;De finura inferior a 22,5 micr metros (m crons)
5105.29.99;Outras
5105.3;- Pelos finos, cardados ou penteados:
5105.31.00;-- De cabra de Caxemira
5105.39.00;-- Outros
5105.40.00;- Pelos grosseiros, cardados ou penteados
51.06;Fios de l  cardada, n o acondicionados para venda a retalho.
5106.10.00;- Que contenham pelo menos 85 %, em peso, de l 
5106.20.00;- Que contenham menos de 85 %, em peso, de l 
51.07;Fios de l  penteada, n o acondicionados para venda a retalho.
5107.10;- Que contenham pelo menos 85 %, em peso, de l 
5107.10.1;Retorcidos ou retorcidos m ltiplos
5107.10.11;De dois cabos, de t tulo inferior ou igual a 184,58 decitex por cabo
5107.10.19;Outros
5107.10.90;Outros
5107.20.00;- Que contenham menos de 85 %, em peso, de l 
51.08;Fios de pelos finos, cardados ou penteados, n o acondicionados para venda a retalho.
5108.10.00;- Cardados
5108.20.00;- Penteados
51.09;Fios de l  ou de pelos finos, acondicionados para venda a retalho.
5109.10.00;- Que contenham pelo menos 85 %, em peso, de l  ou de pelos finos
5109.90.00;- Outros
5110.00.00;Fios de pelos grosseiros ou de crina (incluindo os fios de crina revestidos por enrolamento), mesmo acondicionados para venda a retalho.
51.11;Tecidos de l  cardada ou de pelos finos cardados.
5111.1;- Que contenham pelo menos 85 %, em peso, de l  ou de pelos finos:
5111.11;-- De peso n o superior a 300 g/m2
5111.11.10;De l 
5111.11.20;De pelos finos
5111.19.00;-- Outros
5111.20.00;- Outros, combinados, principal ou unicamente, com filamentos sint ticos ou artificiais
5111.30;- Outros, combinados, principal ou unicamente, com fibras sint ticas ou artificiais descont nuas
5111.30.10;De l , feltrados, com trama combinada exclusivamente com fibras sint ticas e urdidura exclusivamente de algod o, de peso igual ou superior a 600 g/m2, pr prios para fabrica  o de bolas de t nis
5111.30.90;Outros
5111.90.00;- Outros
51.12;Tecidos de l  penteada ou de pelos finos penteados.
5112.1;- Que contenham pelo menos 85 %, em peso, de l  ou de pelos finos:
5112.11.00;-- De peso n o superior a 200 g/m2
5112.19;-- Outros
5112.19.10;De l 
5112.19.20;De pelos finos
5112.20;- Outros, combinados, principal ou unicamente, com filamentos sint ticos ou artificiais
5112.20.10;De l 
5112.20.20;De pelos finos
5112.30;- Outros, combinados, principal ou unicamente, com fibras sint ticas ou artificiais descont nuas
5112.30.10;De l 
5112.30.20;De pelos finos
5112.90.00;- Outros
5113.00;Tecidos de pelos grosseiros ou de crina.
5113.00.1;De pelos grosseiros
5113.00.11;Que contenham pelo menos 85 %, em peso, de pelos grosseiros
5113.00.12;Que contenham menos de 85 %, em peso, de pelos grosseiros e que contenham algod o
5113.00.13;Que contenham menos de 85 %, em peso, de pelos grosseiros e que n o contenham algod o
5113.00.20;De crina
52;Algod o.
5201.00;Algod o n o cardado nem penteado.
5201.00.10;N o debulhado
5201.00.20;Simplesmente debulhado
5201.00.90;Outros
52.02;Desperd cios de algod o (incluindo os desperd cios de fios e os fiapos).
5202.10.00;- Desperd cios de fios
5202.9;- Outros:
5202.91.00;-- Fiapos
5202.99.00;-- Outros
5203.00.00;Algod o cardado ou penteado.
52.04;Linhas para costurar, de algod o, mesmo acondicionadas para venda a retalho.
5204.1;- N o acondicionadas para venda a retalho:
5204.11;-- Que contenham pelo menos 85 %, em peso, de algod o
5204.11.1;De algod o cru, de t tulo inferior ou igual a 5.000 decitex por fio simples
5204.11.11;De dois cabos
5204.11.12;De tr s ou mais cabos
5204.11.20;De algod o cru, de t tulo superior a 5.000 decitex por fio simples
5204.11.3;De algod o branqueado ou colorido, de t tulo inferior ou igual a 5.000 decitex por fio simples
5204.11.31;De dois cabos
5204.11.32;De tr s ou mais cabos
5204.11.40;De algod o branqueado ou colorido, de t tulo superior a 5.000 decitex por fio simples
5204.19;-- Outras
5204.19.1;De algod o cru, de t tulo inferior ou igual a 5.000 decitex por fio simples
5204.19.11;De dois cabos
5204.19.12;De tr s ou mais cabos
5204.19.20;De algod o cru, de t tulo superior a 5.000 decitex por fio simples
5204.19.3;De algod o branqueado ou colorido, de t tulo inferior ou igual a 5.000 decitex por fio simples
5204.19.31;De dois cabos
5204.19.32;De tr s ou mais cabos
5204.19.40;De algod o branqueado ou colorido, de t tulo superior a 5.000 decitex por fio simples
5204.20.00;- Acondicionadas para venda a retalho
52.05;Fios de algod o (exceto linhas para costurar) que contenham pelo menos 85 %, em peso, de algod o, n o acondicionados para venda a retalho.
5205.1;- Fios simples, de fibras n o penteadas:
5205.11.00;-- De t tulo igual ou superior a 714,29 decitex (n mero m trico n o superior a 14)
5205.12.00;-- De t tulo inferior a 714,29 decitex, mas n o inferior a 232,56 decitex (n mero m trico superior a 14, mas n o superior a 43)
5205.13;-- De t tulo inferior a 232,56 decitex, mas n o inferior a 192,31 decitex (n mero m trico superior a 43, mas n o superior a 52)
5205.13.10;Crus
5205.13.90;Outros
5205.14.00;-- De t tulo inferior a 192,31 decitex, mas n o inferior a 125 decitex (n mero m trico superior a 52, mas n o superior a 80)
5205.15.00;-- De t tulo inferior a 125 decitex (n mero m trico superior a 80)
5205.2;- Fios simples, de fibras penteadas:
5205.21.00;-- De t tulo igual ou superior a 714,29 decitex (n mero m trico n o superior a 14)
5205.22.00;-- De t tulo inferior a 714,29 decitex, mas n o inferior a 232,56 decitex (n mero m trico superior a 14, mas n o superior a 43)
5205.23;-- De t tulo inferior a 232,56 decitex, mas n o inferior a 192,31 decitex (n mero m trico superior a 43, mas n o superior a 52)
5205.23.10;Crus
5205.23.90;Outros
5205.24.00;-- De t tulo inferior a 192,31 decitex, mas n o inferior a 125 decitex (n mero m trico superior a 52, mas n o superior a 80)
5205.26.00;-- De t tulo inferior a 125 decitex, mas n o inferior a 106,38 decitex (n mero m trico superior a 80, mas n o superior a 94)
5205.27.00;-- De t tulo inferior a 106,38 decitex, mas n o inferior a 83,33 decitex (n mero m trico superior a 94, mas n o superior a 120)
5205.28.00;-- De t tulo inferior a 83,33 decitex (n mero m trico superior a 120)
5205.3;- Fios retorcidos ou retorcidos m ltiplos, de fibras n o penteadas:
5205.31.00;-- De t tulo igual ou superior a 714,29 decitex por fio simples (n mero m trico n o superior a 14, por fio simples)
5205.32.00;-- De t tulo inferior a 714,29 decitex, mas n o inferior a 232,56 decitex por fio simples (n mero m trico superior a 14, mas n o superior a 43, por fio simples)
5205.33.00;-- De t tulo inferior a 232,56 decitex, mas n o inferior a 192,31 decitex por fio simples (n mero m trico superior a 43, mas n o superior a 52, por fio simples)
5205.34.00;-- De t tulo inferior a 192,31 decitex, mas n o inferior a 125 decitex por fio simples (n mero m trico superior a 52, mas n o superior a 80, por fio simples)
5205.35.00;-- De t tulo inferior a 125 decitex por fio simples (n mero m trico superior a 80, por fio simples)
5205.4;- Fios retorcidos ou retorcidos m ltiplos, de fibras penteadas:
5205.41.00;-- De t tulo igual ou superior a 714,29 decitex por fio simples (n mero m trico n o superior a 14, por fio simples)
5205.42.00;-- De t tulo inferior a 714,29 decitex, mas n o inferior a 232,56 decitex por fio simples (n mero m trico superior a 14, mas n o superior a 43, por fio simples)
5205.43.00;-- De t tulo inferior a 232,56 decitex, mas n o inferior a 192,31 decitex por fio simples (n mero m trico superior a 43, mas n o superior a 52, por fio simples)
5205.44.00;-- De t tulo inferior a 192,31 decitex, mas n o inferior a 125 decitex por fio simples (n mero m trico superior a 52, mas n o superior a 80, por fio simples)
5205.46.00;-- De t tulo inferior a 125 decitex, mas n o inferior a 106,38 decitex por fio simples (n mero m trico superior a 80, mas n o superior a 94, por fio simples)
5205.47.00;-- De t tulo inferior a 106,38 decitex, mas n o inferior a 83,33 decitex por fio simples (n mero m trico superior a 94, mas n o superior a 120, por fio simples)
5205.48.00;-- De t tulo inferior a 83,33 decitex por fio simples (n mero m trico superior a 120, por fio simples)
52.06;Fios de algod o (exceto linhas para costurar) que contenham menos de 85 %, em peso, de algod o, n o acondicionados para venda a retalho.
5206.1;- Fios simples, de fibras n o penteadas:
5206.11.00;-- De t tulo igual ou superior a 714,29 decitex (n mero m trico n o superior a 14)
5206.12.00;-- De t tulo inferior a 714,29 decitex, mas n o inferior a 232,56 decitex (n mero m trico superior a 14, mas n o superior a 43)
5206.13.00;-- De t tulo inferior a 232,56 decitex, mas n o inferior a 192,31 decitex (n mero m trico superior a 43, mas n o superior a 52)
5206.14.00;-- De t tulo inferior a 192,31 decitex, mas n o inferior a 125 decitex (n mero m trico superior a 52, mas n o superior a 80)
5206.15.00;-- De t tulo inferior a 125 decitex (n mero m trico superior a 80)
5206.2;- Fios simples, de fibras penteadas:
5206.21.00;-- De t tulo igual ou superior a 714,29 decitex (n mero m trico n o superior a 14)
5206.22.00;-- De t tulo inferior a 714,29 decitex, mas n o inferior a 232,56 decitex (n mero m trico superior a 14, mas n o superior a 43)
5206.23.00;-- De t tulo inferior a 232,56 decitex, mas n o inferior a 192,31 decitex (n mero m trico superior a 43, mas n o superior a 52)
5206.24.00;-- De t tulo inferior a 192,31 decitex, mas n o inferior a 125 decitex (n mero m trico superior a 52, mas n o superior a 80)
5206.25.00;-- De t tulo inferior a 125 decitex (n mero m trico superior a 80)
5206.3;- Fios retorcidos ou retorcidos m ltiplos, de fibras n o penteadas:
5206.31.00;-- De t tulo igual ou superior a 714,29 decitex por fio simples (n mero m trico n o superior a 14, por fio simples)
5206.32.00;-- De t tulo inferior a 714,29 decitex, mas n o inferior a 232,56 decitex por fio simples (n mero m trico superior a 14, mas n o superior a 43, por fio simples)
5206.33.00;-- De t tulo inferior a 232,56 decitex, mas n o inferior a 192,31 decitex por fio simples (n mero m trico superior a 43, mas n o superior a 52, por fio simples)
5206.34.00;-- De t tulo inferior a 192,31 decitex, mas n o inferior a 125 decitex por fio simples (n mero m trico superior a 52, mas n o superior a 80, por fio simples)
5206.35.00;-- De t tulo inferior a 125 decitex por fio simples (n mero m trico superior a 80, por fio simples)
5206.4;- Fios retorcidos ou retorcidos m ltiplos, de fibras penteadas:
5206.41.00;-- De t tulo igual ou superior a 714,29 decitex por fio simples (n mero m trico n o superior a 14, por fio simples)
5206.42.00;-- De t tulo inferior a 714,29 decitex, mas n o inferior a 232,56 decitex por fio simples (n mero m trico superior a 14, mas n o superior a 43, por fio simples)
5206.43.00;-- De t tulo inferior a 232,56 decitex, mas n o inferior a 192,31 decitex por fio simples (n mero m trico superior a 43, mas n o superior a 52, por fio simples)
5206.44.00;-- De t tulo inferior a 192,31 decitex, mas n o inferior a 125 decitex por fio simples (n mero m trico superior a 52, mas n o superior a 80, por fio simples)
5206.45.00;-- De t tulo inferior a 125 decitex por fio simples (n mero m trico superior a 80, por fio simples)
52.07;Fios de algod o (exceto linhas para costurar) acondicionados para venda a retalho.
5207.10.00;- Que contenham pelo menos 85 %, em peso, de algod o
5207.90.00;- Outros
52.08;Tecidos de algod o que contenham pelo menos 85 %, em peso, de algod o, de peso n o superior a 200 g/m2.
5208.1;- Crus:
5208.11.00;-- Em ponto de tafet , de peso n o superior a 100 g/m2
5208.12.00;-- Em ponto de tafet , de peso superior a 100 g/m2
5208.13.00;-- Em ponto sarjado, incluindo o diagonal, cuja rela  o de textura n o seja superior a 4
5208.19.00;-- Outros tecidos
5208.2;- Branqueados:
5208.21.00;-- Em ponto de tafet , de peso n o superior a 100 g/m2
5208.22.00;-- Em ponto de tafet , de peso superior a 100 g/m2
5208.23.00;-- Em ponto sarjado, incluindo o diagonal, cuja rela  o de textura n o seja superior a 4
5208.29.00;-- Outros tecidos
5208.3;- Tintos:
5208.31.00;-- Em ponto de tafet , de peso n o superior a 100 g/m2
5208.32.00;-- Em ponto de tafet , de peso superior a 100 g/m2
5208.33.00;-- Em ponto sarjado, incluindo o diagonal, cuja rela  o de textura n o seja superior a 4
5208.39.00;-- Outros tecidos
5208.4;- De fios de diversas cores:
5208.41.00;-- Em ponto de tafet , de peso n o superior a 100 g/m2
5208.42.00;-- Em ponto de tafet , de peso superior a 100 g/m2
5208.43.00;-- Em ponto sarjado, incluindo o diagonal, cuja rela  o de textura n o seja superior a 4
5208.49.00;-- Outros tecidos
5208.5;- Estampados:
5208.51.00;-- Em ponto de tafet , de peso n o superior a 100 g/m2
5208.52.00;-- Em ponto de tafet , de peso superior a 100 g/m2
5208.59;-- Outros tecidos
5208.59.10;Em ponto sarjado, incluindo o diagonal, cuja rela  o de textura n o seja superior a 4
5208.59.90;Outros
52.09;Tecidos de algod o que contenham pelo menos 85 %, em peso, de algod o, de peso superior a 200 g/m2.
5209.1;- Crus:
5209.11.00;-- Em ponto de tafet 
5209.12.00;-- Em ponto sarjado, incluindo o diagonal, cuja rela  o de textura n o seja superior a 4
5209.19.00;-- Outros tecidos
5209.2;- Branqueados:
5209.21.00;-- Em ponto de tafet 
5209.22.00;-- Em ponto sarjado, incluindo o diagonal, cuja rela  o de textura n o seja superior a 4
5209.29.00;-- Outros tecidos
5209.3;- Tintos:
5209.31.00;-- Em ponto de tafet 
5209.32.00;-- Em ponto sarjado, incluindo o diagonal, cuja rela  o de textura n o seja superior a 4
5209.39.00;-- Outros tecidos
5209.4;- De fios de diversas cores:
5209.41.00;-- Em ponto de tafet 
5209.42;-- Tecidos denominados Denim
5209.42.10;Com fios tintos em indigo blue segundo Color Index 73000
5209.42.90;Outros
5209.43.00;-- Outros tecidos em ponto sarjado, incluindo o diagonal, cuja rela  o de textura n o seja superior a 4
5209.49.00;-- Outros tecidos
5209.5;- Estampados:
5209.51.00;-- Em ponto de tafet 
5209.52.00;-- Em ponto sarjado, incluindo o diagonal, cuja rela  o de textura n o seja superior a 4
5209.59.00;-- Outros tecidos
52.10;Tecidos de algod o que contenham menos de 85 %, em peso, de algod o, combinados, principal ou unicamente, com fibras sint ticas ou artificiais, de peso n o superior a 200 g/m2.
5210.1;- Crus:
5210.11.00;-- Em ponto de tafet 
5210.19;-- Outros tecidos
5210.19.10;Em ponto sarjado, incluindo o diagonal, cuja rela  o de textura n o seja superior a 4
5210.19.90;Outros
5210.2;- Branqueados:
5210.21.00;-- Em ponto de tafet 
5210.29;-- Outros tecidos
5210.29.10;Em ponto sarjado, incluindo o diagonal, cuja rela  o de textura n o seja superior a 4
5210.29.90;Outros
5210.3;- Tintos:
5210.31.00;-- Em ponto de tafet 
5210.32.00;-- Em ponto sarjado, incluindo o diagonal, cuja rela  o de textura n o seja superior a 4
5210.39.00;-- Outros tecidos
5210.4;- De fios de diversas cores:
5210.41.00;-- Em ponto de tafet 
5210.49;-- Outros tecidos
5210.49.10;Em ponto sarjado, incluindo o diagonal, cuja rela  o de textura n o seja superior a 4
5210.49.90;Outros
5210.5;- Estampados:
5210.51.00;-- Em ponto de tafet 
5210.59;-- Outros tecidos
5210.59.10;Em ponto sarjado, incluindo o diagonal, cuja rela  o de textura n o seja superior a 4
5210.59.90;Outros
52.11;Tecidos de algod o que contenham menos de 85 %, em peso, de algod o, combinados, principal ou unicamente, com fibras sint ticas ou artificiais, de peso superior a 200 g/m2.
5211.1;- Crus:
5211.11.00;-- Em ponto de tafet 
5211.12.00;-- Em ponto sarjado, incluindo o diagonal, cuja rela  o de textura n o seja superior a 4
5211.19.00;-- Outros tecidos
5211.20;- Branqueados
5211.20.10;Em ponto de tafet 
5211.20.20;Em ponto sarjado, incluindo o diagonal, cuja rela  o de textura n o seja superior a 4
5211.20.90;Outros
5211.3;- Tintos:
5211.31.00;-- Em ponto de tafet 
5211.32.00;-- Em ponto sarjado, incluindo o diagonal, cuja rela  o de textura n o seja superior a 4
5211.39.00;-- Outros tecidos
5211.4;- De fios de diversas cores:
5211.41.00;-- Em ponto de tafet 
5211.42;-- Tecidos denominados Denim
5211.42.10;Com fios tintos em indigo blue segundo Color Index 73000
5211.42.90;Outros
5211.43.00;-- Outros tecidos em ponto sarjado, incluindo o diagonal, cuja rela  o de textura n o seja superior a 4
5211.49.00;-- Outros tecidos
5211.5;- Estampados:
5211.51.00;-- Em ponto de tafet 
5211.52.00;-- Em ponto sarjado, incluindo o diagonal, cuja rela  o de textura n o seja superior a 4
5211.59.00;-- Outros tecidos
52.12;Outros tecidos de algod o.
5212.1;- De peso n o superior a 200 g/m2:
5212.11.00;-- Crus
5212.12.00;-- Branqueados
5212.13.00;-- Tintos
5212.14.00;-- De fios de diversas cores
5212.15.00;-- Estampados
5212.2;- De peso superior a 200 g/m2:
5212.21.00;-- Crus
5212.22.00;-- Branqueados
5212.23.00;-- Tintos
5212.24.00;-- De fios de diversas cores
5212.25.00;-- Estampados
53;"Outras fibras t xteis vegetais; fios de papel e tecidos de fios de papel."
53.01;"Linho em bruto ou trabalhado, mas n o fiado; estopas e desperd cios de linho (incluindo os desperd cios de fios e os fiapos)."
5301.10.00;- Linho em bruto ou macerado
5301.2;- Linho quebrado, espadelado, penteado ou trabalhado de outra forma, mas n o fiado:
5301.21;-- Quebrado ou espadelado
5301.21.10;Quebrado
5301.21.20;Espadelado
5301.29;-- Outro
5301.29.10;Penteado
5301.29.90;Outro
5301.30.00;- Estopas e desperd cios de linho
53.02;"C nhamo (Cannabis sativa L.), em bruto ou trabalhado, mas n o fiado; estopas e desperd cios de c nhamo (incluindo os desperd cios de fios e os fiapos)."
5302.10.00;- C nhamo em bruto ou macerado
5302.90.00;- Outros
53.03;"Juta e outras fibras t xteis liberianas (exceto linho, c nhamo e rami), em bruto ou trabalhadas, mas n o fiadas; estopas e desperd cios destas fibras (incluindo os desperd cios de fios e os fiapos)."
5303.10;- Juta e outras fibras t xteis liberianas, em bruto ou maceradas
5303.10.10;Juta
5303.10.90;Outras
5303.90;- Outros
5303.90.10;Juta
5303.90.90;Outros
5305.00;"Cairo (fibra de coco), abac  (c nhamo-de-manilha ou Musa textilis Nee), rami e outras fibras t xteis vegetais n o especificadas nem compreendidas noutras posi  es, em bruto ou trabalhados, mas n o fiados; estopas e desperd cios destas fibras (incluindo os desperd cios de fios e os fiapos)."
5305.00.10;De abac , em bruto
5305.00.90;Outros
53.06;Fios de linho.
5306.10.00;- Simples
5306.20.00;- Retorcidos ou retorcidos m ltiplos
53.07;Fios de juta ou de outras fibras t xteis liberianas da posi  o 53.03.
5307.10;- Simples
5307.10.10;De juta
5307.10.90;Outros
5307.20;- Retorcidos ou retorcidos m ltiplos
5307.20.10;De juta
5307.20.90;Outros
53.08;"Fios de outras fibras t xteis vegetais; fios de papel."
5308.10.00;- Fios de cairo (fibra de coco)
5308.20.00;- Fios de c nhamo
5308.90.00;- Outros
53.09;Tecidos de linho.
5309.1;- Que contenham pelo menos 85 %, em peso, de linho:
5309.11.00;-- Crus ou branqueados
5309.19.00;-- Outros
5309.2;- Que contenham menos de 85 %, em peso, de linho:
5309.21.00;-- Crus ou branqueados
5309.29.00;-- Outros
53.10;Tecidos de juta ou de outras fibras t xteis liberianas da posi  o 53.03.
5310.10;- Crus
5310.10.10;Aniagem de juta
5310.10.90;Outros
5310.90.00;- Outros
5311.00.00;"Tecidos de outras fibras t xteis vegetais; tecidos de fios de papel."
54;"Filamentos sint ticos ou artificiais; l minas e formas semelhantes de mat rias t xteis sint ticas ou artificiais."
54.01;Linhas para costurar de filamentos sint ticos ou artificiais, mesmo acondicionadas para venda a retalho.
5401.10;- De filamentos sint ticos
5401.10.1;De poli ster
5401.10.11;N o acondicionadas para venda a retalho
5401.10.12;Acondicionadas para venda a retalho
5401.10.90;Outras
5401.20;- De filamentos artificiais
5401.20.1;De raiom viscose, de alta tenacidade
5401.20.11;N o acondicionadas para venda a retalho
5401.20.12;Acondicionadas para venda a retalho
5401.20.90;Outras
54.02;Fios de filamentos sint ticos (exceto linhas para costurar), n o acondicionados para venda a retalho, incluindo os monofilamentos sint ticos de t tulo inferior a 67 decitex.
5402.1;- Fios de alta tenacidade, de n ilon ou de outras poliamidas, mesmo texturizados:
5402.11.00;-- De aramidas
5402.19;-- Outros
5402.19.10;De n ilon
5402.19.90;Outros
5402.20;- Fios de alta tenacidade, de poli steres, mesmo texturizados
5402.20.10;De copol mero de  cido p-hidroxibenzoico e  cido hidroxinaftoico
5402.20.90;Outros
5402.3;- Fios texturizados:
5402.31;-- De n ilon ou de outras poliamidas, de t tulo n o superior a 50 tex por fio simples
5402.31.1;De n ilon
5402.31.11;Tintos
5402.31.19;Outros
5402.31.90;Outros
5402.32;-- De n ilon ou de outras poliamidas, de t tulo superior a 50 tex por fio simples
5402.32.1;De n ilon
5402.32.11;Multifilamento com efeito antiest tico permanente, de t tulo superior a 110 tex
5402.32.19;Outros
5402.32.90;Outros
5402.33;-- De poli steres
5402.33.10;Crus
5402.33.20;Tintos
5402.33.90;Outros
5402.34.00;-- De polipropileno
5402.39.00;-- Outros
5402.4;- Outros fios, simples, sem tor  o ou com tor  o n o superior a 50 voltas por metro:
5402.44.00;-- De elast meros
5402.45;-- Outros, de n ilon ou de outras poliamidas
5402.45.10;De aramidas
5402.45.20;De n ilon
5402.45.90;Outros
5402.46.00;-- Outros, de poli steres, parcialmente orientados
5402.47;-- Outros, de poli steres
5402.47.10;Crus
5402.47.20;Tintos
5402.47.90;Outros
5402.48.00;-- Outros, de polipropileno
5402.49;-- Outros
5402.49.10;De polietileno, com tenacidade igual ou superior a 26 cN/tex
5402.49.90;Outros
5402.5;- Outros fios, simples, com tor  o superior a 50 voltas por metro:
5402.51;-- De n ilon ou de outras poliamidas
5402.51.10;De aramidas
5402.51.90;Outros
5402.52.00;-- De poli steres
5402.53.00;-- De polipropileno
5402.59.00;-- Outros
5402.6;- Outros fios, retorcidos ou retorcidos m ltiplos:
5402.61;-- De n ilon ou de outras poliamidas
5402.61.10;De aramidas
5402.61.90;Outros
5402.62.00;-- De poli steres
5402.63.00;-- De polipropileno
5402.69.00;-- Outros
54.03;Fios de filamentos artificiais (exceto linhas para costurar), n o acondicionados para venda a retalho, incluindo os monofilamentos artificiais de t tulo inferior a 67 decitex.
5403.10.00;- Fios de alta tenacidade, de raiom viscose
5403.3;- Outros fios, simples:
5403.31;-- De raiom viscose, sem tor  o ou com tor  o n o superior a 120 voltas por metro
5403.31.10;Crus ou branqueados
5403.31.90;Outros
5403.32.00;-- De raiom viscose, com tor  o superior a 120 voltas por metro
5403.33.00;-- De acetato de celulose
5403.39.00;-- Outros
5403.4;- Outros fios, retorcidos ou retorcidos m ltiplos:
5403.41.00;-- De raiom viscose
5403.42.00;-- De acetato de celulose
5403.49.00;-- Outros
54.04;"Monofilamentos sint ticos, de t tulo igual ou superior a 67 decitex e cuja maior dimens o da se  o transversal n o seja superior a 1 mm; l minas e formas semelhantes (palha artificial, por exemplo) de mat rias t xteis sint ticas, cuja largura aparente n o seja superior a 5 mm."
5404.1;- Monofilamentos:
5404.11.00;-- De elast meros
5404.12.00;-- Outros, de polipropileno
5404.19;-- Outros
5404.19.1;Imita  es de categute
5404.19.11;Reabsorv veis
5404.19.19;Outros
5404.19.90;Outros
5404.90.00;- Outras
5405.00.00;"Monofilamentos artificiais, de t tulo igual ou superior a 67 decitex e cuja maior dimens o da se  o transversal n o seja superior a 1 mm; l minas e formas semelhantes (palha artificial, por exemplo) de mat rias t xteis artificiais, cuja largura aparente n o seja superior a 5 mm."
5406.00;Fios de filamentos sint ticos ou artificiais (exceto linhas para costurar), acondicionados para venda a retalho.
5406.00.10;Fios de filamentos sint ticos
5406.00.20;Fios de filamentos artificiais
54.07;Tecidos de fios de filamentos sint ticos, incluindo os tecidos obtidos a partir dos produtos da posi  o 54.04.
5407.10;- Tecidos obtidos a partir de fios de alta tenacidade, de n ilon ou de outras poliamidas ou de poli steres
5407.10.1;Sem fios de borracha
5407.10.11;De aramidas
5407.10.19;Outros
5407.10.2;Com fios de borracha
5407.10.21;De aramidas
5407.10.29;Outros
5407.20.00;- Tecidos obtidos a partir de l minas ou de formas semelhantes
5407.30.00;"- ""Tecidos"" mencionados na Nota 9 da Se  o XI"
5407.4;- Outros tecidos, que contenham pelo menos 85 %, em peso, de filamentos de n ilon ou de outras poliamidas:
5407.41.00;-- Crus ou branqueados
5407.42.00;-- Tintos
5407.43.00;-- De fios de diversas cores
5407.44.00;-- Estampados
5407.5;- Outros tecidos, que contenham pelo menos 85 %, em peso, de filamentos de poli ster texturizados:
5407.51.00;-- Crus ou branqueados
5407.52;-- Tintos
5407.52.10;Sem fios de borracha
5407.52.20;Com fios de borracha
5407.53.00;-- De fios de diversas cores
5407.54.00;-- Estampados
5407.6;- Outros tecidos, que contenham pelo menos 85 %, em peso, de filamentos de poli ster:
5407.61.00;-- Que contenham pelo menos 85 %, em peso, de filamentos de poli ster n o texturizados
5407.69.00;-- Outros
5407.7;- Outros tecidos, que contenham pelo menos 85 %, em peso, de filamentos sint ticos:
5407.71.00;-- Crus ou branqueados
5407.72.00;-- Tintos
5407.73.00;-- De fios de diversas cores
5407.74.00;-- Estampados
5407.8;- Outros tecidos, que contenham menos de 85 %, em peso, de filamentos sint ticos, combinados, principal ou unicamente, com algod o:
5407.81.00;-- Crus ou branqueados
5407.82.00;-- Tintos
5407.83.00;-- De fios de diversas cores
5407.84.00;-- Estampados
5407.9;- Outros tecidos:
5407.91.00;-- Crus ou branqueados
5407.92.00;-- Tintos
5407.93.00;-- De fios de diversas cores
5407.94.00;-- Estampados
54.08;Tecidos de fios de filamentos artificiais, incluindo os tecidos obtidos a partir dos produtos da posi  o 54.05.
5408.10.00;- Tecidos obtidos a partir de fios de alta tenacidade, de raiom viscose
5408.2;- Outros tecidos, que contenham pelo menos 85 %, em peso, de filamentos ou de l minas ou formas semelhantes, artificiais:
5408.21.00;-- Crus ou branqueados
5408.22.00;-- Tintos
5408.23.00;-- De fios de diversas cores
5408.24.00;-- Estampados
5408.3;- Outros tecidos:
5408.31.00;-- Crus ou branqueados
5408.32.00;-- Tintos
5408.33.00;-- De fios de diversas cores
5408.34.00;-- Estampados
55;Fibras sint ticas ou artificiais, descont nuas.
55.01;Cabos de filamentos sint ticos.
5501.1;- De n ilon ou de outras poliamidas:
5501.11.00;-- De aramidas
5501.19.00;-- Outros
5501.20.00;- De poli steres
5501.30.00;- Acr licos ou modacr licos
5501.40.00;- De polipropileno
5501.90.00;- Outros
55.02;Cabos de filamentos artificiais.
5502.10.00;- De acetato de celulose
5502.90;- Outros
5502.90.10;De raiom viscose
5502.90.90;Outros
55.03;Fibras sint ticas descont nuas, n o cardadas, n o penteadas nem transformadas de outro modo para fia  o.
5503.1;- De n ilon ou de outras poliamidas:
5503.11.00;-- De aramidas
5503.19;-- Outras
5503.19.10;Bicomponentes, de diferentes pontos de fus o
5503.19.90;Outras
5503.20;- De poli steres
5503.20.10;Bicomponentes, de diferentes pontos de fus o
5503.20.90;Outras
5503.30.00;- Acr licas ou modacr licas
5503.40.00;- De polipropileno
5503.90;- Outras
5503.90.10;Bicomponentes, de diferentes pontos de fus o
5503.90.20;De poli( lcool vin lico)
5503.90.90;Outras
55.04;Fibras artificiais descont nuas, n o cardadas, n o penteadas nem transformadas de outro modo para fia  o.
5504.10.00;- De raiom viscose
5504.90;- Outras
5504.90.10;De liocel
5504.90.90;Outras
55.05;Desperd cios de fibras sint ticas ou artificiais (incluindo os desperd cios da pentea  o, os de fios e os fiapos).
5505.10.00;- De fibras sint ticas
5505.20.00;- De fibras artificiais
55.06;Fibras sint ticas descont nuas, cardadas, penteadas ou transformadas de outro modo para fia  o.
5506.10.00;- De n ilon ou de outras poliamidas
5506.20.00;- De poli steres
5506.30.00;- Acr licas ou modacr licas
5506.40.00;- De polipropileno
5506.90.00;- Outras
5507.00.00;Fibras artificiais descont nuas, cardadas, penteadas ou transformadas de outro modo para fia  o.
55.08;Linhas para costurar, de fibras sint ticas ou artificiais descont nuas, mesmo acondicionadas para venda a retalho.
5508.10.00;- De fibras sint ticas descont nuas
5508.20.00;- De fibras artificiais descont nuas
55.09;Fios de fibras sint ticas descont nuas (exceto linhas para costurar), n o acondicionados para venda a retalho.
5509.1;- Que contenham pelo menos 85 %, em peso, de fibras descont nuas de n ilon ou de outras poliamidas:
5509.11.00;-- Simples
5509.12;-- Retorcidos ou retorcidos m ltiplos
5509.12.10;De aramidas
5509.12.90;Outros
5509.2;- Que contenham pelo menos 85 %, em peso, de fibras descont nuas de poli ster:
5509.21.00;-- Simples
5509.22.00;-- Retorcidos ou retorcidos m ltiplos
5509.3;- Que contenham pelo menos 85 %, em peso, de fibras descont nuas acr licas ou modacr licas:
5509.31.00;-- Simples
5509.32.00;-- Retorcidos ou retorcidos m ltiplos
5509.4;- Outros fios, que contenham pelo menos 85 %, em peso, de fibras sint ticas descont nuas:
5509.41.00;-- Simples
5509.42.00;-- Retorcidos ou retorcidos m ltiplos
5509.5;- Outros fios de fibras descont nuas de poli ster:
5509.51.00;-- Combinadas, principal ou unicamente, com fibras artificiais descont nuas
5509.52.00;-- Combinadas, principal ou unicamente, com l  ou pelos finos
5509.53.00;-- Combinadas, principal ou unicamente, com algod o
5509.59.00;-- Outros
5509.6;- Outros fios de fibras descont nuas acr licas ou modacr licas:
5509.61.00;-- Combinadas, principal ou unicamente, com l  ou pelos finos
5509.62.00;-- Combinadas, principal ou unicamente, com algod o
5509.69.00;-- Outros
5509.9;- Outros fios:
5509.91.00;-- Combinados, principal ou unicamente, com l  ou pelos finos
5509.92.00;-- Combinados, principal ou unicamente, com algod o
5509.99.00;-- Outros
55.10;Fios de fibras artificiais descont nuas (exceto linhas para costurar), n o acondicionados para venda a retalho.
5510.1;- Que contenham pelo menos 85 %, em peso, de fibras artificiais descont nuas:
5510.11;-- Simples
5510.11.1;Obtidos a partir de fibras de celulose
5510.11.11;De raiom viscose, exceto modal
5510.11.12;De modal
5510.11.13;De liocel
5510.11.19;Outros
5510.11.90;Outros
5510.12;-- Retorcidos ou retorcidos m ltiplos
5510.12.1;Obtidos a partir de fibras de celulose
5510.12.11;De raiom viscose, exceto modal
5510.12.12;De modal
5510.12.13;De liocel
5510.12.19;Outros
5510.12.90;Outros
5510.20;- Outros fios, combinados, principal ou unicamente, com l  ou pelos finos
5510.20.1;Obtidos a partir de fibras de celulose
5510.20.11;De raiom viscose, exceto modal
5510.20.12;De modal
5510.20.13;De liocel
5510.20.19;Outros
5510.20.90;Outros
5510.30;- Outros fios, combinados, principal ou unicamente, com algod o
5510.30.1;Obtidos a partir de fibras de celulose
5510.30.11;De raiom viscose, exceto modal
5510.30.12;De modal
5510.30.13;De liocel
5510.30.19;Outros
5510.30.90;Outros
5510.90;- Outros fios
5510.90.1;Obtidos a partir de fibras de celulose
5510.90.11;De raiom viscose, exceto modal
5510.90.12;De modal
5510.90.13;De liocel
5510.90.19;Outros
5510.90.90;Outros
55.11;Fios de fibras sint ticas ou artificiais, descont nuas (exceto linhas para costurar), acondicionados para venda a retalho.
5511.10.00;- De fibras sint ticas descont nuas, que contenham pelo menos 85 %, em peso, destas fibras
5511.20.00;- De fibras sint ticas descont nuas, que contenham menos de 85 %, em peso, destas fibras
5511.30.00;- De fibras artificiais descont nuas
55.12;Tecidos de fibras sint ticas descont nuas, que contenham pelo menos 85 %, em peso, destas fibras.
5512.1;- Que contenham pelo menos 85 %, em peso, de fibras descont nuas de poli ster:
5512.11.00;-- Crus ou branqueados
5512.19.00;-- Outros
5512.2;- Que contenham pelo menos 85 %, em peso, de fibras descont nuas acr licas ou modacr licas:
5512.21.00;-- Crus ou branqueados
5512.29.00;-- Outros
5512.9;- Outros:
5512.91;-- Crus ou branqueados
5512.91.10;De aramidas
5512.91.90;Outros
5512.99;-- Outros
5512.99.10;De aramidas
5512.99.90;Outros
55.13;Tecidos de fibras sint ticas descont nuas, que contenham menos de 85 %, em peso, destas fibras, combinados, principal ou unicamente, com algod o, de peso n o superior a 170 g/m2.
5513.1;- Crus ou branqueados:
5513.11.00;-- De fibras descont nuas de poli ster, em ponto de tafet 
5513.12.00;-- De fibras descont nuas de poli ster, em ponto sarjado, incluindo o diagonal, cuja rela  o de textura n o seja superior a 4
5513.13.00;-- Outros tecidos de fibras descont nuas de poli ster
5513.19.00;-- Outros tecidos
5513.2;- Tintos:
5513.21.00;-- De fibras descont nuas de poli ster, em ponto de tafet 
5513.23;-- Outros tecidos de fibras descont nuas de poli ster
5513.23.10;Em ponto sarjado, incluindo o diagonal, cuja rela  o de textura n o seja superior a 4
5513.23.90;Outros
5513.29.00;-- Outros tecidos
5513.3;- De fios de diversas cores:
5513.31.00;-- De fibras descont nuas de poli ster, em ponto de tafet 
5513.39;-- Outros tecidos
5513.39.1;De fibras descont nuas de poli ster
5513.39.11;Em ponto sarjado, incluindo o diagonal, cuja rela  o de textura n o seja superior a 4
5513.39.19;Outros
5513.39.90;Outros
5513.4;- Estampados:
5513.41.00;-- De fibras descont nuas de poli ster, em ponto de tafet 
5513.49;-- Outros tecidos
5513.49.1;De fibras descont nuas de poli ster
5513.49.11;Em ponto sarjado, incluindo o diagonal, cuja rela  o de textura n o seja superior a 4
5513.49.19;Outros
5513.49.90;Outros
55.14;Tecidos de fibras sint ticas descont nuas, que contenham menos de 85 %, em peso, destas fibras, combinados, principal ou unicamente, com algod o, de peso superior a 170 g/m2.
5514.1;- Crus ou branqueados:
5514.11.00;-- De fibras descont nuas de poli ster, em ponto de tafet 
5514.12.00;-- De fibras descont nuas de poli ster, em ponto sarjado, incluindo o diagonal, cuja rela  o de textura n o seja superior a 4
5514.19;-- Outros tecidos
5514.19.10;De fibras descont nuas de poli ster
5514.19.90;Outros
5514.2;- Tintos:
5514.21.00;-- De fibras descont nuas de poli ster, em ponto de tafet 
5514.22.00;-- De fibras descont nuas de poli ster, em ponto sarjado, incluindo o diagonal, cuja rela  o de textura n o seja superior a 4
5514.23.00;-- Outros tecidos de fibras descont nuas de poli ster
5514.29.00;-- Outros tecidos
5514.30;- De fios de diversas cores
5514.30.1;De fibras descont nuas de poli ster
5514.30.11;Em ponto de tafet 
5514.30.12;Em ponto sarjado, incluindo o diagonal, cuja rela  o de textura n o seja superior a 4
5514.30.19;Outros
5514.30.90;Outros
5514.4;- Estampados:
5514.41.00;-- De fibras descont nuas de poli ster, em ponto de tafet 
5514.42.00;-- De fibras descont nuas de poli ster, em ponto sarjado, incluindo o diagonal, cuja rela  o de textura n o seja superior a 4
5514.43.00;-- Outros tecidos de fibras descont nuas de poli ster
5514.49.00;-- Outros tecidos
55.15;Outros tecidos de fibras sint ticas descont nuas.
5515.1;- De fibras descont nuas de poli ster:
5515.11.00;-- Combinadas, principal ou unicamente, com fibras descont nuas de raiom viscose
5515.12.00;-- Combinadas, principal ou unicamente, com filamentos sint ticos ou artificiais
5515.13.00;-- Combinadas, principal ou unicamente, com l  ou pelos finos
5515.19.00;-- Outros
5515.2;- De fibras descont nuas acr licas ou modacr licas:
5515.21.00;-- Combinadas, principal ou unicamente, com filamentos sint ticos ou artificiais
5515.22.00;-- Combinadas, principal ou unicamente, com l  ou pelos finos
5515.29.00;-- Outros
5515.9;- Outros tecidos:
5515.91.00;-- Combinados, principal ou unicamente, com filamentos sint ticos ou artificiais
5515.99;-- Outros
5515.99.10;Combinados, principal ou unicamente, com l  ou pelos finos
5515.99.90;Outros
55.16;Tecidos de fibras artificiais descont nuas.
5516.1;- Que contenham pelo menos 85 %, em peso, de fibras artificiais descont nuas:
5516.11.00;-- Crus ou branqueados
5516.12.00;-- Tintos
5516.13.00;-- De fios de diversas cores
5516.14.00;-- Estampados
5516.2;- Que contenham menos de 85 %, em peso, de fibras artificiais descont nuas, combinadas, principal ou unicamente, com filamentos sint ticos ou artificiais:
5516.21.00;-- Crus ou branqueados
5516.22.00;-- Tintos
5516.23.00;-- De fios de diversas cores
5516.24.00;-- Estampados
5516.3;- Que contenham menos de 85 %, em peso, de fibras artificiais descont nuas, combinadas, principal ou unicamente, com l  ou pelos finos:
5516.31.00;-- Crus ou branqueados
5516.32.00;-- Tintos
5516.33.00;-- De fios de diversas cores
5516.34.00;-- Estampados
5516.4;- Que contenham menos de 85 %, em peso, de fibras artificiais descont nuas, combinadas, principal ou unicamente, com algod o:
5516.41.00;-- Crus ou branqueados
5516.42.00;-- Tintos
5516.43.00;-- De fios de diversas cores
5516.44.00;-- Estampados
5516.9;- Outros:
5516.91.00;-- Crus ou branqueados
5516.92.00;-- Tintos
5516.93.00;-- De fios de diversas cores
5516.94.00;-- Estampados
56;"Pastas (ouates), feltros e falsos tecidos (tecidos n o tecidos); fios especiais; cord is, cordas e cabos; artigos de cordoaria."
56.01;"Pastas (ouates) de mat rias t xteis e artigos destas pastas (ouates); fibras t xteis de comprimento n o superior a 5 mm (tontisses), n s e bolotas (borbotos*) de mat rias t xteis."
5601.2;- Pastas (ouates) de mat rias t xteis e artigos destas pastas (ouates):
5601.21;-- De algod o
5601.21.10;Pastas (ouates)
5601.21.90;Outros artigos de pastas (ouates)
5601.22;-- De fibras sint ticas ou artificiais
5601.22.1;Pastas (ouates)
5601.22.11;De aramidas
5601.22.19;Outras
5601.22.9;Outros artigos de pastas ( ouates)
5601.22.91;Cilindros para filtros de cigarros
5601.22.99;Outros
5601.29.00;-- Outros
5601.30;- Tontisses, n s e bolotas (borbotos*) de mat rias t xteis
5601.30.10;De aramidas
5601.30.90;Outros
56.02;Feltros, mesmo impregnados, revestidos, recobertos ou estratificados.
5602.10.00;- Feltros agulhados e artigos obtidos por costura por entrela amento (cousus-tricot s)
5602.2;- Outros feltros, n o impregnados, nem revestidos, nem recobertos, nem estratificados:
5602.21.00;-- De l  ou de pelos finos
5602.29.00;-- De outras mat rias t xteis
5602.90.00;- Outros
56.03;Falsos tecidos (tecidos n o tecidos), mesmo impregnados, revestidos, recobertos ou estratificados.
5603.1;- De filamentos sint ticos ou artificiais:
5603.11;-- De peso n o superior a 25 g/m2
5603.11.10;De aramidas
5603.11.20;De poli ster
5603.11.30;De polipropileno
5603.11.40;De raiom viscose
5603.11.90;Outros
5603.12;-- De peso superior a 25 g/m2, mas n o superior a 70 g/m2
5603.12.10;De polietileno de alta densidade
5603.12.20;De aramidas
5603.12.30;De poli ster
5603.12.40;De polipropileno
5603.12.50;De raiom viscose
5603.12.90;Outros
5603.13;-- De peso superior a 70 g/m2, mas n o superior a 150 g/m2
5603.13.10;De polietileno de alta densidade
5603.13.20;De aramidas
5603.13.30;De poli ster
5603.13.40;De polipropileno
5603.13.50;De raiom viscose
5603.13.90;Outros
5603.14;-- De peso superior a 150 g/m2
5603.14.10;De aramidas
5603.14.20;De poli ster
5603.14.30;De polipropileno
5603.14.40;De raiom viscose
5603.14.90;Outros
5603.9;- Outros:
5603.91;-- De peso n o superior a 25 g/m2
5603.91.10;De poli ster
5603.91.20;De polipropileno
5603.91.30;De raiom viscose
5603.91.90;Outros
5603.92;-- De peso superior a 25 g/m2, mas n o superior a 70 g/m2
5603.92.10;De polietileno de alta densidade
5603.92.20;De poli ster
5603.92.30;De polipropileno
5603.92.40;De raiom viscose
5603.92.90;Outros
5603.93;-- De peso superior a 70 g/m2, mas n o superior a 150 g/m2
5603.93.10;De polietileno de alta densidade
5603.93.20;De poli ster
5603.93.30;De polipropileno
5603.93.40;De raiom viscose
5603.93.90;Outros
5603.94;-- De peso superior a 150 g/m2
5603.94.10;De poli ster
5603.94.20;De polipropileno
5603.94.30;De raiom viscose
5603.94.90;Outros
56.04;"Fios e cordas, de borracha, recobertos de t xteis; fios t xteis, l minas e formas semelhantes das posi  es 54.04 ou 54.05, impregnados, revestidos, recobertos ou embainhados de borracha ou de pl stico."
5604.10.00;- Fios e cordas, de borracha, recobertos de t xteis
5604.90;- Outros
5604.90.10;Imita  es de categute constitu das por fios de seda
5604.90.2;Fios de alta tenacidade, de poli steres, n ilon ou de outras poliamidas, ou de raiom viscose, impregnados ou revestidos
5604.90.21;Com borracha
5604.90.22;Com pl stico
5604.90.90;Outros
5605.00;Fios met licos e fios metalizados, mesmo revestidos por enrolamento, constitu dos por fios t xteis, l minas ou formas semelhantes das posi  es 54.04 ou 54.05, combinados com metal sob a forma de fios, de l minas ou de p s, ou recobertos de metal.
5605.00.10;Com metais preciosos
5605.00.20;Revestidos por enrolamento, exceto com metais preciosos
5605.00.90;Outros
5606.00.00;"Fios revestidos por enrolamento, l minas e formas semelhantes das posi  es 54.04 ou 54.05, revestidas por enrolamento, exceto os da posi  o 56.05 e os fios de crina revestidos por enrolamento; fios de froco (chenille); fios denominados ""de cadeia"" (cha nette)."
56.07;Cord is, cordas e cabos, entran ados ou n o, mesmo impregnados, revestidos, recobertos ou embainhados de borracha ou de pl stico.
5607.2;- De sisal ou de outras fibras t xteis do g nero Agave:
5607.21.00;-- Cord is para atadeiras ou enfardadeiras
5607.29.00;-- Outros
5607.4;- De polietileno ou de polipropileno:
5607.41.00;-- Cord is para atadeiras ou enfardadeiras
5607.49.00;-- Outros
5607.50;- De outras fibras sint ticas
5607.50.1;De poliamidas
5607.50.11;De n ilon
5607.50.19;Outros
5607.50.90;Outros
5607.90;- Outros
5607.90.10;De algod o
5607.90.20;De juta, inferior ao n mero m trico 0,75 por fio simples
5607.90.90;Outros
56.08;"Redes de malhas com n s, em panos ou em pe a, obtidas a partir de cord is, cordas ou cabos; redes confeccionadas para a pesca e outras redes confeccionadas, de mat rias t xteis."
5608.1;- De mat rias t xteis sint ticas ou artificiais:
5608.11.00;-- Redes confeccionadas para a pesca
5608.19.00;-- Outras
5608.90.00;- Outras
5609.00;Artigos de fios, l minas ou formas semelhantes das posi  es 54.04 ou 54.05, cord is, cordas ou cabos, n o especificados nem compreendidos noutras posi  es.
5609.00.10;De algod o
5609.00.90;Outros
57;Tapetes e outros revestimentos para pisos (pavimentos), de mat rias t xteis.
57.01;Tapetes de mat rias t xteis, de pontos nodados ou enrolados, mesmo confeccionados.
5701.10;- De l  ou de pelos finos
5701.10.1;De l 
5701.10.11;Feitos   m o
5701.10.12;Feitos a m quina
5701.10.20;De pelos finos
5701.90.00;- De outras mat rias t xteis
57.02;Tapetes e outros revestimentos para pisos (pavimentos), de mat rias t xteis, tecidos, n o tufados nem flocados, mesmo confeccionados, incluindo os tapetes denominados Kelim ou Kilim, Schumacks ou Soumak, Karamanie e tapetes semelhantes tecidos   m o.
5702.10.00;- Tapetes denominados Kelim ou Kilim, Schumacks ou Soumak, Karamanie e tapetes semelhantes tecidos   m o
5702.20.00;- Revestimentos para pisos (pavimentos), de cairo (fibra de coco)
5702.3;- Outros, aveludados, n o confeccionados:
5702.31.00;-- De l  ou de pelos finos
5702.32.00;-- De mat rias t xteis sint ticas ou artificiais
5702.39.00;-- De outras mat rias t xteis
5702.4;- Outros, aveludados, confeccionados:
5702.41.00;-- De l  ou de pelos finos
5702.42.00;-- De mat rias t xteis sint ticas ou artificiais
5702.49.00;-- De outras mat rias t xteis
5702.50;- Outros, n o aveludados, n o confeccionados
5702.50.10;De l  ou de pelos finos
5702.50.20;De mat rias t xteis sint ticas ou artificiais
5702.50.90;Outros
5702.9;- Outros, n o aveludados, confeccionados:
5702.91.00;-- De l  ou de pelos finos
5702.92.00;-- De mat rias t xteis sint ticas ou artificiais
5702.99.00;-- De outras mat rias t xteis
57.03;Tapetes e outros revestimentos para pisos (pavimentos), de mat rias t xteis (incluindo a grama (relva)), tufados, mesmo confeccionados.
5703.10.00;- De l  ou de pelos finos
5703.2;- De n ilon ou de outras poliamidas:
5703.21.00;-- Grama (relva)
5703.29.00;-- Outros
5703.3;- De outras mat rias t xteis sint ticas ou de mat rias t xteis artificiais:
5703.31.00;-- Grama (relva)
5703.39.00;-- Outros
5703.90.00;- De outras mat rias t xteis
57.04;Tapetes e outros revestimentos para pisos (pavimentos), de feltro, exceto os tufados e os flocados, mesmo confeccionados.
5704.10.00;"- ""Ladrilhos"" de  rea da superf cie n o superior a 0,3 m2"
5704.20.00;"- ""Ladrilhos"" de  rea da superf cie superior a 0,3 m2, mas n o superior a 1 m2"
5704.90.00;- Outros
5705.00.00;Outros tapetes e revestimentos para pisos (pavimentos), de mat rias t xteis, mesmo confeccionados.
58;"Tecidos especiais; tecidos tufados; rendas; tape arias; passamanarias; bordados."
58.01;Veludos e pel cias tecidos e tecidos de froco (chenille), exceto os artigos das posi  es 58.02 ou 58.06.
5801.10.00;- De l  ou de pelos finos
5801.2;- De algod o:
5801.21.00;-- Veludos e pel cias obtidos por trama, n o cortados
5801.22.00;-- Veludos e pel cias obtidos por trama, cortados, canelados (c tel s)
5801.23.00;-- Outros veludos e pel cias obtidos por trama
5801.26.00;-- Tecidos de froco (chenille)
5801.27.00;-- Veludos e pel cias obtidos por urdidura
5801.3;- De fibras sint ticas ou artificiais:
5801.31.00;-- Veludos e pel cias obtidos por trama, n o cortados
5801.32.00;-- Veludos e pel cias obtidos por trama, cortados, canelados (c tel s)
5801.33.00;-- Outros veludos e pel cias obtidos por trama
5801.36.00;-- Tecidos de froco (chenille)
5801.37.00;-- Veludos e pel cias obtidos por urdidura
5801.90.00;- De outras mat rias t xteis
58.02;"Tecidos atoalhados (turcos), exceto os artigos da posi  o 58.06; tecidos tufados, exceto os artigos da posi  o 57.03."
5802.10.00;- Tecidos atoalhados (turcos), de algod o
5802.20.00;- Tecidos atoalhados (turcos), de outras mat rias t xteis
5802.30.00;- Tecidos tufados
5803.00;Tecidos em ponto de gaze, exceto os artigos da posi  o 58.06.
5803.00.10;De algod o
5803.00.90;Outros
58.04;"Tules, fil  e tecidos de malhas com n s; rendas em pe a, em tiras ou em motivos, para aplicar, exceto os produtos das posi  es 60.02 a 60.06."
5804.10;- Tules, fil  e tecidos de malhas com n s
5804.10.10;De algod o
5804.10.90;Outros
5804.2;- Rendas de fabrica  o mec nica:
5804.21.00;-- De fibras sint ticas ou artificiais
5804.29;-- De outras mat rias t xteis
5804.29.10;De algod o
5804.29.90;Outras
5804.30;- Rendas de fabrica  o manual
5804.30.10;De algod o
5804.30.90;Outras
5805.00;Tape arias tecidas   m o (g nero gobelino, flandres, aubusson, beauvais e semelhantes) e tape arias feitas   agulha (por exemplo, em petit point, ponto de cruz), mesmo confeccionadas.
5805.00.10;De algod o
5805.00.20;De fibras sint ticas ou artificiais
5805.00.90;De outras mat rias t xteis
58.06;"Fitas, exceto os artigos da posi  o 58.07; fitas sem trama, de fios ou fibras paralelizados e colados (bolducs)."
5806.10.00;- Fitas de veludo, de pel cias, de tecidos de froco (chenille) ou de tecidos atoalhados (turcos)
5806.20.00;- Outras fitas que contenham, em peso, 5 % ou mais de fios de elast meros ou de fios de borracha
5806.3;- Outras fitas:
5806.31.00;-- De algod o
5806.32.00;-- De fibras sint ticas ou artificiais
5806.39.00;-- De outras mat rias t xteis
5806.40.00;- Fitas sem trama, de fios ou fibras paralelizados e colados (bolducs)
58.07;Etiquetas, emblemas e artigos semelhantes de mat rias t xteis, em pe a, em fitas ou recortados em forma pr pria, n o bordados.
5807.10.00;- Tecidos
5807.90.00;- Outros
58.08;"Tran as em pe a; artigos de passamanaria e artigos ornamentais an logos, em pe a, n o bordados, exceto de malha; borlas, pompons e artigos semelhantes."
5808.10.00;- Tran as em pe a
5808.90.00;- Outros
5809.00.00;Tecidos de fios de metal e tecidos de fios met licos ou de fios t xteis metalizados da posi  o 56.05, do tipo utilizado em vestu rio, para guarni  o de interiores ou usos semelhantes, n o especificados nem compreendidos noutras posi  es.
58.10;Bordados em pe a, em tiras ou em motivos.
5810.10.00;- Bordados qu micos ou a reos e bordados com fundo recortado
5810.9;- Outros bordados:
5810.91.00;-- De algod o
5810.92.00;-- De fibras sint ticas ou artificiais
5810.99.00;-- De outras mat rias t xteis
5811.00.00;Artigos t xteis acolchoados em pe a, constitu dos por uma ou mais camadas de mat rias t xteis associadas a uma mat ria de enchimento ou estofamento, acolchoados por qualquer processo, exceto os bordados da posi  o 58.10.
59;"Tecidos impregnados, revestidos, recobertos ou estratificados; artigos para usos t cnicos de mat rias t xteis."
59.01;"Tecidos revestidos de cola ou de mat rias amil ceas, do tipo utilizado na encaderna  o, cartonagem ou usos semelhantes; telas para decalque e telas transparentes para desenho; telas preparadas para pintura; entretelas e tecidos r gidos semelhantes, do tipo utilizado em chap us e artigos de uso semelhante."
5901.10.00;- Tecidos revestidos de cola ou de mat rias amil ceas, do tipo utilizado na encaderna  o, cartonagem ou usos semelhantes
5901.90.00;- Outros
59.02;Telas para pneum ticos fabricadas com fios de alta tenacidade de n ilon ou de outras poliamidas, de poli steres ou de raiom viscose.
5902.10;- De n ilon ou de outras poliamidas
5902.10.10;Impregnadas, recobertas ou revestidas com borracha
5902.10.90;Outras
5902.20.00;- De poli steres
5902.90.00;- Outras
59.03;Tecidos impregnados, revestidos, recobertos ou estratificados, com pl stico, exceto os da posi  o 59.02.
5903.10.00;- Com poli(cloreto de vinila)
5903.20.00;- Com poliuretano
5903.90;- Outros
5903.90.10;De fios de poli ster, impregnados com uma ou mais resinas sint ticas, percept veis ou n o   vista desarmada, e recobertos com uma ou mais resinas sint ticas percept veis   vista desarmada numa de suas faces, do tipo utilizado como suporte para fabrica  o de abrasivos (lixas), em rolos
5903.90.90;Outros
59.04;"Lin leos, mesmo recortados; revestimentos para pisos (pavimentos) constitu dos por um revestimento ou recobrimento aplicado sobre suporte t xtil, mesmo recortados."
5904.10.00;- Lin leos
5904.90.00;- Outros
5905.00.00;Revestimentos para paredes, de mat rias t xteis.
59.06;Tecidos com borracha, exceto os da posi  o 59.02.
5906.10.00;- Fitas adesivas de largura n o superior a 20 cm
5906.9;- Outros:
5906.91.00;-- De malha
5906.99.00;-- Outros
5907.00.00;"Outros tecidos impregnados, revestidos ou recobertos; telas pintadas para cen rios teatrais, para fundos de est dio ou para usos semelhantes."
5908.00.00;"Mechas de mat rias t xteis, tecidas, entran adas ou tricotadas, para candeeiros, fogareiros, isqueiros, velas e semelhantes; camisas de incandesc ncia e tecidos tubulares tricotados para a sua fabrica  o, mesmo impregnados."
5909.00.00;Mangueiras e tubos semelhantes, de mat rias t xteis, mesmo com refor o ou acess rios de outras mat rias.
5910.00.00;Correias transportadoras ou de transmiss o, de mat rias t xteis, mesmo impregnadas, revestidas ou recobertas, de pl stico, ou estratificadas com pl stico ou refor adas com metal ou com outras mat rias.
59.11;Produtos e artigos, de mat rias t xteis, para usos t cnicos, indicados na Nota 8 do presente Cap tulo.
5911.10.00;- Tecidos, feltros e tecidos forrados de feltro, combinados com uma ou mais camadas de borracha, couro ou de outras mat rias, do tipo utilizado na fabrica  o de guarni  es de cardas, e produtos an logos para outros usos t cnicos, incluindo as fitas de veludo, impregnadas de borracha, para recobrimento de cilindros de teares
5911.20;- Gazes e telas para peneirar, mesmo confeccionadas
5911.20.10;De mat ria t xtil sint tica ou artificial, em pe a
5911.20.90;Outras
5911.3;- Tecidos e feltros, sem fim ou com dispositivos de uni o, do tipo utilizado nas m quinas para fabrica  o de papel ou m quinas semelhantes (por exemplo, para pasta ou fibrocimento):
5911.31.00;-- De peso inferior a 650 g/m2
5911.32.00;-- De peso igual ou superior a 650 g/m2
5911.40.00;- Tecidos filtrantes e tecidos espessos, do tipo utilizado em prensas de  leo ou outros usos t cnicos an logos, incluindo os de cabelo
5911.90.00;- Outros
60;Tecidos de malha.
60.01;"Veludos e pel cias (incluindo os tecidos denominados de ""felpa longa"" ou ""pelo comprido"") e tecidos de an is, de malha."
6001.10;"- Tecidos denominados de ""felpa longa"" ou ""pelo comprido"""
6001.10.10;De algod o
6001.10.20;De fibras sint ticas ou artificiais
6001.10.90;De outras mat rias t xteis
6001.2;- Tecidos de an is:
6001.21.00;-- De algod o
6001.22.00;-- De fibras sint ticas ou artificiais
6001.29.00;-- De outras mat rias t xteis
6001.9;- Outros:
6001.91.00;-- De algod o
6001.92.00;-- De fibras sint ticas ou artificiais
6001.99.00;-- De outras mat rias t xteis
60.02;Tecidos de malha de largura n o superior a 30 cm, que contenham, em peso, 5 % ou mais de fios de elast meros ou de fios de borracha, exceto os da posi  o 60.01.
6002.40;- Que contenham, em peso, 5 % ou mais de fios de elast meros, mas que n o contenham fios de borracha
6002.40.10;De algod o
6002.40.20;De fibras sint ticas ou artificiais
6002.40.90;De outras mat rias t xteis
6002.90;- Outros
6002.90.10;De algod o
6002.90.20;De fibras sint ticas ou artificiais
6002.90.90;De outras mat rias t xteis
60.03;Tecidos de malha de largura n o superior a 30 cm, exceto os das posi  es 60.01 e 60.02.
6003.10.00;- De l  ou de pelos finos
6003.20.00;- De algod o
6003.30.00;- De fibras sint ticas
6003.40.00;- De fibras artificiais
6003.90.00;- Outros
60.04;Tecidos de malha de largura superior a 30 cm, que contenham, em peso, 5 % ou mais de fios de elast meros ou de fios de borracha, exceto os da posi  o 60.01.
6004.10;- Que contenham, em peso, 5 % ou mais de fios de elast meros, mas que n o contenham fios de borracha
6004.10.1;De algod o
6004.10.11;Crus ou branqueados
6004.10.12;Tintos
6004.10.13;De fios de diversas cores
6004.10.14;Estampados
6004.10.3;De fibras sint ticas
6004.10.31;Crus ou branqueados
6004.10.32;Tintos
6004.10.33;De fios de diversas cores
6004.10.34;Estampados
6004.10.4;De fibras artificiais
6004.10.41;Crus ou branqueados
6004.10.42;Tintos
6004.10.43;De fios de diversas cores
6004.10.44;Estampados
6004.10.9;De outras mat rias t xteis
6004.10.91;Crus ou branqueados
6004.10.92;Tintos
6004.10.93;De fios de diversas cores
6004.10.94;Estampados
6004.90;- Outros
6004.90.10;De algod o
6004.90.30;De fibras sint ticas
6004.90.40;De fibras artificiais
6004.90.90;De outras mat rias t xteis
60.05;Tecidos de malha-urdidura (incluindo os fabricados em teares para gal es), exceto os das posi  es 60.01 a 60.04.
6005.2;- De algod o:
6005.21.00;-- Crus ou branqueados
6005.22.00;-- Tintos
6005.23.00;-- De fios de diversas cores
6005.24.00;-- Estampados
6005.3;- De fibras sint ticas:
6005.35.00;-- Tecidos mencionados na Nota de subposi  o 1 do presente Cap tulo
6005.36.00;-- Outros, crus ou branqueados
6005.37.00;-- Outros, tintos
6005.38.00;-- Outros, de fios de diversas cores
6005.39.00;-- Outros, estampados
6005.4;- De fibras artificiais:
6005.41.00;-- Crus ou branqueados
6005.42.00;-- Tintos
6005.43.00;-- De fios de diversas cores
6005.44.00;-- Estampados
6005.90;- Outros
6005.90.10;De l  ou de pelos finos
6005.90.90;Outros
60.06;Outros tecidos de malha.
6006.10.00;- De l  ou de pelos finos
6006.2;- De algod o:
6006.21.00;-- Crus ou branqueados
6006.22.00;-- Tintos
6006.23.00;-- De fios de diversas cores
6006.24.00;-- Estampados
6006.3;- De fibras sint ticas:
6006.31;-- Crus ou branqueados
6006.31.10;De n ilon ou de outras poliamidas
6006.31.20;De poli steres
6006.31.30;Acr licos ou modacr licos
6006.31.90;Outros
6006.32;-- Tintos
6006.32.10;De n ilon ou de outras poliamidas
6006.32.20;De poli steres
6006.32.30;Acr licos ou modacr licos
6006.32.90;Outros
6006.33;-- De fios de diversas cores
6006.33.10;De n ilon ou de outras poliamidas
6006.33.20;De poli steres
6006.33.30;Acr licos ou modacr licos
6006.33.90;Outros
6006.34;-- Estampados
6006.34.10;De n ilon ou de outras poliamidas
6006.34.20;De poli steres
6006.34.30;Acr licos ou modacr licos
6006.34.90;Outros
6006.4;- De fibras artificiais:
6006.41.00;-- Crus ou branqueados
6006.42.00;-- Tintos
6006.43.00;-- De fios de diversas cores
6006.44.00;-- Estampados
6006.90.00;- Outros
61;Vestu rio e seus acess rios, de malha.
61.01;Sobretudos, japonas, gab es, capas, anoraques, casacos (blus es*) e semelhantes, de malha, de uso masculino, exceto os artigos da posi  o 61.03.
6101.20.00;- De algod o
6101.30.00;- De fibras sint ticas ou artificiais
6101.90;- De outras mat rias t xteis
6101.90.10;De l  ou de pelos finos
6101.90.90;Outros
61.02;Mant s (Casacos compridos*), capas, anoraques, casacos (blus es*) e semelhantes, de malha, de uso feminino, exceto os artigos da posi  o 61.04.
6102.10.00;- De l  ou de pelos finos
6102.20.00;- De algod o
6102.30.00;- De fibras sint ticas ou artificiais
6102.90.00;- De outras mat rias t xteis
61.03;Ternos (Fatos*), conjuntos, palet s (casacos*), cal as, jardineiras, bermudas e shorts (cal  es) (exceto de banho), de malha, de uso masculino.
6103.10;- Ternos (Fatos*)
6103.10.10;De l  ou de pelos finos
6103.10.20;De fibras sint ticas
6103.10.90;De outras mat rias t xteis
6103.2;- Conjuntos:
6103.22.00;-- De algod o
6103.23.00;-- De fibras sint ticas
6103.29;-- De outras mat rias t xteis
6103.29.10;De l  ou de pelos finos
6103.29.90;Outros
6103.3;- Palet s (Casacos*):
6103.31.00;-- De l  ou de pelos finos
6103.32.00;-- De algod o
6103.33.00;-- De fibras sint ticas
6103.39.00;-- De outras mat rias t xteis
6103.4;- Cal as, jardineiras, bermudas e shorts (cal  es):
6103.41.00;-- De l  ou de pelos finos
6103.42.00;-- De algod o
6103.43.00;-- De fibras sint ticas
6103.49.00;-- De outras mat rias t xteis
61.04;Tailleurs (Fatos de saia-casaco*), conjuntos, blazers (casacos*), vestidos, saias, saias-cal as, cal as, jardineiras, bermudas e shorts (cal  es) (exceto de banho), de malha, de uso feminino.
6104.1;- Tailleurs (Fatos de saia-casaco*):
6104.13.00;-- De fibras sint ticas
6104.19;-- De outras mat rias t xteis
6104.19.10;De l  ou de pelos finos
6104.19.20;De algod o
6104.19.90;De outras mat rias t xteis
6104.2;- Conjuntos:
6104.22.00;-- De algod o
6104.23.00;-- De fibras sint ticas
6104.29;-- De outras mat rias t xteis
6104.29.10;De l  ou de pelos finos
6104.29.90;Outros
6104.3;- Blazers (Casacos*):
6104.31.00;-- De l  ou de pelos finos
6104.32.00;-- De algod o
6104.33.00;-- De fibras sint ticas
6104.39.00;-- De outras mat rias t xteis
6104.4;- Vestidos:
6104.41.00;-- De l  ou de pelos finos
6104.42.00;-- De algod o
6104.43.00;-- De fibras sint ticas
6104.44.00;-- De fibras artificiais
6104.49.00;-- De outras mat rias t xteis
6104.5;- Saias e saias-cal as:
6104.51.00;-- De l  ou de pelos finos
6104.52.00;-- De algod o
6104.53.00;-- De fibras sint ticas
6104.59.00;-- De outras mat rias t xteis
6104.6;- Cal as, jardineiras, bermudas e shorts (cal  es):
6104.61.00;-- De l  ou de pelos finos
6104.62.00;-- De algod o
6104.63.00;-- De fibras sint ticas
6104.69.00;-- De outras mat rias t xteis
61.05;Camisas de malha, de uso masculino.
6105.10.00;- De algod o
6105.20.00;- De fibras sint ticas ou artificiais
6105.90.00;- De outras mat rias t xteis
61.06;Camisas (Camiseiros*), blusas, blusas chemisiers (blusas-camiseiros*), de malha, de uso feminino.
6106.10.00;- De algod o
6106.20.00;- De fibras sint ticas ou artificiais
6106.90.00;- De outras mat rias t xteis
61.07;Cuecas, ceroulas, camisol es (camisas de noite*), pijamas, roup es de banho, robes e semelhantes, de malha, de uso masculino.
6107.1;- Cuecas e ceroulas:
6107.11.00;-- De algod o
6107.12.00;-- De fibras sint ticas ou artificiais
6107.19.00;-- De outras mat rias t xteis
6107.2;- Camisol es (Camisas de noite*) e pijamas:
6107.21.00;-- De algod o
6107.22.00;-- De fibras sint ticas ou artificiais
6107.29.00;-- De outras mat rias t xteis
6107.9;- Outros:
6107.91.00;-- De algod o
6107.99;-- De outras mat rias t xteis
6107.99.10;De fibras sint ticas ou artificiais
6107.99.90;Outros
61.08;Combina  es, an guas (saiotes), calcinhas, camisolas (camisas de noite*), pijamas, d shabill s, roup es de banho, penhoares (robes de quarto*) e semelhantes, de malha, de uso feminino.
6108.1;- Combina  es e an guas (saiotes):
6108.11.00;-- De fibras sint ticas ou artificiais
6108.19.00;-- De outras mat rias t xteis
6108.2;- Calcinhas:
6108.21.00;-- De algod o
6108.22.00;-- De fibras sint ticas ou artificiais
6108.29.00;-- De outras mat rias t xteis
6108.3;- Camisolas (Camisas de noite*) e pijamas:
6108.31.00;-- De algod o
6108.32.00;-- De fibras sint ticas ou artificiais
6108.39.00;-- De outras mat rias t xteis
6108.9;- Outros:
6108.91.00;-- De algod o
6108.92.00;-- De fibras sint ticas ou artificiais
6108.99.00;-- De outras mat rias t xteis
61.09;Camisetas (T-shirts), camisetas interiores (camisolas interiores*), e artigos semelhantes, de malha.
6109.10.00;- De algod o
6109.90.00;- De outras mat rias t xteis
61.10;Su teres (Camisolas*), pul veres, cardig s, coletes e artigos semelhantes, de malha.
6110.1;- De l  ou de pelos finos:
6110.11.00;-- De l 
6110.12.00;-- De cabra de Caxemira
6110.19.00;-- Outros
6110.20.00;- De algod o
6110.30.00;- De fibras sint ticas ou artificiais
6110.90.00;- De outras mat rias t xteis
61.11;Vestu rio e seus acess rios, de malha, para beb s.
6111.20.00;- De algod o
6111.30.00;- De fibras sint ticas
6111.90;- De outras mat rias t xteis
6111.90.10;De l  ou de pelos finos
6111.90.90;Outros
61.12;Abrigos (Fatos de treino*) para esporte, macac es (fatos-macacos*) e conjuntos, de esqui, mai s (fatos de banho*), biqu nis, shorts (cal  es) e sungas (slips), de banho, de malha.
6112.1;- Abrigos (Fatos de treino*) para esporte:
6112.11.00;-- De algod o
6112.12.00;-- De fibras sint ticas
6112.19.00;-- De outras mat rias t xteis
6112.20.00;- Macac es (Fatos-macacos*) e conjuntos, de esqui
6112.3;- Mai s (Fatos de banho*), shorts (cal  es) e sungas (slips), de banho, de uso masculino:
6112.31.00;-- De fibras sint ticas
6112.39.00;-- De outras mat rias t xteis
6112.4;- Mai s (Fatos de banho*) e biqu nis, de banho, de uso feminino:
6112.41.00;-- De fibras sint ticas
6112.49.00;-- De outras mat rias t xteis
6113.00.00;Vestu rio confeccionado com tecidos de malha das posi  es 59.03, 59.06 ou 59.07.
61.14;Outro vestu rio de malha.
6114.20.00;- De algod o
6114.30.00;- De fibras sint ticas ou artificiais
6114.90;- De outras mat rias t xteis
6114.90.10;De l  ou de pelos finos
6114.90.90;Outros
61.15;Meias-cal as, meias acima do joelho, meias at  o joelho e artigos semelhantes, incluindo as meias-cal as, meias acima do joelho e meias at  o joelho, de compress o degressiva (as meias para varizes, por exemplo), de malha.
6115.10;- Meias-cal as, meias acima do joelho e meias at  o joelho, de compress o degressiva (as meias para varizes, por exemplo)
6115.10.1;Meias-cal as
6115.10.11;De fibras sint ticas, de t tulo inferior a 67 decitex por fio simples
6115.10.12;De fibras sint ticas, de t tulo igual ou superior a 67 decitex por fio simples
6115.10.13;De l  ou de pelos finos
6115.10.14;De algod o
6115.10.19;De outras mat rias t xteis
6115.10.2;Meias acima do joelho e meias at  o joelho, de uso feminino, de t tulo inferior a 67 decitex por fio simples
6115.10.21;De fibras sint ticas ou artificiais
6115.10.22;De algod o
6115.10.29;De outras mat rias t xteis
6115.10.9;Outras
6115.10.91;De l  ou de pelos finos
6115.10.92;De algod o
6115.10.93;De fibras sint ticas
6115.10.99;De outras mat rias t xteis
6115.2;- Outras meias-cal as:
6115.21.00;-- De fibras sint ticas, de t tulo inferior a 67 decitex por fio simples
6115.22.00;-- De fibras sint ticas, de t tulo igual ou superior a 67 decitex por fio simples
6115.29;-- De outras mat rias t xteis
6115.29.10;De l  ou de pelos finos
6115.29.20;De algod o
6115.29.90;Outras
6115.30;- Outras meias acima do joelho e meias at  o joelho, de uso feminino, de t tulo inferior a 67 decitex por fio simples
6115.30.10;De fibras sint ticas ou artificiais
6115.30.20;De algod o
6115.30.90;De outras mat rias t xteis
6115.9;- Outros:
6115.94.00;-- De l  ou de pelos finos
6115.95.00;-- De algod o
6115.96.00;-- De fibras sint ticas
6115.99.00;-- De outras mat rias t xteis
61.16;Luvas, mitenes e semelhantes, de malha.
6116.10.00;- Impregnadas, revestidas, recobertas ou estratificadas, de pl stico ou de borracha
6116.9;- Outras:
6116.91.00;-- De l  ou de pelos finos
6116.92.00;-- De algod o
6116.93.00;-- De fibras sint ticas
6116.99.00;-- De outras mat rias t xteis
61.17;"Outros acess rios de vestu rio, confeccionados, de malha; partes de vestu rio ou de seus acess rios, de malha."
6117.10.00;- Xales, echarpes, len os de pesco o, cachen s, cachec is, mantilhas, v us e semelhantes
6117.80;- Outros acess rios
6117.80.10;Gravatas, gravatas-borboletas e plastrons
6117.80.90;Outros
6117.90.00;- Partes
62;Vestu rio e seus acess rios, exceto de malha.
62.01;Sobretudos, japonas, gab es, capas, anoraques, casacos (blus es*) e semelhantes, de uso masculino, exceto os artigos da posi  o 62.03.
6201.20.00;- De l  ou de pelos finos
6201.30.00;- De algod o
6201.40.00;- De fibras sint ticas ou artificiais
6201.90.00;- De outras mat rias t xteis
62.02;Mant s (Casacos compridos*), capas, anoraques, casacos (blus es*) e semelhantes, de uso feminino, exceto os artigos da posi  o 62.04.
6202.20.00;- De l  ou de pelos finos
6202.30.00;- De algod o
6202.40.00;- De fibras sint ticas ou artificiais
6202.90.00;- De outras mat rias t xteis
62.03;Ternos (Fatos*), conjuntos, palet s (casacos*), cal as, jardineiras, bermudas e shorts (cal  es) (exceto de banho), de uso masculino.
6203.1;- Ternos (Fatos*):
6203.11.00;-- De l  ou de pelos finos
6203.12.00;-- De fibras sint ticas
6203.19.00;-- De outras mat rias t xteis
6203.2;- Conjuntos:
6203.22.00;-- De algod o
6203.23.00;-- De fibras sint ticas
6203.29;-- De outras mat rias t xteis
6203.29.10;De l  ou de pelos finos
6203.29.90;Outros
6203.3;- Palet s (Casacos*):
6203.31.00;-- De l  ou de pelos finos
6203.32.00;-- De algod o
6203.33.00;-- De fibras sint ticas
6203.39.00;-- De outras mat rias t xteis
6203.4;- Cal as, jardineiras, bermudas e shorts (cal  es):
6203.41.00;-- De l  ou de pelos finos
6203.42.00;-- De algod o
6203.43.00;-- De fibras sint ticas
6203.49.00;-- De outras mat rias t xteis
62.04;Tailleurs (Fatos de saia-casaco*), conjuntos, blazers (casacos*), vestidos, saias, saias-cal as, cal as, jardineiras, bermudas e shorts (cal  es) (exceto de banho), de uso feminino.
6204.1;- Tailleurs (Fatos de saia-casaco*):
6204.11.00;-- De l  ou de pelos finos
6204.12.00;-- De algod o
6204.13.00;-- De fibras sint ticas
6204.19.00;-- De outras mat rias t xteis
6204.2;- Conjuntos:
6204.21.00;-- De l  ou de pelos finos
6204.22.00;-- De algod o
6204.23.00;-- De fibras sint ticas
6204.29.00;-- De outras mat rias t xteis
6204.3;- Blazers (Casacos*):
6204.31.00;-- De l  ou de pelos finos
6204.32.00;-- De algod o
6204.33.00;-- De fibras sint ticas
6204.39.00;-- De outras mat rias t xteis
6204.4;- Vestidos:
6204.41.00;-- De l  ou de pelos finos
6204.42.00;-- De algod o
6204.43.00;-- De fibras sint ticas
6204.44.00;-- De fibras artificiais
6204.49.00;-- De outras mat rias t xteis
6204.5;- Saias e saias-cal as:
6204.51.00;-- De l  ou de pelos finos
6204.52.00;-- De algod o
6204.53.00;-- De fibras sint ticas
6204.59.00;-- De outras mat rias t xteis
6204.6;- Cal as, jardineiras, bermudas e shorts (cal  es):
6204.61.00;-- De l  ou de pelos finos
6204.62.00;-- De algod o
6204.63.00;-- De fibras sint ticas
6204.69.00;-- De outras mat rias t xteis
62.05;Camisas de uso masculino.
6205.20.00;- De algod o
6205.30.00;- De fibras sint ticas ou artificiais
6205.90;- De outras mat rias t xteis
6205.90.10;De l  ou de pelos finos
6205.90.90;Outras
62.06;Camisas (Camiseiros*), blusas, blusas chemisiers (blusas-camiseiros*), de uso feminino.
6206.10.00;- De seda ou de desperd cios de seda
6206.20.00;- De l  ou de pelos finos
6206.30.00;- De algod o
6206.40.00;- De fibras sint ticas ou artificiais
6206.90.00;- De outras mat rias t xteis
62.07;Camisetas interiores (Camisolas interiores*), cuecas, ceroulas, camisol es (camisas de noite*), pijamas, roup es de banho, robes, e artigos semelhantes, de uso masculino.
6207.1;- Cuecas e ceroulas:
6207.11.00;-- De algod o
6207.19.00;-- De outras mat rias t xteis
6207.2;- Camisol es (Camisas de noite*) e pijamas:
6207.21.00;-- De algod o
6207.22.00;-- De fibras sint ticas ou artificiais
6207.29.00;-- De outras mat rias t xteis
6207.9;- Outros:
6207.91.00;-- De algod o
6207.99;-- De outras mat rias t xteis
6207.99.10;De fibras sint ticas ou artificiais
6207.99.90;Outros
62.08;Corpetes (Camisolas interiores*), combina  es, an guas (saiotes), calcinhas, camisolas (camisas de noite*), pijamas, d shabill s, roup es de banho, penhoares (robes de quarto*), e artigos semelhantes, de uso feminino.
6208.1;- Combina  es e an guas (saiotes):
6208.11.00;-- De fibras sint ticas ou artificiais
6208.19.00;-- De outras mat rias t xteis
6208.2;- Camisolas (Camisas de noite*) e pijamas:
6208.21.00;-- De algod o
6208.22.00;-- De fibras sint ticas ou artificiais
6208.29.00;-- De outras mat rias t xteis
6208.9;- Outros:
6208.91.00;-- De algod o
6208.92.00;-- De fibras sint ticas ou artificiais
6208.99.00;-- De outras mat rias t xteis
62.09;Vestu rio e seus acess rios, para beb s.
6209.20.00;- De algod o
6209.30.00;- De fibras sint ticas
6209.90;- De outras mat rias t xteis
6209.90.10;De l  ou de pelos finos
6209.90.90;Outras
62.10;Vestu rio confeccionado com as mat rias das posi  es 56.02, 56.03, 59.03, 59.06 ou 59.07.
6210.10.00;- Com as mat rias das posi  es 56.02 ou 56.03
6210.20.00;- Outro vestu rio, do tipo abrangido pela posi  o 62.01
6210.30.00;- Outro vestu rio, do tipo abrangido pela posi  o 62.02
6210.40.00;- Outro vestu rio de uso masculino
6210.50.00;- Outro vestu rio de uso feminino
62.11;"Abrigos (Fatos de treino*) para esporte, macac es (fatos-macacos*) e conjuntos, de esqui, mai s (fatos de banho*), biqu nis, shorts (cal  es) e sungas (slips), de banho; outro vestu rio."
6211.1;- Mai s (Fatos de banho*), biqu nis, shorts (cal  es) e sungas (slips), de banho:
6211.11.00;-- De uso masculino
6211.12.00;-- De uso feminino
6211.20.00;- Macac es (Fatos-macacos*) e conjuntos, de esqui
6211.3;- Outro vestu rio de uso masculino:
6211.32.00;-- De algod o
6211.33.00;-- De fibras sint ticas ou artificiais
6211.39;-- De outras mat rias t xteis
6211.39.10;De l  ou de pelos finos
6211.39.90;Outras
6211.4;- Outro vestu rio de uso feminino:
6211.42.00;-- De algod o
6211.43.00;-- De fibras sint ticas ou artificiais
6211.49.00;-- De outras mat rias t xteis
62.12;Suti s, cintas, espartilhos, suspens rios, ligas e artigos semelhantes, e suas partes, mesmo de malha.
6212.10.00;- Suti s e busti s (suti s de c s alto*)
6212.20.00;- Cintas e cintas-cal as
6212.30.00;- Modeladores de torso inteiro (Cintas-suti s*)
6212.90.00;- Outros
62.13;Len os de assoar e de bolso.
6213.20.00;- De algod o
6213.90;- De outras mat rias t xteis
6213.90.10;De seda ou de desperd cios de seda
6213.90.90;Outros
62.14;Xales, echarpes, len os de pesco o, cachen s, cachec is, mantilhas, v us e artigos semelhantes.
6214.10.00;- De seda ou de desperd cios de seda
6214.20.00;- De l  ou de pelos finos
6214.30.00;- De fibras sint ticas
6214.40.00;- De fibras artificiais
6214.90;- De outras mat rias t xteis
6214.90.10;De algod o
6214.90.90;Outros
62.15;Gravatas, gravatas-borboletas (la os*) e plastr es.
6215.10.00;- De seda ou de desperd cios de seda
6215.20.00;- De fibras sint ticas ou artificiais
6215.90.00;- De outras mat rias t xteis
6216.00.00;Luvas, mitenes e semelhantes.
62.17;"Outros acess rios confeccionados de vestu rio; partes de vestu rio ou dos seus acess rios, exceto as da posi  o 62.12."
6217.10.00;- Acess rios
6217.90.00;- Partes
63;"Outros artigos t xteis confeccionados; sortidos; artigos de mat rias t xteis e artigos de uso semelhante, usados; trapos."
63.01;Cobertores e mantas.
6301.10.00;- Cobertores e mantas, el tricos
6301.20.00;- Cobertores e mantas (exceto os el tricos), de l  ou de pelos finos
6301.30.00;- Cobertores e mantas (exceto os el tricos), de algod o
6301.40.00;- Cobertores e mantas (exceto os el tricos), de fibras sint ticas
6301.90.00;- Outros cobertores e mantas
63.02;Roupa de cama, mesa, toucador ou cozinha.
6302.10.00;- Roupa de cama, de malha
6302.2;- Outra roupa de cama, estampadas:
6302.21.00;-- De algod o
6302.22.00;-- De fibras sint ticas ou artificiais
6302.29.00;-- De outras mat rias t xteis
6302.3;- Outra roupa de cama:
6302.31.00;-- De algod o
6302.32.00;-- De fibras sint ticas ou artificiais
6302.39.00;-- De outras mat rias t xteis
6302.40.00;- Roupa de mesa, de malha
6302.5;- Outra roupa de mesa:
6302.51.00;-- De algod o
6302.53.00;-- De fibras sint ticas ou artificiais
6302.59;-- De outras mat rias t xteis
6302.59.10;De linho
6302.59.90;Outras
6302.60.00;- Roupa de toucador ou de cozinha, de tecidos atoalhados (turcos) de algod o
6302.9;- Outra:
6302.91.00;-- De algod o
6302.93.00;-- De fibras sint ticas ou artificiais
6302.99;-- De outras mat rias t xteis
6302.99.10;De linho
6302.99.90;Outras
63.03;"Cortinados, cortinas, reposteiros e estores; sanefas."
6303.1;- De malha:
6303.12.00;-- De fibras sint ticas
6303.19;-- De outras mat rias t xteis
6303.19.10;De algod o
6303.19.90;Outros
6303.9;- Outros:
6303.91.00;-- De algod o
6303.92.00;-- De fibras sint ticas
6303.99.00;-- De outras mat rias t xteis
63.04;Outros artigos para guarni  o de interiores, exceto os da posi  o 94.04.
6304.1;- Colchas:
6304.11.00;-- De malha
6304.19;-- Outras
6304.19.10;De algod o
6304.19.90;De outras mat rias t xteis
6304.20.00;- Mosquiteiros para camas mencionados na Nota de subposi  o 1 do presente Cap tulo
6304.9;- Outros:
6304.91.00;-- De malha
6304.92.00;-- De algod o, exceto de malha
6304.93.00;-- De fibras sint ticas, exceto de malha
6304.99.00;-- De outras mat rias t xteis, exceto de malha
63.05;Sacos de quaisquer dimens es, para embalagem.
6305.10.00;- De juta ou de outras fibras t xteis liberianas da posi  o 53.03
6305.20.00;- De algod o
6305.3;- De mat rias t xteis sint ticas ou artificiais:
6305.32.00;-- Recipientes flex veis para produtos a granel
6305.33;-- Outros, obtidos a partir de l minas ou formas semelhantes de polietileno ou de polipropileno
6305.33.10;De malha
6305.33.90;Outros
6305.39.00;-- Outros
6305.90.00;- De outras mat rias t xteis
63.06;"Encerados e toldos; tendas (incluindo os gazebos tempor rios e artigos semelhantes); velas para embarca  es, para pranchas   vela ou para carros   vela; artigos para acampamento."
6306.1;- Encerados e toldos:
6306.12.00;-- De fibras sint ticas
6306.19;-- De outras mat rias t xteis
6306.19.10;De algod o
6306.19.90;Outros
6306.2;- Tendas (incluindo os gazebos tempor rios e artigos semelhantes):
6306.22.00;-- De fibras sint ticas
6306.29;-- De outras mat rias t xteis
6306.29.10;De algod o
6306.29.90;Outros
6306.30;- Velas
6306.30.10;De fibras sint ticas
6306.30.90;De outras mat rias t xteis
6306.40;- Colch es pneum ticos
6306.40.10;De algod o
6306.40.90;De outras mat rias t xteis
6306.90.00;- Outros
63.07;Outros artigos confeccionados, incluindo os moldes para vestu rio.
6307.10.00;- Rodilhas, esfreg es, panos de prato ou de cozinha, flanelas e artigos de limpeza semelhantes
6307.20.00;- Cintos e coletes salva-vidas
6307.90;- Outros
6307.90.10;De falso tecido (tecido n o tecido)
6307.90.20;Artigo tubular com tratamento ign fugo, pr prio para sa da de emerg ncia de pessoas, mesmo com seus elementos de montagem
6307.90.90;Outros
6308.00.00;Sortidos constitu dos por cortes de tecido e fios, mesmo com acess rios, para confec  o de tapetes, tape arias, toalhas de mesa ou guardanapos, bordados, ou artigos t xteis semelhantes, em embalagens para venda a retalho.
6309.00;Artigos de mat rias t xteis e artigos de uso semelhante, usados.
6309.00.10;Vestu rio, seus acess rios, e suas partes
6309.00.90;Outros
63.10;Trapos, cord is, cordas e cabos, de mat rias t xteis, em forma de desperd cios ou de artigos inutilizados.
6310.10.00;- Selecionados
6310.90.00;- Outros
64;"Cal ado, polainas e artigos semelhantes; suas partes."
64.01;Cal ado imperme vel de sola exterior e parte superior de borracha ou pl stico, em que a parte superior n o tenha sido reunida   sola exterior por costura ou por meio de rebites, pregos, parafusos, espig es ou dispositivos semelhantes, nem formada por diferentes partes reunidas pelos mesmos processos.
6401.10.00;- Cal ado com biqueira protetora de metal
6401.9;- Outro cal ado:
6401.92.00;-- Cobrindo o tornozelo, mas n o o joelho
6401.99;-- Outro
6401.99.10;Cobrindo o joelho
6401.99.90;Outro
64.02;Outro cal ado com sola exterior e parte superior de borracha ou pl stico.
6402.1;- Cal ado para esporte:
6402.12.00;-- Cal ado para esqui e para surfe de neve
6402.19.00;-- Outro
6402.20.00;- Cal ado com parte superior em tiras ou correias, fixados   sola por pregos, tachas, pinos e semelhantes
6402.9;- Outro cal ado:
6402.91;-- Cobrindo o tornozelo
6402.91.10;Com biqueira protetora de metal
6402.91.90;Outro
6402.99;-- Outro
6402.99.10;Com biqueira protetora de metal
6402.99.90;Outro
64.03;Cal ado com sola exterior de borracha, pl stico, couro natural ou reconstitu do e parte superior de couro natural.
6403.1;- Cal ado para esporte:
6403.12.00;-- Cal ado para esqui e para surfe de neve
6403.19.00;-- Outro
6403.20.00;- Cal ado com sola exterior de couro natural e parte superior constitu da por tiras de couro natural passando pelo peito do p  e envolvendo o dedo grande
6403.40.00;- Outro cal ado, com biqueira protetora de metal
6403.5;- Outro cal ado, com sola exterior de couro natural:
6403.51;-- Cobrindo o tornozelo
6403.51.10;Com sola de madeira e desprovido de palmilha
6403.51.90;Outro
6403.59;-- Outro
6403.59.10;Com sola de madeira e desprovido de palmilha
6403.59.90;Outro
6403.9;- Outro cal ado:
6403.91;-- Cobrindo o tornozelo
6403.91.10;Com sola de madeira e desprovido de palmilha
6403.91.90;Outro
6403.99;-- Outro
6403.99.10;Com sola de madeira e desprovido de palmilha
6403.99.90;Outro
64.04;Cal ado com sola exterior de borracha, pl stico, couro natural ou reconstitu do e parte superior de mat rias t xteis.
6404.1;- Cal ado com sola exterior de borracha ou de pl stico:
6404.11.00;"-- Cal ado para esporte; cal ado para t nis, basquetebol, gin stica, treino e semelhantes"
6404.19.00;-- Outro
6404.20.00;- Cal ado com sola exterior de couro natural ou reconstitu do
64.05;Outro cal ado.
6405.10;- Com parte superior de couro natural ou reconstitu do
6405.10.10;Com sola exterior de borracha ou pl stico e parte superior de couro reconstitu do
6405.10.20;Com sola exterior de couro natural ou reconstitu do e parte superior de couro reconstitu do
6405.10.90;Outro
6405.20.00;- Com parte superior de mat rias t xteis
6405.90.00;- Outro
64.06;"Partes de cal ado (incluindo as partes superiores, mesmo fixadas a solas que n o sejam as solas exteriores); palmilhas, refor os interiores e artigos semelhantes, amov veis; polainas, perneiras e artigos semelhantes, e suas partes."
6406.10.00;- Partes superiores de cal ado e seus componentes, exceto contrafortes e biqueiras r gidas
6406.20.00;- Solas exteriores e saltos, de borracha ou pl stico
6406.90;- Outros
6406.90.10;Solas exteriores e saltos, de couro natural ou reconstitu do
6406.90.20;Palmilhas
6406.90.90;Outros
65;Chap us e artigos de uso semelhante, e suas partes.
6501.00.00;Esbo os n o enformados nem na copa nem na aba, discos e cilindros, mesmo cortados no sentido da altura, de feltro, para chap us.
6502.00;Esbo os de chap us, entran ados ou obtidos por reuni o de tiras de qualquer mat ria, sem copa nem aba enformadas e sem guarni  es.
6502.00.10;De palha fina (manila, panam  e semelhantes)
6502.00.90;Outros
6504.00;Chap us e outros artigos de uso semelhante, entran ados ou obtidos por reuni o de tiras, de qualquer mat ria, mesmo guarnecidos.
6504.00.10;De palha fina (manila, panam  e semelhantes)
6504.00.90;Outros
6505.00;"Chap us e outros artigos de uso semelhante, de malha ou confeccionados com rendas, feltro ou outros produtos t xteis, em pe a (mas n o em tiras), mesmo guarnecidos; coifas e redes, para o cabelo, de qualquer mat ria, mesmo guarnecidas."
6505.00.1;Bon s
6505.00.11;De algod o
6505.00.12;De fibras sint ticas ou artificiais
6505.00.19;De outras mat rias t xteis
6505.00.2;Gorros
6505.00.21;De algod o
6505.00.22;De fibras sint ticas ou artificiais
6505.00.29;De outras mat rias t xteis
6505.00.3;Chap us
6505.00.31;De algod o
6505.00.32;De fibras sint ticas ou artificiais
6505.00.39;De outras mat rias t xteis
6505.00.90;Outros
65.06;Outros chap us e artigos de uso semelhante, mesmo guarnecidos.
6506.10;- Capacetes e artigos de uso semelhante, de prote  o
6506.10.10;Do tipo utilizado por bombeiros, com viseira e protetor facial incorporados
6506.10.90;Outros
6506.9;- Outros:
6506.91.00;-- De borracha ou de pl stico
6506.99.00;-- De outras mat rias
6507.00.00;Carneiras, forros, capas, arma  es, palas e barbicachos (francaletes*), para chap us e artigos de uso semelhante.
66;Guarda-chuvas, sombrinhas, guarda-s is, bengalas, bengalas-assentos, chicotes, pingalins, e suas partes.
66.01;Guarda-chuvas, sombrinhas e guarda-s is (incluindo as bengalas-guarda-chuvas e os guarda-s is de jardim e semelhantes).
6601.10.00;- Guarda-s is de jardim e artigos semelhantes
6601.9;- Outros:
6601.91;-- De haste ou cabo telesc pico
6601.91.10;Cobertos de tecido de seda ou de mat rias t xteis sint ticas ou artificiais
6601.91.90;Outros
6601.99.00;-- Outros
6602.00.00;Bengalas, bengalas-assentos, chicotes, pingalins e artigos semelhantes.
66.03;Partes, guarni  es e acess rios, para os artigos das posi  es 66.01 ou 66.02.
6603.20.00;- Arma  es montadas, mesmo com hastes ou cabos, para guarda-chuvas, sombrinhas ou guarda-s is
6603.90.00;- Outros
67;"Penas e penugem preparadas e suas obras; flores artificiais; obras de cabelo."
6701.00.00;Peles e outras partes de aves, com as suas penas ou penugem, penas, partes de penas, penugem e artigos destas mat rias, exceto os produtos da posi  o 05.05, bem como os c lamos e outros canos de penas, trabalhados.
67.02;"Flores, folhagem e frutos, artificiais, e suas partes; artigos confeccionados com flores, folhagem e frutos, artificiais."
6702.10.00;- De pl stico
6702.90.00;- De outras mat rias
6703.00.00;"Cabelo disposto no mesmo sentido, adelga ado, branqueado ou preparado de outro modo; l , pelos e outras mat rias t xteis, preparados para fabrica  o de perucas ou de artigos semelhantes."
67.04;"Perucas, barbas, sobrancelhas, pestanas, madeixas e artigos semelhantes, de cabelo, pelos ou de mat rias t xteis; outras obras de cabelo n o especificadas nem compreendidas noutras posi  es."
6704.1;- De mat rias t xteis sint ticas:
6704.11.00;-- Perucas completas
6704.19.00;-- Outros
6704.20.00;- De cabelo
6704.90.00;- De outras mat rias
68;Obras de pedra, gesso, cimento, amianto, mica ou de mat rias semelhantes.
6801.00.00;Pedras para calcetar, meios-fios (lancis) e placas (lajes) para pavimenta  o, de pedra natural (exceto a ard sia).
68.02;"Pedras de cantaria ou de constru  o (exceto de ard sia) trabalhadas e obras destas pedras, exceto as da posi  o 68.01; cubos, pastilhas e artigos semelhantes, para mosaicos, de pedra natural (incluindo a ard sia), mesmo com suporte; gr nulos, fragmentos e p s, de pedra natural (incluindo a ard sia), corados artificialmente."
6802.10.00;"- Ladrilhos, cubos, pastilhas e artigos semelhantes, mesmo de forma diferente da quadrada ou retangular, cuja maior superf cie possa ser inscrita num quadrado de lado inferior a 7 cm; gr nulos, fragmentos e p s, corados artificialmente"
6802.2;- Outras pedras de cantaria ou de constru  o e suas obras, simplesmente talhadas ou serradas, de superf cie plana ou lisa:
6802.21.00;-- M rmore, travertino e alabastro
6802.23.00;-- Granito
6802.29.00;-- Outras pedras
6802.9;- Outras:
6802.91.00;-- M rmore, travertino e alabastro
6802.92.00;-- Outras pedras calc rias
6802.93;-- Granito
6802.93.10;Esferas para moinho
6802.93.90;Outros
6802.99;-- Outras pedras
6802.99.10;Esferas para moinho
6802.99.90;Outras
6803.00.00;Ard sia natural trabalhada e obras de ard sia natural ou aglomerada.
68.04;"M s e artigos semelhantes, sem arma  o, para moer, desfibrar, triturar, amolar, polir, retificar ou cortar; pedras para amolar ou para polir, manualmente, e suas partes, de pedras naturais, de abrasivos naturais ou artificiais aglomerados ou de cer mica, mesmo com partes de outras mat rias."
6804.10.00;- M s para moer ou desfibrar
6804.2;- Outras m s e artigos semelhantes:
6804.21;-- De diamante natural ou sint tico, aglomerado
6804.21.1;De di metro inferior a 53,34 cm
6804.21.11;Aglomerados com resina
6804.21.19;Outros
6804.21.90;Outros
6804.22;-- De outros abrasivos aglomerados ou de cer mica
6804.22.1;De di metro inferior a 53,34 cm
6804.22.11;Aglomerados com resina
6804.22.19;Outros
6804.22.90;Outros
6804.23.00;-- De pedras naturais
6804.30.00;- Pedras para amolar ou para polir, manualmente
68.05;Abrasivos naturais ou artificiais, em p  ou em gr os, aplicados sobre mat rias t xteis, papel, cart o ou outras mat rias, mesmo recortados, costurados ou reunidos de outro modo.
6805.10.00;- Aplicados apenas sobre tecidos de mat rias t xteis
6805.20.00;- Aplicados apenas sobre papel ou cart o
6805.30;- Aplicados sobre outras mat rias
6805.30.10;Com suporte de papel ou cart o combinados com mat rias t xteis
6805.30.20;Discos de fibra vulcanizada recobertos com  xido de alum nio ou carboneto de sil cio
6805.30.90;Outros
68.06;"L s de esc rias de altos-fornos, l s de outras esc rias, l  de rocha e l s minerais semelhantes; vermiculita e argilas, expandidas, espuma de esc rias e produtos minerais semelhantes, expandidos; misturas e obras de mat rias minerais para isolamento do calor e do som ou para absor  o do som, exceto as das posi  es 68.11, 68.12 ou do Cap tulo 69."
6806.10.00;- L s de esc rias de altos-fornos, l s de outras esc rias, l  de rocha e l s minerais semelhantes, mesmo misturadas entre si, a granel, em folhas ou em rolos
6806.20.00;- Vermiculita e argilas, expandidas, espuma de esc rias e produtos minerais semelhantes, expandidos, mesmo misturados entre si
6806.90;- Outros
6806.90.10;Aluminosos ou silicoaluminosos
6806.90.90;Outros
68.07;Obras de asfalto ou de produtos semelhantes (por exemplo, breu ou pez).
6807.10.00;- Em rolos
6807.90.00;- Outras
6808.00.00;Pain is, chapas, ladrilhos, blocos e semelhantes, de fibras vegetais, palha ou aparas, part culas, serragem (serradura) ou outros desperd cios de madeira, aglomerados com cimento, gesso ou outros aglutinantes minerais.
68.09;Obras de gesso ou de composi  es   base de gesso.
6809.1;- Chapas, placas, pain is, ladrilhos e semelhantes, n o ornamentados:
6809.11.00;-- Revestidos ou refor ados exclusivamente com papel ou cart o
6809.19.00;-- Outros
6809.90.00;- Outras obras
68.10;Obras de cimento, de concreto (bet o) ou de pedra artificial, mesmo armadas.
6810.1;- Telhas, ladrilhos, placas (lajes), tijolos e artigos semelhantes:
6810.11.00;-- Blocos e tijolos para a constru  o
6810.19.00;-- Outros
6810.9;- Outras obras:
6810.91.00;-- Elementos pr -fabricados para a constru  o ou engenharia civil
6810.99.00;-- Outras
68.11;Obras de fibrocimento, cimento-celulose ou produtos semelhantes.
6811.40.00;- Que contenham amianto
6811.8;- Que n o contenham amianto:
6811.81.00;-- Placas onduladas
6811.82.00;-- Outras placas, pain is, ladrilhos, telhas e artigos semelhantes
6811.89.00;-- Outras obras
68.12;"Amianto trabalhado, em fibras; misturas   base de amianto ou   base de amianto e carbonato de magn sio; obras destas misturas ou de amianto (por exemplo, fios, tecidos, vestu rio, chap us e artigos de uso semelhante, cal ado, juntas), mesmo armadas, exceto as das posi  es 68.11 ou 68.13."
6812.80.00;- De crocidolita
6812.9;- Outros:
6812.91.00;-- Vestu rio, acess rios de vestu rio, cal ado e chap us
6812.99;-- Outros
6812.99.10;Juntas e outros elementos com fun  o semelhante de veda  o
6812.99.20;Amianto trabalhado, em fibras
6812.99.30;Misturas   base de amianto ou   base de amianto e carbonato de magn sio
6812.99.90;Outras
68.13;Guarni  es de fric  o (por exemplo, placas, rolos, tiras, segmentos, discos, an is, pastilhas), n o montadas, para freios (trav es), embreagens ou qualquer outro mecanismo de fric  o,   base de amianto, de outras subst ncias minerais ou de celulose, mesmo combinadas com t xteis ou outras mat rias.
6813.20.00;- Que contenham amianto
6813.8;- Que n o contenham amianto:
6813.81;-- Guarni  es para freios (trav es)
6813.81.10;Pastilhas
6813.81.90;Outras
6813.89;-- Outras
6813.89.10;Disco de fric  o para embreagens
6813.89.90;Outras
68.14;Mica trabalhada e obras de mica, incluindo a mica aglomerada ou reconstitu da, mesmo com suporte de papel, de cart o ou de outras mat rias.
6814.10.00;- Placas, folhas ou tiras, de mica aglomerada ou reconstitu da, mesmo com suporte
6814.90.00;- Outras
68.15;Obras de pedra ou de outras mat rias minerais (incluindo as fibras de carbono, as obras destas mat rias e as de turfa), n o especificadas nem compreendidas noutras posi  es.
6815.1;"- Fibras de carbono; obras de fibras de carbono para usos n o el tricos; outras obras de grafita ou de outros carbonos, para usos n o el tricos:"
6815.11.00;-- Fibras de carbono
6815.12.00;-- T xteis de fibras de carbono
6815.13.00;-- Outras obras de fibras de carbono
6815.19.00;-- Outras
6815.20.00;- Obras de turfa
6815.9;- Outras obras:
6815.91;-- Que contenham magnesita, magn sia sob a forma de pericl sio, dolomita incluindo sob a forma de cal dolom tica, ou cromita
6815.91.10;Crus, aglomerados com aglutinante qu mico
6815.91.90;Outras
6815.99;-- Outras
6815.99.1;Eletrofundidas
6815.99.11;Com um teor de alumina (Al2O3), igual ou superior a 90 %, em peso
6815.99.12;Com um teor de silica (SiO2) igual ou superior a 90 %, em peso
6815.99.13;Com um teor, em peso, de  xido de zirc nio (ZrO2) igual ou superior a 50 % mesmo com um conte do de alumina inferior a 45 %
6815.99.14;Constitu das por uma mistura ou combina  o de alumina (Al2O3), silica (SiO2) e  xido de zirc nio (ZrO2), com um teor, em peso, de alumina igual ou superior a 45 %, mas inferior a 90 % ou com um conte do, em peso, de  xido de zirc nio (ZrO2) igual ou superior a 20 %, mas inferior a 50 %
6815.99.19;Outras
6815.99.90;Outras
69;Produtos cer micos.
6901.00.00;Tijolos, placas (lajes), ladrilhos e outras pe as cer micas de farinhas siliciosas f sseis (por exemplo, kieselguhr, tripolita, diatomita) ou de terras siliciosas semelhantes.
69.02;Tijolos, placas (lajes), ladrilhos e pe as cer micas semelhantes, para constru  o, refrat rios, que n o sejam de farinhas siliciosas f sseis nem de terras siliciosas semelhantes.
6902.10;- Que contenham, em peso, mais de 50 % dos elementos Mg, Ca ou Cr, tomados isoladamente ou em conjunto, expressos em MgO, CaO ou Cr2O3
6902.10.1;Magnesianos ou   base de  xido de cromo
6902.10.11;Tijolos ou placas, que contenham, em peso, mais de 90 % de tri xido de dicromo
6902.10.18;Outros tijolos
6902.10.19;Outros
6902.10.90;Outros
6902.20;- Que contenham, em peso, mais de 50 % de alumina (Al2O3), de s lica (SiO2) ou de uma mistura ou combina  o destes produtos
6902.20.10;Tijolos s lico-aluminosos
6902.20.9;Outros
6902.20.91;S lico-aluminosos
6902.20.92;Silicoso, semi-silicoso ou de s lica
6902.20.93;De silimanita
6902.20.99;Outros
6902.90;- Outros
6902.90.10;De grafita
6902.90.20;N o fundidos, com um teor de  xido de zirc nio (ZrO2) superior a 25 %, em peso
6902.90.30;Com um teor de carbono superior a 85 %, em peso, e di metro m dio de poro inferior ou igual a 5 micr metros (m crons), do tipo utilizado em altos-fornos
6902.90.40;De carboneto de sil cio
6902.90.90;Outros
69.03;"Outros produtos cer micos refrat rios (por exemplo, retortas, cadinhos, muflas, bocais, tamp es, suportes, copelas, tubos, mangas, varetas, ""portas"" deslizantes (slide gates)) que n o sejam de farinhas siliciosas f sseis nem de terras siliciosas semelhantes."
6903.10;- Que contenham, em peso, mais de 50 % de carbono livre
6903.10.1;Cadinhos
6903.10.11;De grafita, exceto os do subitem 6903.10.12
6903.10.12;Elaborados com uma mistura de grafita e carboneto de sil cio
6903.10.19;Outros
6903.10.20;Retortas elaboradas com uma mistura de grafita e carboneto de sil cio
6903.10.30;Tampas e tamp es
6903.10.40;Tubos
6903.10.90;Outros
6903.20;- Que contenham, em peso, mais de 50 % de alumina (Al2O3) ou de uma mistura ou combina  o de alumina e s lica (SiO2)
6903.20.10;Cadinhos
6903.20.20;Tampas e tamp es
6903.20.30;Tubos
6903.20.90;Outros
6903.90;- Outros
6903.90.1;Tubos
6903.90.11;De carboneto de sil cio
6903.90.12;De compostos de zirc nio
6903.90.19;Outros
6903.90.9;Outros
6903.90.91;De carboneto de sil cio
6903.90.92;De compostos de zirc nio
6903.90.99;Outros
69.04;Tijolos para constru  o, tijoleiras, tapa-vigas e produtos semelhantes, de cer mica.
6904.10.00;- Tijolos para constru  o
6904.90.00;- Outros
69.05;Telhas, elementos de chamin s, condutores de fuma a (fumo), ornamentos arquitet nicos, de cer mica, e outros produtos cer micos para constru  o.
6905.10.00;- Telhas
6905.90.00;- Outros
6906.00.00;Tubos, calhas ou algerozes e acess rios para canaliza  es, de cer mica.
69.07;"Ladrilhos e placas (lajes), para pavimenta  o ou revestimento, de cer mica; cubos, pastilhas e artigos semelhantes, para mosaicos, de cer mica, mesmo com suporte; pe as de acabamento, de cer mica."
6907.2;- Ladrilhos e placas (lajes), para pavimenta  o ou revestimento, exceto os das subposi  es 6907.30 e 6907.40:
6907.21.00;-- Com um coeficiente de absor  o de  gua, em peso, n o superior a 0,5 %
6907.22.00;-- Com um coeficiente de absor  o de  gua, em peso, superior a 0,5 %, mas n o superior a 10 %
6907.23.00;-- Com um coeficiente de absor  o de  gua, em peso, superior a 10 %
6907.30.00;- Cubos, pastilhas e artigos semelhantes, para mosaicos, exceto os da subposi  o 6907.40
6907.40.00;- Pe as de acabamento
69.09;"Aparelhos e artigos para usos qu micos ou para outros usos t cnicos, de cer mica; alguidares, gamelas e outros recipientes semelhantes para usos rurais, de cer mica; bilhas e outras vasilhas pr prias para transporte ou embalagem, de cer mica."
6909.1;- Aparelhos e artigos para usos qu micos ou para outros usos t cnicos:
6909.11.00;-- De porcelana
6909.12;-- Artigos com uma dureza equivalente a 9 ou mais na escala de Mohs
6909.12.10;Guia-fios para m quina t xtil
6909.12.20;Guias de agulhas para cabe as de impress o
6909.12.30;An is de carboneto de sil cio para juntas de veda  o mec nicas
6909.12.90;Outros
6909.19;-- Outros
6909.19.10;Guia-fios para m quina t xtil
6909.19.20;Guias de agulhas para cabe as de impress o
6909.19.30;Colmeia de cer mica   base de alumina (Al2O3), s lica (SiO2) e  xido de magn sio (MgO), de depuradores por convers o catal tica de gases de escape de ve culos
6909.19.90;Outros
6909.90.00;- Outros
69.10;Pias, lavat rios, colunas para lavat rios, banheiras, bid s, sanit rios, caixas de descarga (autoclismos*), mict rios e aparelhos fixos semelhantes para usos sanit rios, de cer mica.
6910.10.00;- De porcelana
6910.90.00;- Outros
69.11;Servi os de mesa, artigos de cozinha, outros artigos de uso dom stico e artigos de higiene ou de toucador, de porcelana.
6911.10;- Artigos para servi o de mesa ou de cozinha
6911.10.10;Conjunto (jogo ou aparelho) para jantar, caf  ou ch , apresentado em embalagem comum
6911.10.90;Outros
6911.90.00;- Outros
6912.00.00;Servi os de mesa, artigos de cozinha, outros artigos de uso dom stico e artigos de higiene ou de toucador, de cer mica, exceto de porcelana.
69.13;Estatuetas e outros objetos de ornamenta  o, de cer mica.
6913.10.00;- De porcelana
6913.90.00;- Outros
69.14;Outras obras de cer mica.
6914.10.00;- De porcelana
6914.90.00;- Outras
70;Vidro e suas obras.
7001.00.00;"Cacos, fragmentos e outros desperd cios e res duos de vidro, exceto o vidro de tubos cat dicos e outros vidros ativados da posi  o 85.49; vidro em blocos ou massas."
70.02;Vidro em esferas (exceto as microsferas da posi  o 70.18), barras, varetas ou tubos, n o trabalhado.
7002.10.00;- Esferas
7002.20.00;- Barras ou varetas
7002.3;- Tubos:
7002.31.00;-- De quartzo ou de outras s licas fundidos
7002.32.00;-- De outro vidro com um coeficiente de dilata  o linear n o superior a 5 x 10-6 por Kelvin, entre 0  C e 300  C
7002.39.00;-- Outros
70.03;Vidro vazado ou laminado, em chapas, folhas ou perfis, mesmo com camada absorvente, refletora ou n o, mas n o trabalhado de outro modo.
7003.1;- Chapas e folhas, n o armadas:
7003.12.00;-- Coradas na massa, opacificadas, folheadas (chapeadas), ou com camada absorvente, refletora ou n o
7003.19.00;-- Outras
7003.20.00;- Chapas e folhas, armadas
7003.30.00;- Perfis
70.04;Vidro estirado ou soprado, em folhas, mesmo com camada absorvente, refletora ou n o, mas n o trabalhado de outro modo.
7004.20.00;- Vidro corado na massa, opacificado, folheado (chapeado), ou com camada absorvente, refletora ou n o
7004.90.00;- Outro vidro
70.05;Vidro flotado e vidro desbastado ou polido numa ou em ambas as faces, em chapas ou em folhas, mesmo com camada absorvente, refletora ou n o, mas n o trabalhado de outro modo.
7005.10.00;- Vidro n o armado, com camada absorvente, refletora ou n o
7005.2;- Outro vidro n o armado:
7005.21.00;-- Corado na massa, opacificado, folheado (chapeado) ou simplesmente desbastado
7005.29.00;-- Outro
7005.30.00;- Vidro armado
7006.00.00;Vidro das posi  es 70.03, 70.04 ou 70.05, recurvado, biselado, gravado, brocado, esmaltado ou trabalhado de outro modo, mas n o emoldurado nem associado a outras mat rias.
70.07;Vidros de seguran a consistindo em vidros temperados ou formados por folhas contracoladas.
7007.1;- Vidros temperados:
7007.11.00;-- De dimens es e formatos que permitam a sua aplica  o em autom veis, ve culos a reos, barcos ou outros ve culos
7007.19.00;-- Outros
7007.2;- Vidros formados por folhas contracoladas:
7007.21.00;-- De dimens es e formatos que permitam a sua aplica  o em autom veis, ve culos a reos, barcos ou outros ve culos
7007.29.00;-- Outros
7008.00.00;Vidros isolantes de paredes m ltiplas.
70.09;Espelhos de vidro, mesmo emoldurados, incluindo os espelhos retrovisores.
7009.10.00;- Espelhos retrovisores para ve culos
7009.9;- Outros:
7009.91.00;-- N o emoldurados
7009.92.00;-- Emoldurados
70.10;"Garraf es, garrafas, frascos, boi es, vasos, embalagens tubulares, ampolas e outros recipientes de vidro pr prios para transporte ou embalagem; boi es de vidro para conservas; rolhas, tampas e outros dispositivos para fechar recipientes, de vidro."
7010.10.00;- Ampolas
7010.20.00;- Rolhas, tampas e outros dispositivos para fechar recipientes
7010.90;- Outros
7010.90.1;De capacidade superior a 1 l
7010.90.11;Garraf es e garrafas
7010.90.12;"Frascos, boi es, vasos, embalagens tubulares e outros recipientes pr prios para transporte ou embalagem; boi es para conservas"
7010.90.2;De capacidade superior a 0,33 l, mas n o superior a 1 l
7010.90.21;Garraf es e garrafas
7010.90.22;"Frascos, boi es, vasos, embalagens tubulares e outros recipientes pr prios para transporte ou embalagem; boi es para conservas"
7010.90.90;Outros
70.11;Ampolas e inv lucros, mesmo tubulares, abertos, e suas partes, de vidro, sem guarni  es, para l mpadas e fontes de luz, el tricas, tubos cat dicos ou semelhantes.
7011.10;- Para ilumina  o el trica
7011.10.10;Para l mpadas ou tubos de descarga, incluindo os de luz rel mpago (flash)
7011.10.2;Para l mpadas de incandesc ncia
7011.10.21;Bulbos de di metro inferior ou igual a 90 mm
7011.10.29;Outros
7011.10.90;Outros
7011.20.00;- Para tubos cat dicos
7011.90.00;- Outros
70.13;Objetos de vidro para servi o de mesa, cozinha, toucador, escrit rio, ornamenta  o de interiores ou usos semelhantes (exceto os das posi  es 70.10 ou 70.18).
7013.10.00;- Objetos de vitrocer mica
7013.2;- Copos com p , exceto de vitrocer mica:
7013.22.00;-- De cristal de chumbo
7013.28.00;-- Outros
7013.3;- Outros copos, exceto de vitrocer mica:
7013.33.00;-- De cristal de chumbo
7013.37.00;-- Outros
7013.4;- Objetos para servi o de mesa (exceto copos) ou de cozinha, exceto de vitrocer mica:
7013.41.00;-- De cristal de chumbo
7013.42;-- De vidro com um coeficiente de dilata  o linear n o superior a 5 x 10-6 por Kelvin, entre 0  C e 300  C
7013.42.10;Cafeteiras e chaleiras
7013.42.90;Outros
7013.49.00;-- Outros
7013.9;- Outros objetos:
7013.91;-- De cristal de chumbo
7013.91.10;Para ornamenta  o de interiores
7013.91.90;Outros
7013.99.00;-- Outros
7014.00.00;Artigos de vidro para sinaliza  o e elementos de  ptica de vidro (exceto os da posi  o 70.15), n o trabalhados opticamente.
70.15;"Vidros de relojoaria e vidros semelhantes, vidros para lentes, mesmo corretivas, curvos ou arqueados, ocos ou semelhantes, n o trabalhados opticamente; esferas ocas e segmentos de esferas, de vidro, para fabrica  o desses vidros."
7015.10;- Vidros para lentes corretivas
7015.10.10;Fotocrom ticos
7015.10.9;Outros
7015.10.91;Brancos
7015.10.92;Coloridos
7015.90;- Outros
7015.90.10;Vidros de relojoaria
7015.90.20;Vidros para m scaras,  culos ou anteparos, protetores
7015.90.30;Vidros para os demais  culos
7015.90.90;Outros
70.16;"Blocos, placas, tijolos, ladrilhos, telhas e outros artigos, de vidro prensado ou moldado, mesmo armado, para constru  o; cubos, pastilhas e outros artigos semelhantes, de vidro, mesmo com suporte, para mosaicos ou decora  es semelhantes; vitrais de vidro; vidro denominado ""multicelular"" ou ""espuma"" de vidro, em blocos, pain is, chapas e conchas ou formas semelhantes."
7016.10.00;- Cubos, pastilhas e outros artigos semelhantes, de vidro, mesmo com suporte, para mosaicos ou decora  es semelhantes
7016.90.00;- Outros
70.17;Artigos de vidro para laborat rio, higiene ou farm cia, mesmo graduados ou calibrados.
7017.10.00;- De quartzo ou de outras s licas, fundidos
7017.20.00;- De outro vidro com um coeficiente de dilata  o linear n o superior a 5 x 10-6 por Kelvin, entre 0  C e 300  C
7017.90.00;- Outros
70.18;"Contas, imita  es de p rolas naturais ou cultivadas, imita  es de pedras preciosas ou semipreciosas e artigos semelhantes, de vidro e suas obras, exceto bijuterias; olhos de vidro, exceto de pr tese; estatuetas e outros objetos de ornamenta  o, de vidro trabalhado a ma arico, exceto bijuterias; microsferas de vidro, de di metro n o superior a 1 mm."
7018.10;- Contas, imita  es de p rolas naturais ou cultivadas, imita  es de pedras preciosas ou semipreciosas e artigos semelhantes, de vidro
7018.10.10;Contas de vidro
7018.10.20;Imita  es de p rolas naturais ou cultivadas, pedras preciosas ou semipreciosas
7018.10.90;Outros
7018.20.00;- Microsferas de vidro, de di metro n o superior a 1 mm
7018.90.00;- Outros
70.19;Fibras de vidro (incluindo a l  de vidro) e suas obras (por exemplo, fios, mechas ligeiramente torcidas (rovings), tecidos).
7019.1;- Mechas, mesmo ligeiramente torcidas (rovings), fios cortados ou n o e mantas (mats) dessas mat rias:
7019.11.00;-- Fios cortados (chopped strands), de comprimento n o superior a 50 mm
7019.12;-- Mechas ligeiramente torcidas (rovings)
7019.12.10;Impregnadas ou recobertas com resina de poliuretano ou borracha de estireno-butadieno
7019.12.90;Outras
7019.13.00;-- Outros fios, mechas
7019.14.00;-- Mantas (mats) consolidadas mecanicamente
7019.15.00;-- Mantas (mats) consolidadas quimicamente
7019.19.00;-- Outros
7019.6;- Tecidos consolidados mecanicamente:
7019.61.00;-- Tecidos de mechas ligeiramente torcidas (rovings) de malha fechada (closed woven fabrics)
7019.62.00;-- Outros, obtidos de mechas ligeiramente torcidas (rovings) de malha fechada (other closed fabrics)
7019.63.00;-- Tecidos de fios de malha fechada, em ponto de tafet , n o revestidos nem estratificados
7019.64.00;-- Tecidos de fios de malha fechada, em ponto de tafet , revestidos ou estratificados
7019.65.00;-- Tecidos de malha aberta de largura n o superior a 30 cm
7019.66.00;-- Tecidos de malha aberta de largura superior a 30 cm
7019.69.00;-- Outros
7019.7;- Tecidos consolidados quimicamente:
7019.71.00;-- V us (camadas finas)
7019.72.00;-- Outros tecidos de malha fechada
7019.73;-- Outros tecidos de malha aberta
7019.73.10;Constitu dos por fios paralelizados e superpostos entre si em  ngulo de 90 , impregnados e soldados nos pontos de interse  o com resina termopl stica, com densidade igual ou superior a 3 e inferior ou igual a 7 fios por cent metro
7019.73.90;Outros
7019.80.00;- L  de vidro e suas obras
7019.90.00;- Outras
7020.00;Outras obras de vidro.
7020.00.10;Ampolas de vidro para garrafas t rmicas ou para outros recipientes isot rmicos, cujo isolamento seja assegurado pelo v cuo
7020.00.90;Outras
71;"P rolas naturais ou cultivadas, pedras preciosas ou semipreciosas e semelhantes, metais preciosos, metais folheados ou chapeados de metais preciosos (plaqu ), e suas obras; bijuterias; moedas."
71.01;"P rolas naturais ou cultivadas, mesmo trabalhadas ou combinadas, mas n o enfiadas, nem montadas, nem engastadas; p rolas naturais ou cultivadas, enfiadas temporariamente para facilidade de transporte."
7101.10.00;- P rolas naturais
7101.2;- P rolas cultivadas:
7101.21.00;-- Em bruto
7101.22.00;-- Trabalhadas
71.02;Diamantes, mesmo trabalhados, mas n o montados nem engastados.
7102.10.00;- N o selecionados
7102.2;- Industriais:
7102.21.00;-- Em bruto ou simplesmente serrados, clivados ou desbastados
7102.29.00;-- Outros
7102.3;- N o industriais:
7102.31.00;-- Em bruto ou simplesmente serrados, clivados ou desbastados
7102.39.00;-- Outros
71.03;"Pedras preciosas (exceto diamantes) ou semipreciosas, mesmo trabalhadas ou combinadas, mas n o enfiadas, nem montadas, nem engastadas; pedras preciosas (exceto diamantes) ou semipreciosas, n o combinadas, enfiadas temporariamente para facilidade de transporte."
7103.10.00;- Em bruto ou simplesmente serradas ou desbastadas
7103.9;- Trabalhadas de outro modo:
7103.91.00;-- Rubis, safiras e esmeraldas
7103.99.00;-- Outras
71.04;"Pedras sint ticas ou reconstitu das, mesmo trabalhadas ou combinadas, mas n o enfiadas, nem montadas, nem engastadas; pedras sint ticas ou reconstitu das, n o combinadas, enfiadas temporariamente para facilidade de transporte."
7104.10.00;- Quartzo piezel trico
7104.2;- Outras, em bruto ou simplesmente serradas ou desbastadas:
7104.21.00;-- Diamantes
7104.29.00;-- Outras
7104.9;- Outras:
7104.91.00;-- Diamantes
7104.99.00;-- Outras
71.05;P  de diamantes, de pedras preciosas ou semipreciosas ou de pedras sint ticas.
7105.10.00;- De diamantes
7105.90.00;- Outros
71.06;Prata (incluindo a prata dourada ou platinada), em formas brutas ou semimanufaturadas, ou em p .
7106.10.00;- P s
7106.9;- Outras:
7106.91.00;-- Em formas brutas
7106.92;-- Em formas semimanufaturadas
7106.92.10;Barras, fios e perfis de se  o maci a
7106.92.20;Chapas, l minas, folhas e tiras
7106.92.90;Outras
7107.00.00;Metais comuns folheados ou chapeados (plaqu ) de prata, em formas brutas ou semimanufaturadas.
71.08;Ouro (incluindo o ouro platinado), em formas brutas ou semimanufaturadas, ou em p .
7108.1;- Para usos n o monet rios:
7108.11.00;-- P s
7108.12;-- Noutras formas brutas
7108.12.10;Bulh o dourado (bullion dor )
7108.12.90;Outras
7108.13;-- Noutras formas semimanufaturadas
7108.13.10;Barras, fios e perfis de se  o maci a
7108.13.90;Outros
7108.20.00;- Para uso monet rio
7109.00.00;Metais comuns ou prata, folheados ou chapeados (plaqu ) de ouro, em formas brutas ou semimanufaturadas.
71.10;Platina, em formas brutas ou semimanufaturadas, ou em p .
7110.1;- Platina:
7110.11.00;-- Em formas brutas ou em p 
7110.19;-- Outras
7110.19.10;Barras, fios e perfis de se  o maci a
7110.19.90;Outras
7110.2;- Pal dio:
7110.21.00;-- Em formas brutas ou em p 
7110.29.00;-- Outras
7110.3;- R dio:
7110.31.00;-- Em formas brutas ou em p 
7110.39.00;-- Outras
7110.4;- Ir dio,  smio e rut nio:
7110.41.00;-- Em formas brutas ou em p 
7110.49.00;-- Outras
7111.00.00;Metais comuns, prata ou ouro, folheados ou chapeados (plaqu ) de platina, em formas brutas ou semimanufaturadas.
71.12;"Desperd cios e res duos de metais preciosos ou de metais folheados ou chapeados de metais preciosos (plaqu ); outros desperd cios e res duos que contenham metais preciosos ou compostos de metais preciosos, do tipo utilizado principalmente para a recupera  o de metais preciosos, exceto os produtos da posi  o 85.49."
7112.30;- Cinzas que contenham metais preciosos ou compostos de metais preciosos
7112.30.10;Que contenham ouro, mas que n o contenham outros metais preciosos
7112.30.20;Que contenham platina, mas que n o contenham outros metais preciosos
7112.30.90;Outros
7112.9;- Outros:
7112.91.00;-- De ouro, de metais folheados ou chapeados (plaqu ) de ouro, exceto varreduras de ourivesaria que contenham outros metais preciosos
7112.92.00;-- De platina, de metais folheados ou chapeados (plaqu ) de platina, exceto varreduras de ourivesaria que contenham outros metais preciosos
7112.99.00;-- Outros
71.13;Artigos de joalheria e suas partes, de metais preciosos ou de metais folheados ou chapeados de metais preciosos (plaqu ).
7113.1;- De metais preciosos, mesmo revestidos, folheados ou chapeados de metais preciosos (plaqu ):
7113.11.00;-- De prata, mesmo revestida, folheada ou chapeada de outros metais preciosos (plaqu )
7113.19.00;-- De outros metais preciosos, mesmo revestidos, folheados ou chapeados de metais preciosos (plaqu )
7113.20.00;- De metais comuns folheados ou chapeados de metais preciosos (plaqu )
71.14;Artigos de ourivesaria e suas partes, de metais preciosos ou de metais folheados ou chapeados de metais preciosos (plaqu ).
7114.1;- De metais preciosos, mesmo revestidos, folheados ou chapeados de metais preciosos (plaqu ):
7114.11.00;-- De prata, mesmo revestida, folheada ou chapeada de outros metais preciosos (plaqu )
7114.19.00;-- De outros metais preciosos, mesmo revestidos, folheados ou chapeados de metais preciosos (plaqu )
7114.20.00;- De metais comuns folheados ou chapeados de metais preciosos (plaqu )
71.15;Outras obras de metais preciosos ou de metais folheados ou chapeados de metais preciosos (plaqu ).
7115.10.00;- Telas ou grades catalisadoras, de platina
7115.90.00;- Outras
71.16;Obras de p rolas naturais ou cultivadas, de pedras preciosas ou semipreciosas ou de pedras sint ticas ou reconstitu das.
7116.10.00;- De p rolas naturais ou cultivadas
7116.20;- De pedras preciosas ou semipreciosas ou de pedras sint ticas ou reconstitu das
7116.20.10;De diamantes sint ticos
7116.20.20;Guias de agulhas, de rubi, para cabe as de impress o
7116.20.90;Outras
71.17;Bijuterias.
7117.1;- De metais comuns, mesmo prateados, dourados ou platinados:
7117.11.00;-- Abotoaduras (bot es de punho) e artigos semelhantes
7117.19.00;-- Outras
7117.90.00;- Outras
71.18;Moedas.
7118.10;- Moedas sem curso legal, exceto de ouro
7118.10.10;Destinadas a ter curso legal no pa s importador
7118.10.90;Outras
7118.90.00;- Outras
72;Ferro fundido, ferro e a o.
72.01;Ferro fundido bruto e ferro spiegel (especular), em lingotes, linguados ou outras formas prim rias.
7201.10.00;- Ferro fundido bruto n o ligado, que contenha, em peso, 0,5 % ou menos de f sforo
7201.20.00;- Ferro fundido bruto n o ligado, que contenha, em peso, mais de 0,5 % de f sforo
7201.50.00;"- Ligas de ferro fundido bruto; ferro spiegel (especular)"
72.02;Ferroligas.
7202.1;- Ferromangan s:
7202.11.00;-- Que contenha, em peso, mais de 2 % de carbono
7202.19.00;-- Outra
7202.2;- Ferrossil cio:
7202.21.00;-- Que contenha, em peso, mais de 55 % de sil cio
7202.29.00;-- Outra
7202.30.00;- Ferrossiliciomangan s
7202.4;- Ferrocromo:
7202.41.00;-- Que contenha, em peso, mais de 4 % de carbono
7202.49.00;-- Outra
7202.50.00;- Ferrossiliciocromo
7202.60.00;- Ferron quel
7202.70.00;- Ferromolibd nio
7202.80.00;- Ferrotungst nio (ferrovolfr mio) e ferrossiliciotungst nio (ferrossiliciovolfr mio)
7202.9;- Outras:
7202.91.00;-- Ferrotit nio e ferrossiliciotit nio
7202.92.00;-- Ferrovan dio
7202.93.00;-- Ferroni bio (ferrocol mbio)
7202.99;-- Outras
7202.99.10;Ferrof sforo
7202.99.90;Outras
72.03;"Produtos ferrosos obtidos por redu  o direta dos min rios de ferro e outros produtos ferrosos esponjosos, em peda os, esferas ou formas semelhantes; ferro de pureza m nima, em peso, de 99,94 %, em peda os, esferas ou formas semelhantes."
7203.10.00;- Produtos ferrosos obtidos por redu  o direta dos min rios de ferro
7203.90.00;- Outros
72.04;"Desperd cios e res duos, e sucata, de ferro fundido, ferro ou a o; desperd cios e res duos, em lingotes, de ferro ou a o."
7204.10.00;- Desperd cios e res duos, e sucata, de ferro fundido
7204.2;- Desperd cios e res duos, e sucata, de ligas de a o:
7204.21.00;-- De a o inoxid vel
7204.29.00;-- Outros
7204.30.00;- Desperd cios e res duos, e sucata, de ferro ou a o, estanhados
7204.4;- Outros desperd cios e res duos, e sucata:
7204.41.00;-- Res duos do torno e da fresa, aparas, lascas (meulures), p  de serra, limalhas e desperd cios da estampagem ou do corte, mesmo em fardos
7204.49.00;-- Outros
7204.50.00;- Desperd cios e res duos, em lingotes
72.05;Granalhas e p s de ferro fundido bruto, de ferro spiegel (especular), de ferro ou a o.
7205.10.00;- Granalhas
7205.2;- P s:
7205.21.00;-- De ligas de a o
7205.29;-- Outros
7205.29.10;De ferro esponjoso, com um teor de ferro igual ou superior a 98 %, em peso
7205.29.20;De ferro revestido com resina termopl stica, com um teor de ferro igual ou superior a 98 %, em peso
7205.29.90;Outros
72.06;Ferro e a o n o ligado, em lingotes ou outras formas prim rias, exceto o ferro da posi  o 72.03.
7206.10.00;- Lingotes
7206.90.00;- Outros
72.07;Produtos semimanufaturados de ferro ou a o n o ligado.
7207.1;- Que contenham, em peso, menos de 0,25 % de carbono:
7207.11;-- De se  o transversal quadrada ou retangular, com largura inferior a duas vezes a espessura
7207.11.10;Billets
7207.11.90;Outros
7207.12.00;-- Outros, de se  o transversal retangular
7207.19.00;-- Outros
7207.20.00;- Que contenham, em peso, 0,25 % ou mais de carbono
72.08;Produtos laminados planos, de ferro ou a o n o ligado, de largura igual ou superior a 600 mm, laminados a quente, n o folheados ou chapeados, nem revestidos.
7208.10.00;- Em rolos, simplesmente laminados a quente, apresentando motivos em relevo
7208.2;- Outros, em rolos, simplesmente laminados a quente, decapados:
7208.25.00;-- De espessura igual ou superior a 4,75 mm
7208.26;-- De espessura igual ou superior a 3 mm, mas inferior a 4,75 mm
7208.26.10;Com um limite m nimo de elasticidade de 355 MPa
7208.26.90;Outros
7208.27;-- De espessura inferior a 3 mm
7208.27.10;Com um limite m nimo de elasticidade de 275 MPa
7208.27.90;Outros
7208.3;- Outros, em rolos, simplesmente laminados a quente:
7208.36;-- De espessura superior a 10 mm
7208.36.10;Com um limite m nimo de elasticidade de 355 MPa
7208.36.90;Outros
7208.37.00;-- De espessura igual ou superior a 4,75 mm, mas n o superior a 10 mm
7208.38;-- De espessura igual ou superior a 3 mm, mas inferior a 4,75 mm
7208.38.10;Com um limite m nimo de elasticidade de 355 MPa
7208.38.90;Outros
7208.39;-- De espessura inferior a 3 mm
7208.39.10;Com um limite m nimo de elasticidade de 275 MPa
7208.39.90;Outros
7208.40.00;- N o enrolados, simplesmente laminados a quente, apresentando motivos em relevo
7208.5;- Outros, n o enrolados, simplesmente laminados a quente:
7208.51.00;-- De espessura superior a 10 mm
7208.52.00;-- De espessura igual ou superior a 4,75 mm, mas n o superior a 10 mm
7208.53.00;-- De espessura igual ou superior a 3 mm, mas inferior a 4,75 mm
7208.54.00;-- De espessura inferior a 3 mm
7208.90.00;- Outros
72.09;Produtos laminados planos, de ferro ou a o n o ligado, de largura igual ou superior a 600 mm, laminados a frio, n o folheados ou chapeados, nem revestidos.
7209.1;- Em rolos simplesmente laminados a frio:
7209.15.00;-- De espessura igual ou superior a 3 mm
7209.16.00;-- De espessura superior a 1 mm, mas inferior a 3 mm
7209.17.00;-- De espessura igual ou superior a 0,5 mm, mas n o superior a 1 mm
7209.18.00;-- De espessura inferior a 0,5 mm
7209.2;- N o enrolados, simplesmente laminados a frio:
7209.25.00;-- De espessura igual ou superior a 3 mm
7209.26.00;-- De espessura superior a 1 mm, mas inferior a 3 mm
7209.27.00;-- De espessura igual ou superior a 0,5 mm, mas n o superior a 1 mm
7209.28.00;-- De espessura inferior a 0,5 mm
7209.90.00;- Outros
72.10;Produtos laminados planos, de ferro ou a o n o ligado, de largura igual ou superior a 600 mm, folheados ou chapeados, ou revestidos.
7210.1;- Estanhados:
7210.11.00;-- De espessura igual ou superior a 0,5 mm
7210.12.00;-- De espessura inferior a 0,5 mm
7210.20.00;- Revestidos de chumbo, incluindo os revestidos de uma liga de chumboestanho
7210.30;- Galvanizados eletroliticamente
7210.30.10;De espessura inferior a 4,75 mm
7210.30.90;Outros
7210.4;- Galvanizados por outro processo:
7210.41;-- Ondulados
7210.41.10;De espessura inferior a 4,75 mm
7210.41.90;Outros
7210.49;-- Outros
7210.49.10;De espessura inferior a 4,75 mm
7210.49.90;Outros
7210.50.00;- Revestidos de  xidos de cromo ou de cromo e  xidos de cromo
7210.6;- Revestidos de alum nio:
7210.61.00;-- Revestidos de ligas de aluminiozinco
7210.69;-- Outros
7210.69.1;Revestidos de ligas de aluminiossil cio
7210.69.11;De peso igual ou superior a 120 g/m2 e com conte do de sil cio igual ou superior a 5 %, mas inferior ou igual a 11 %, em peso
7210.69.19;Outros
7210.69.90;Outros
7210.70;- Pintados, envernizados ou revestidos de pl stico
7210.70.10;Pintados ou envernizados
7210.70.20;Revestidos de pl stico
7210.90.00;- Outros
72.11;Produtos laminados planos, de ferro ou a o n o ligado, de largura inferior a 600 mm, n o folheados ou chapeados, nem revestidos.
7211.1;- Simplesmente laminados a quente:
7211.13.00;-- Laminados nas quatro faces ou em caixa fechada, de largura superior a 150 mm e de espessura igual ou superior a 4 mm, n o enrolados e n o apresentando motivos em relevo
7211.14.00;-- Outros, de espessura igual ou superior a 4,75 mm
7211.19.00;-- Outros
7211.2;- Simplesmente laminados a frio:
7211.23.00;-- Que contenham, em peso, menos de 0,25 % de carbono
7211.29;-- Outros
7211.29.10;Com um teor de carbono igual ou superior a 0,25 %, mas inferior a 0,6 %, em peso
7211.29.20;Com um teor de carbono igual ou superior a 0,6 %, em peso
7211.90;- Outros
7211.90.10;Com um teor de carbono igual ou superior a 0,6 %, em peso
7211.90.90;Outros
72.12;Produtos laminados planos, de ferro ou a o n o ligado, de largura inferior a 600 mm, folheados ou chapeados, ou revestidos.
7212.10.00;- Estanhados
7212.20;- Galvanizados eletroliticamente
7212.20.10;De espessura inferior a 4,75 mm
7212.20.90;Outros
7212.30.00;- Galvanizados por outro processo
7212.40;- Pintados, envernizados ou revestidos de pl stico
7212.40.10;Pintados ou envernizados
7212.40.2;Revestidos de pl stico
7212.40.21;Com uma camada intermedi ria de liga cobre-estanho ou cobre-estanho-chumbo, aplicada por sinteriza  o
7212.40.29;Outros
7212.50;- Revestidos de outras mat rias
7212.50.10;Com uma camada de liga cobre-estanho ou cobre-estanho-chumbo, aplicada por sinteriza  o, inclusive com revestimento misto metal-pl stico ou metal-pl stico-fibra de carbono
7212.50.90;Outros
7212.60.00;- Folheados ou chapeados
72.13;Fio-m quina de ferro ou a o n o ligado.
7213.10.00;- Dentados, com nervuras, sulcos (entalhes) ou relevos, obtidos durante a laminagem
7213.20.00;- Outros, de a o para tornear
7213.9;- Outros:
7213.91;-- De se  o circular, de di metro inferior a 14 mm
7213.91.10;Com um teor de carbono igual ou superior a 0,6 %, em peso
7213.91.90;Outros
7213.99;-- Outros
7213.99.10;Com um teor de carbono igual ou superior a 0,6 %, em peso
7213.99.90;Outros
72.14;Barras de ferro ou a o n o ligado, simplesmente forjadas, laminadas, estiradas ou extrudadas, a quente, incluindo as que tenham sido submetidas a tor  o ap s laminagem.
7214.10;- Forjadas
7214.10.10;Com um teor de carbono inferior ou igual a 0,6 %, em peso
7214.10.90;Outras
7214.20.00;- Dentadas, com nervuras, sulcos (entalhes) ou relevos, obtidos durante a laminagem, ou torcidas ap s laminagem
7214.30.00;- Outras, de a o para tornear
7214.9;- Outras:
7214.91.00;-- De se  o transversal retangular
7214.99;-- Outras
7214.99.10;De se  o circular
7214.99.90;Outras
72.15;Outras barras de ferro ou a o n o ligado.
7215.10.00;- De a o para tornear, simplesmente obtidas ou completamente acabadas a frio
7215.50.00;- Outras, simplesmente obtidas ou completamente acabadas a frio
7215.90;- Outras
7215.90.10;Com um teor de carbono inferior ou igual a 0,6 %, em peso
7215.90.90;Outras
72.16;Perfis de ferro ou a o n o ligado.
7216.10.00;- Perfis em U, I ou H, simplesmente laminados, estirados ou extrudados, a quente, de altura inferior a 80 mm
7216.2;- Perfis em L ou T, simplesmente laminados, estirados ou extrudados, a quente, de altura inferior a 80 mm:
7216.21.00;-- Perfis em L
7216.22.00;-- Perfis em T
7216.3;- Perfis em U, I ou H, simplesmente laminados, estirados ou extrudados, a quente, de altura igual ou superior a 80 mm:
7216.31.00;-- Perfis em U
7216.32.00;-- Perfis em I
7216.33.00;-- Perfis em H
7216.40;- Perfis em L ou T, simplesmente laminados, estirados ou extrudados, a quente, de altura igual ou superior a 80 mm
7216.40.10;De altura inferior ou igual a 200 mm
7216.40.90;Outros
7216.50.00;- Outros perfis, simplesmente laminados, estirados ou extrudados, a quente
7216.6;- Perfis simplesmente obtidos ou completamente acabados a frio:
7216.61;-- Obtidos a partir de produtos laminados planos
7216.61.10;De altura inferior a 80 mm
7216.61.90;Outros
7216.69;-- Outros
7216.69.10;De altura inferior a 80 mm
7216.69.90;Outros
7216.9;- Outros:
7216.91.00;-- Obtidos ou acabados a frio a partir de produtos laminados planos
7216.99.00;-- Outros
72.17;Fios de ferro ou a o n o ligado.
7217.10;- N o revestidos, mesmo polidos
7217.10.1;Com um teor de carbono igual ou superior a 0,6 %, em peso
7217.10.11;Com um teor, em peso, de f sforo inferior a 0,035 % e de enxofre inferior a 0,035 %, temperado e revenido, flecha m xima sem carga de 1 cm em 1 m, resist ncia   tra  o igual ou superior a 1.960 MPa e cuja maior dimens o da se  o transversal seja inferior ou igual a 2,25 mm
7217.10.19;Outros
7217.10.90;Outros
7217.20;- Galvanizados
7217.20.10;Com um teor de carbono igual ou superior a 0,6 %, em peso
7217.20.90;Outros
7217.30;- Revestidos de outros metais comuns
7217.30.10;Com um teor de carbono igual ou superior a 0,6 %, em peso
7217.30.90;Outros
7217.90.00;- Outros
72.18;"A o inoxid vel em lingotes ou outras formas prim rias; produtos semimanufaturados de a o inoxid vel."
7218.10.00;- Lingotes e outras formas prim rias
7218.9;- Outros:
7218.91.00;-- De se  o transversal retangular
7218.99.00;-- Outros
72.19;Produtos laminados planos de a o inoxid vel, de largura igual ou superior a 600 mm.
7219.1;- Simplesmente laminados a quente, em rolos:
7219.11.00;-- De espessura superior a 10 mm
7219.12.00;-- De espessura igual ou superior a 4,75 mm, mas n o superior a 10 mm
7219.13.00;-- De espessura igual ou superior a 3 mm, mas inferior a 4,75 mm
7219.14.00;-- De espessura inferior a 3 mm
7219.2;- Simplesmente laminados a quente, n o enrolados:
7219.21.00;-- De espessura superior a 10 mm
7219.22.00;-- De espessura igual ou superior a 4,75 mm, mas n o superior a 10 mm
7219.23.00;-- De espessura igual ou superior a 3 mm, mas inferior a 4,75 mm
7219.24.00;-- De espessura inferior a 3 mm
7219.3;- Simplesmente laminados a frio:
7219.31.00;-- De espessura igual ou superior a 4,75 mm
7219.32.00;-- De espessura igual ou superior a 3 mm, mas inferior a 4,75 mm
7219.33.00;-- De espessura superior a 1 mm, mas inferior a 3 mm
7219.34.00;-- De espessura igual ou superior a 0,5 mm, mas n o superior a 1 mm
7219.35.00;-- De espessura inferior a 0,5 mm
7219.90;- Outros
7219.90.10;De espessura inferior a 4,75 mm e dureza igual ou superior a 42 HRC
7219.90.90;Outros
72.20;Produtos laminados planos de a o inoxid vel, de largura inferior a 600 mm.
7220.1;- Simplesmente laminados a quente:
7220.11.00;-- De espessura igual ou superior a 4,75 mm
7220.12;-- De espessura inferior a 4,75 mm
7220.12.10;De espessura inferior ou igual a 1,5 mm
7220.12.20;De espessura superior a 1,5 mm, mas n o superior a 3 mm
7220.12.90;Outros
7220.20;- Simplesmente laminados a frio
7220.20.10;De largura inferior ou igual a 23 mm e espessura inferior ou igual a 0,1 mm
7220.20.90;Outros
7220.90.00;- Outros
7221.00.00;Fio-m quina de a o inoxid vel.
72.22;Barras e perfis, de a o inoxid vel.
7222.1;- Barras simplesmente laminadas, estiradas ou extrudadas, a quente:
7222.11.00;-- De se  o circular
7222.19;-- Outras
7222.19.10;De se  o transversal retangular
7222.19.90;Outras
7222.20.00;- Barras simplesmente obtidas ou completamente acabadas a frio
7222.30.00;- Outras barras
7222.40;- Perfis
7222.40.10;De altura igual ou superior a 80 mm
7222.40.90;Outros
7223.00.00;Fios de a o inoxid vel.
72.24;"Outras ligas de a o, em lingotes ou outras formas prim rias; produtos semimanufaturados, de outras ligas de a o."
7224.10.00;- Lingotes e outras formas prim rias
7224.90.00;- Outros
72.25;Produtos laminados planos, de outras ligas de a o, de largura igual ou superior a 600 mm.
7225.1;"- De a o ao sil cio, denominado ""magn tico"":"
7225.11.00;-- De gr os orientados
7225.19.00;-- Outros
7225.30.00;- Outros, simplesmente laminados a quente, em rolos
7225.40;- Outros, simplesmente laminados a quente, n o enrolados
7225.40.10;De a o, segundo normas AISI D2, D3 ou D6, de espessura inferior ou igual a 7 mm
7225.40.20;De a os de corte r pido
7225.40.90;Outros
7225.50;- Outros, simplesmente laminados a frio
7225.50.10;De a os de corte r pido
7225.50.90;Outros
7225.9;- Outros:
7225.91.00;-- Galvanizados eletroliticamente
7225.92.00;-- Galvanizados por outro processo
7225.99;-- Outros
7225.99.10;De a os de corte r pido
7225.99.90;Outros
72.26;Produtos laminados planos, de outras ligas de a o, de largura inferior a 600 mm.
7226.1;"- De a o ao sil cio, denominado ""magn tico"":"
7226.11.00;-- De gr os orientados
7226.19.00;-- Outros
7226.20;- De a o de corte r pido
7226.20.10;De espessura igual ou superior a 1 mm, mas n o superior a 4 mm
7226.20.90;Outros
7226.9;- Outros:
7226.91.00;-- Simplesmente laminados a quente
7226.92.00;-- Simplesmente laminados a frio
7226.99.00;-- Outros
72.27;Fio-m quina de outras ligas de a o.
7227.10.00;- De a o de corte r pido
7227.20.00;- De a o siliciomangan s
7227.90.00;- Outros
72.28;"Barras e perfis, de outras ligas de a o; barras ocas para perfura  o, de ligas de a o ou de a o n o ligado."
7228.10;- Barras de a o de corte r pido
7228.10.10;Simplesmente laminadas, estiradas ou extrudadas, a quente
7228.10.90;Outras
7228.20.00;- Barras de a o siliciomangan s
7228.30.00;- Outras barras, simplesmente laminadas, estiradas ou extrudadas, a quente
7228.40.00;- Outras barras, simplesmente forjadas
7228.50.00;- Outras barras, simplesmente obtidas ou completamente acabadas a frio
7228.60.00;- Outras barras
7228.70.00;- Perfis
7228.80.00;- Barras ocas para perfura  o
72.29;Fios de outras ligas de a o.
7229.20.00;- De a o siliciomangan s
7229.90.00;- Outros
73;Obras de ferro fundido, ferro ou a o.
73.01;"Estacas-pranchas de ferro ou a o, mesmo perfuradas ou feitas com elementos montados; perfis obtidos por soldadura, de ferro ou a o."
7301.10.00;- Estacas-pranchas
7301.20.00;- Perfis
73.02;Elementos de vias f rreas, de ferro fundido, ferro ou a o: trilhos (carris), contratrilhos (contracarris) e cremalheiras, agulhas, cr ssimas, alavancas para comando de agulhas e outros elementos de cruzamentos e desvios, dormentes, talas de jun  o (eclissas*), coxins de trilho (carril), cantoneiras, placas de apoio ou assentamento, placas de aperto, placas e tirantes de separa  o e outras pe as pr prias para a fixa  o, articula  o, apoio ou jun  o de trilhos (carris).
7302.10;- Trilhos (carris)
7302.10.10;De a o, de peso linear igual ou superior a 44,5 kg/m
7302.10.90;Outros
7302.30.00;- Agulhas, cr ssimas, alavancas para comando de agulhas e outros elementos de cruzamentos e desvios
7302.40.00;- Talas de jun  o (Eclissas*) e placas de apoio ou assentamento
7302.90.00;- Outros
7303.00.00;Tubos e perfis ocos, de ferro fundido.
73.04;Tubos e perfis ocos, sem costura, de ferro ou a o.
7304.1;- Tubos do tipo utilizado em oleodutos ou gasodutos:
7304.11.00;-- De a o inoxid vel
7304.19.00;-- Outros
7304.2;- Tubos para revestimento de po os, de produ  o ou suprimento e hastes de perfura  o, do tipo utilizado na extra  o de petr leo ou de g s:
7304.22.00;-- Hastes de perfura  o de a o inoxid vel
7304.23;-- Outras hastes de perfura  o
7304.23.10;De a o n o ligado
7304.23.90;Outras
7304.24.00;-- Outros, de a o inoxid vel
7304.29;-- Outros
7304.29.10;De a o n o ligado
7304.29.3;De outras ligas de a o n o revestidos
7304.29.31;De di metro exterior inferior ou igual a 229 mm
7304.29.39;Outros
7304.29.90;Outros
7304.3;- Outros, de se  o circular, de ferro ou a o n o ligado:
7304.31;-- Estirados ou laminados, a frio
7304.31.10;Tubos n o revestidos
7304.31.90;Outros
7304.39;-- Outros
7304.39.10;Tubos n o revestidos, de di metro exterior inferior ou igual a 229 mm
7304.39.20;Tubos revestidos, de di metro exterior inferior ou igual a 229 mm
7304.39.90;Outros
7304.4;- Outros, de se  o circular, de a o inoxid vel:
7304.41;-- Estirados ou laminados, a frio
7304.41.10;Tubos capilares de di metro exterior inferior ou igual a 3 mm e di metro interior inferior ou igual a 0,2 mm
7304.41.90;Outros
7304.49.00;-- Outros
7304.5;- Outros, de se  o circular, de outras ligas de a o:
7304.51;-- Estirados ou laminados, a frio
7304.51.1;Tubos de di metro exterior inferior ou igual a 229 mm
7304.51.11;Tubos capilares de di metro exterior inferior ou igual a 3 mm e di metro interior inferior ou igual a 0,2 mm
7304.51.19;Outros
7304.51.90;Outros
7304.59;-- Outros
7304.59.10;Tubos de di metro exterior inferior ou igual a 229 mm
7304.59.90;Outros
7304.90;- Outros
7304.90.1;De di metro exterior inferior ou igual a 229 mm
7304.90.11;De a o inoxid vel
7304.90.19;Outros
7304.90.90;Outros
73.05;Outros tubos (por exemplo, soldados ou rebitados), de se  o circular, de di metro exterior superior a 406,4 mm, de ferro ou a o.
7305.1;- Tubos do tipo utilizado em oleodutos ou gasodutos:
7305.11.00;-- Soldados longitudinalmente por arco imerso
7305.12.00;-- Outros, soldados longitudinalmente
7305.19.00;-- Outros
7305.20.00;- Tubos para revestimento de po os, do tipo utilizado na extra  o de petr leo ou de g s
7305.3;- Outros, soldados:
7305.31.00;-- Soldados longitudinalmente
7305.39.00;-- Outros
7305.90.00;- Outros
73.06;Outros tubos e perfis ocos (por exemplo, soldados, rebitados, grampeados ou com as bordas simplesmente aproximadas), de ferro ou a o.
7306.1;- Tubos do tipo utilizado em oleodutos ou gasodutos:
7306.11.00;-- Soldados, de a o inoxid vel
7306.19.00;-- Outros
7306.2;- Tubos para revestimento de po os, de produ  o ou suprimento, do tipo utilizado na extra  o de petr leo ou de g s:
7306.21.00;-- Soldados, de a o inoxid vel
7306.29.00;-- Outros
7306.30;- Outros, soldados, de se  o circular, de ferro ou a o n o ligado
7306.30.10;De di metro exterior igual a 22,25 mm, espessura igual a 2,64 mm e comprimento igual a 448,2 mm
7306.30.90;Outros
7306.40.00;- Outros, soldados, de se  o circular, de a o inoxid vel
7306.50.00;- Outros, soldados, de se  o circular, de outras ligas de a o
7306.6;- Outros, soldados, de se  o n o circular:
7306.61.00;-- De se  o quadrada ou retangular
7306.69.00;-- De outras se  es
7306.90;- Outros
7306.90.10;De ferro ou a o n o ligado
7306.90.20;De a o inoxid vel
7306.90.90;Outros
73.07;Acess rios para tubos (por exemplo, uni es, cotovelos, luvas (mangas*)), de ferro fundido, ferro ou a o.
7307.1;- Moldados:
7307.11.00;-- De ferro fundido n o male vel
7307.19;-- Outros
7307.19.10;De ferro fundido male vel, de di metro interior superior a 50,8 mm
7307.19.20;De a o
7307.19.90;Outros
7307.2;- Outros, de a o inoxid vel:
7307.21.00;-- Flanges
7307.22.00;-- Cotovelos, curvas e luvas (mangas*), roscados
7307.23.00;-- Acess rios para soldar topo a topo
7307.29.00;-- Outros
7307.9;- Outros:
7307.91.00;-- Flanges
7307.92.00;-- Cotovelos, curvas e luvas (mangas*), roscados
7307.93.00;-- Acess rios para soldar topo a topo
7307.99.00;-- Outros
73.08;"Constru  es e suas partes (por exemplo, pontes e elementos de pontes, comportas, torres, p rticos, pilares, colunas, arma  es, estruturas para telhados, portas e janelas, e seus caixilhos, alizares e soleiras, portas de correr, balaustradas), de ferro fundido, ferro ou a o, exceto as constru  es pr -fabricadas da posi  o 94.06; chapas, barras, perfis, tubos e semelhantes, de ferro fundido, ferro ou a o, pr prios para constru  es."
7308.10.00;- Pontes e elementos de pontes
7308.20.00;- Torres e p rticos
7308.30.00;- Portas e janelas, e seus caixilhos, alizares e soleiras
7308.40.00;- Material para andaimes, para cofragens ou para escoramentos
7308.90;- Outros
7308.90.10;Chapas, barras, perfis, tubos e semelhantes, pr prios para constru  es
7308.90.90;Outros
7309.00;Reservat rios, ton is, cubas e recipientes semelhantes para quaisquer mat rias (exceto gases comprimidos ou liquefeitos), de ferro fundido, ferro ou a o, de capacidade superior a 300 l, sem dispositivos mec nicos ou t rmicos, mesmo com revestimento interior ou calor fugo.
7309.00.10;Para armazenamento de gr os e outras mat rias s lidas
7309.00.20;Recipientes isot rmicos refrigerados a nitrog nio (azoto) l quido, do tipo utilizado para s men, sangue, tecidos biol gicos e outros produtos semelhantes
7309.00.90;Outros
73.10;Reservat rios, barris, tambores, latas, caixas e recipientes semelhantes para quaisquer mat rias (exceto gases comprimidos ou liquefeitos), de ferro fundido, ferro ou a o, de capacidade n o superior a 300 l, sem dispositivos mec nicos ou t rmicos, mesmo com revestimento interior ou calor fugo.
7310.10;- De capacidade igual ou superior a 50 l
7310.10.10;Recipientes isot rmicos refrigerados a nitrog nio (azoto) l quido, do tipo utilizado para s men, sangue, tecidos biol gicos e outros produtos semelhantes
7310.10.90;Outros
7310.2;- De capacidade inferior a 50 l:
7310.21;-- Latas pr prias para serem fechadas por soldadura ou crava  o
7310.21.10;Pr prias para acondicionar produtos aliment cios
7310.21.90;Outros
7310.29;-- Outros
7310.29.10;Pr prios para acondicionar produtos aliment cios
7310.29.20;Recipientes isot rmicos refrigerados a nitrog nio (azoto) l quido, do tipo utilizado para s men, sangue, tecidos biol gicos e outros produtos semelhantes
7310.29.90;Outros
7311.00.00;Recipientes para gases comprimidos ou liquefeitos, de ferro fundido, ferro ou a o.
73.12;Cordas, cabos, tran as (entran ados*), lingas e artigos semelhantes, de ferro ou a o, n o isolados para usos el tricos.
7312.10;- Cordas e cabos
7312.10.10;De fios de a o revestidos de bronze ou lat o
7312.10.90;Outros
7312.90.00;- Outros
7313.00.00;"Arame farpado, de ferro ou a o; arames ou tiras, retorcidos, mesmo farpados, de ferro ou a o, do tipo utilizado em cercas."
73.14;"Telas met licas (incluindo as telas cont nuas ou sem fim), grades e redes, de fios de ferro ou a o; chapas e tiras, distendidas, de ferro ou a o."
7314.1;- Telas met licas tecidas:
7314.12.00;-- Telas met licas, cont nuas ou sem fim, para m quinas, de a o inoxid vel
7314.14.00;-- Outras telas met licas tecidas, de a o inoxid vel
7314.19.00;-- Outras
7314.20.00;- Grades e redes, soldadas nos pontos de interse  o, de fios com, pelo menos, 3 mm na maior dimens o da se  o transversal e com malhas de 100 cm2 ou mais, de superf cie
7314.3;- Outras grades e redes, soldadas nos pontos de interse  o:
7314.31.00;-- Galvanizadas
7314.39.00;-- Outras
7314.4;- Outras telas met licas, grades e redes:
7314.41.00;-- Galvanizadas
7314.42.00;-- Revestidas de pl stico
7314.49.00;-- Outras
7314.50.00;- Chapas e tiras, distendidas
73.15;Correntes, cadeias, e suas partes, de ferro fundido, ferro ou a o.
7315.1;- Correntes de elos articulados e suas partes:
7315.11;-- Correntes de rolos
7315.11.10;"Do tipo utilizado em bicicletas, com passo de 12,7 mm (1/2"") e largura interna igual ou superior a 1,98 mm (5/64""), mas inferior ou igual a 3,17 mm (1/8"")"
7315.11.90;Outras
7315.12;-- Outras correntes
7315.12.10;De transmiss o
7315.12.90;Outras
7315.19.00;-- Partes
7315.20.00;- Correntes antiderrapantes
7315.8;- Outras correntes e cadeias:
7315.81.00;-- Correntes de elos com suporte
7315.82.00;-- Outras correntes, de elos soldados
7315.89.00;-- Outras
7315.90.00;- Outras partes
7316.00.00; ncoras, fateixas, e suas partes, de ferro fundido, ferro ou a o.
7317.00;Tachas, pregos, percevejos, esc pulas (pregos para tacos), grampos ondulados ou biselados e artigos semelhantes, de ferro fundido, ferro ou a o, mesmo com a cabe a de outra mat ria, exceto cobre.
7317.00.10;Tachas
7317.00.20;Grampos de fio curvado
7317.00.30;Pontas ou dentes para m quinas t xteis
7317.00.90;Outros
73.18;Parafusos, pinos ou pernos, roscados, porcas, tira-fundos, ganchos roscados, rebites, chavetas, contrapinos ou tro os, arruelas (anilhas) (incluindo as de press o) e artigos semelhantes, de ferro fundido, ferro ou a o.
7318.1;- Artigos roscados:
7318.11.00;-- Tira-fundos
7318.12.00;-- Outros parafusos para madeira
7318.13.00;-- Ganchos, esc pulas e pit es
7318.14.00;-- Parafusos autoperfurantes
7318.15.00;-- Outros parafusos e pinos ou pernos, mesmo com as porcas e arruelas (anilhas)
7318.16.00;-- Porcas
7318.19.00;-- Outros
7318.2;- Artigos n o roscados:
7318.21.00;-- Arruelas (anilhas) de press o e outras arruelas (anilhas) de seguran a
7318.22.00;-- Outras arruelas (anilhas)
7318.23.00;-- Rebites
7318.24.00;-- Chavetas e contrapinos ou tro os
7318.29.00;-- Outros
73.19;"Agulhas de costura, agulhas de tric , agulhas-passadoras, agulhas de croch , furadores para bordar e artigos semelhantes, para uso manual, de ferro ou a o; alfinetes de seguran a e outros alfinetes, de ferro ou a o, n o especificados nem compreendidos noutras posi  es."
7319.40.00;- Alfinetes de seguran a e outros alfinetes
7319.90.00;- Outros
73.20;Molas e folhas de molas, de ferro ou a o.
7320.10.00;- Molas de folhas e suas folhas
7320.20;- Molas helicoidais
7320.20.10;Cil ndricas
7320.20.90;Outras
7320.90.00;- Outras
73.21;Aquecedores de ambiente (fog es de sala), caldeiras de fornalha, fog es de cozinha (incluindo os que possam ser utilizados acessoriamente no aquecimento central), churrasqueiras (grelhadores), braseiras, fogareiros a g s, aquecedores de pratos, e aparelhos n o el tricos semelhantes, de uso dom stico, e suas partes, de ferro fundido, ferro ou a o.
7321.1;- Aparelhos para cozinhar e aquecedores de pratos:
7321.11.00;-- A combust veis gasosos, ou a g s e outros combust veis
7321.12.00;-- A combust veis l quidos
7321.19.00;-- Outros, incluindo os aparelhos a combust veis s lidos
7321.8;- Outros aparelhos:
7321.81.00;-- A combust veis gasosos, ou a g s e outros combust veis
7321.82.00;-- A combust veis l quidos
7321.89.00;-- Outros, incluindo os aparelhos a combust veis s lidos
7321.90.00;- Partes
73.22;"Radiadores para aquecimento central, n o el tricos, e suas partes, de ferro fundido, ferro ou a o; geradores e distribuidores de ar quente (incluindo os distribuidores que possam tamb m funcionar como distribuidores de ar frio ou condicionado), n o el tricos, munidos de ventilador ou fole com motor, e suas partes, de ferro fundido, ferro ou a o."
7322.1;- Radiadores e suas partes:
7322.11.00;-- De ferro fundido
7322.19.00;-- Outros
7322.90;- Outros
7322.90.10;Geradores de ar quente a combust vel l quido, com capacidade igual ou superior a 1.500 kcal/h, mas n o superior a 10.400 kcal/h, do tipo utilizado em ve culos autom veis
7322.90.90;Outros
73.23;"Servi os de mesa, artigos de cozinha e outros artigos de uso dom stico, e suas partes, de ferro fundido, ferro ou a o; palha de ferro ou a o; esponjas, esfreg es, luvas e artigos semelhantes para limpeza, polimento ou usos semelhantes, de ferro ou a o."
7323.10.00;"- Palha de ferro ou a o; esponjas, esfreg es, luvas e artigos semelhantes para limpeza, polimento ou usos semelhantes"
7323.9;- Outros:
7323.91.00;-- De ferro fundido, n o esmaltados
7323.92.00;-- De ferro fundido, esmaltados
7323.93.00;-- De a o inoxid vel
7323.94.00;-- De ferro ou a o, esmaltados
7323.99.00;-- Outros
73.24;Artigos de higiene ou de toucador, e suas partes, de ferro fundido, ferro ou a o.
7324.10.00;- Pias e lavat rios, de a o inoxid vel
7324.2;- Banheiras:
7324.21.00;-- De ferro fundido, mesmo esmaltadas
7324.29.00;-- Outras
7324.90.00;- Outros, incluindo as partes
73.25;Outras obras moldadas, de ferro fundido, ferro ou a o.
7325.10.00;- De ferro fundido, n o male vel
7325.9;- Outras:
7325.91.00;-- Esferas e artigos semelhantes, para moinhos
7325.99;-- Outras
7325.99.10;De a o
7325.99.90;Outras
73.26;Outras obras de ferro ou a o.
7326.1;- Simplesmente forjadas ou estampadas:
7326.11.00;-- Esferas e artigos semelhantes, para moinhos
7326.19.00;-- Outras
7326.20.00;- Obras de fio de ferro ou a o
7326.90;- Outras
7326.90.10;Calotas el pticas de a o ao n quel, segundo Norma ASME SA 353, do tipo utilizado na fabrica  o de recipientes para gases comprimidos ou liquefeitos
7326.90.20;Discos pr prios para cunhagem de moedas
7326.90.90;Outras
74;Cobre e suas obras.
7401.00.00;"Mates de cobre; cobre de cementa  o (precipitado de cobre)."
7402.00.00;"Cobre n o refinado (afinado);  nodos de cobre para refina  o (afina  o) eletrol tica."
74.03;Cobre refinado (afinado) e ligas de cobre em formas brutas.
7403.1;- Cobre refinado (afinado):
7403.11.00;-- C todos e seus elementos
7403.12.00;-- Barras para obten  o de fios (wire-bars)
7403.13.00;-- Palanquilhas (Lingotes*) (billets)
7403.19.00;-- Outro
7403.2;- Ligas de cobre:
7403.21.00;--   base de cobrezinco (lat o)
7403.22.00;--   base de cobre-estanho (bronze)
7403.29.00;-- Outras ligas de cobre (exceto ligas-m e da posi  o 74.05)
7404.00.00;Desperd cios e res duos, e sucata, de cobre.
7405.00.00;Ligas-m e de cobre.
74.06;P s e escamas, de cobre.
7406.10;- P s de estrutura n o lamelar
7406.10.10;Com um teor, em peso, de chumbo igual ou superior a 9,5 %, mas inferior ou igual a 25,0 % e de estanho igual ou superior a 1,75 %, mas inferior ou igual a 11,0 %, sem outros elementos
7406.10.20;Com um teor, em peso, de estanho igual ou superior a 7,0 %, mas inferior ou igual a 9,0 % e de n quel igual ou superior a 0,7 %, mas inferior ou igual a 1,3 %, sem outros elementos
7406.10.90;Outros
7406.20.00;"- P s de estrutura lamelar; escamas"
74.07;Barras e perfis, de cobre.
7407.10;- De cobre refinado (afinado)
7407.10.10;Barras
7407.10.2;Perfis
7407.10.21;Ocos
7407.10.29;Outros
7407.2;- De ligas de cobre:
7407.21;--   base de cobrezinco (lat o)
7407.21.10;Barras
7407.21.20;Perfis
7407.29;-- Outros
7407.29.10;Barras
7407.29.2;Perfis
7407.29.21;Ocos
7407.29.29;Outros
74.08;Fios de cobre.
7408.1;- De cobre refinado (afinado):
7408.11.00;-- Com a maior dimens o da se  o transversal superior a 6 mm
7408.19.00;-- Outros
7408.2;- De ligas de cobre:
7408.21.00;--   base de cobrezinco (lat o)
7408.22.00;--   base de cobren quel (cupron quel) ou de cobreniquelzinco (maillechort)
7408.29;-- Outros
7408.29.1;  base de cobre-estanho (bronze)
7408.29.12;Fosforoso, de se  o transversal circular, de di metro inferior ou igual a 0,8 mm
7408.29.13;Outros, fosforosos
7408.29.19;Outros
7408.29.90;Outros
74.09;Chapas e tiras, de cobre, de espessura superior a 0,15 mm.
7409.1;- De cobre refinado (afinado):
7409.11.00;-- Em rolos
7409.19.00;-- Outras
7409.2;- De ligas   base de cobrezinco (lat o):
7409.21.00;-- Em rolos
7409.29.00;-- Outras
7409.3;- De ligas   base de cobre-estanho (bronze):
7409.31;-- Em rolos
7409.31.1;Revestidas de pl stico
7409.31.11;Com uma camada intermedi ria de liga de cobre-estanho ou cobre-estanho-chumbo, aplicada por sinteriza  o
7409.31.19;Outras
7409.31.90;Outras
7409.39.00;-- Outras
7409.40;- De ligas   base de cobren quel (cupron quel) ou de cobreniquelzinco (maillechort)
7409.40.1;Em rolos
7409.40.11;De liga de cobreniquelsil cio, galvanizadas
7409.40.19;Outras
7409.40.90;Outras
7409.90.00;- De outras ligas de cobre
74.10;Folhas e tiras, delgadas, de cobre (mesmo impressas ou com suporte de papel, cart o, pl stico ou semelhantes), de espessura n o superior a 0,15 mm (excluindo o suporte).
7410.1;- Sem suporte:
7410.11;-- De cobre refinado (afinado)
7410.11.1;Folha de espessura inferior ou igual a 0,07 mm e com pureza igual ou superior a 99,85 %, em peso
7410.11.12;De espessura inferior ou igual a 0,04 mm e uma resistividade el trica inferior ou igual a 0,017241 ohm.mm2/m
7410.11.13;Outras, de espessura inferior ou igual a 0,04 mm
7410.11.19;Outras
7410.11.90;Outras
7410.12.00;-- De ligas de cobre
7410.2;- Com suporte:
7410.21;-- De cobre refinado (afinado)
7410.21.10;Com suporte isolante de resina ep xida e fibra de vidro, do tipo utilizado para circuitos impressos
7410.21.20;Com espessura superior a 0,012 mm, sobre suporte de poli ster ou poliimida e com espessura total, incluindo o suporte, inferior ou igual a 0,195 mm
7410.21.30;Com suporte isolante de resina fen lica e papel, do tipo utilizado para circuitos impressos
7410.21.90;Outras
7410.22.00;-- De ligas de cobre
74.11;Tubos de cobre.
7411.10;- De cobre refinado (afinado)
7411.10.10;N o aletados nem ranhurados
7411.10.90;Outros
7411.2;- De ligas de cobre:
7411.21;--   base de cobrezinco (lat o)
7411.21.10;N o aletados nem ranhurados
7411.21.90;Outros
7411.22;--   base de cobren quel (cupron quel) ou de cobreniquelzinco (maillechort)
7411.22.10;N o aletados nem ranhurados
7411.22.90;Outros
7411.29;-- Outros
7411.29.10;N o aletados nem ranhurados
7411.29.90;Outros
74.12;Acess rios para tubos (por exemplo, uni es, cotovelos, luvas (mangas*)), de cobre.
7412.10.00;- De cobre refinado (afinado)
7412.20.00;- De ligas de cobre
7413.00.00;Cordas, cabos, tran as (entran ados*) e artigos semelhantes, de cobre, n o isolados para usos el tricos.
74.15;"Tachas, pregos, percevejos, esc pulas (pregos para tacos) e artigos semelhantes, de cobre ou de ferro ou a o com cabe a de cobre; parafusos, pinos ou pernos, roscados, porcas, ganchos roscados, rebites, chavetas, cavilhas, contrapinos ou tro os, arruelas (anilhas) (incluindo as de press o), e artigos semelhantes, de cobre."
7415.10.00;- Tachas, pregos, percevejos, esc pulas (pregos para tacos) e artigos semelhantes
7415.2;- Outros artigos, n o roscados:
7415.21.00;-- Arruelas (anilhas) (incluindo as de press o)
7415.29.00;-- Outros
7415.3;- Outros artigos, roscados:
7415.33.00;"-- Parafusos; pinos ou pernos e porcas"
7415.39.00;-- Outros
74.18;"Servi os de mesa, artigos de cozinha e outros artigos de uso dom stico, e suas partes, de cobre; esponjas, esfreg es, luvas e artigos semelhantes, para limpeza, polimento ou usos semelhantes, de cobre; artigos de higiene ou de toucador, e suas partes, de cobre."
7418.10.00;"- Servi os de mesa, artigos de cozinha e outros artigos de uso dom stico, e suas partes; esponjas, esfreg es, luvas e artigos semelhantes, para limpeza, polimento ou usos semelhantes"
7418.20.00;- Artigos de higiene ou de toucador, e suas partes
74.19;Outras obras de cobre.
7419.20.00;- Vazadas, moldadas, estampadas ou forjadas, mas n o trabalhadas de outro modo
7419.80;- Outras
7419.80.10;Telas met licas de fio de cobre
7419.80.20;"Grades e redes, de fio de cobre; chapas e tiras, distendidas"
7419.80.30;Molas
7419.80.40;Discos pr prios para cunhagem de moedas
7419.80.90;Outras
75;N quel e suas obras.
75.01;Mates de n quel, sinters de  xidos de n quel e outros produtos intermedi rios da metalurgia do n quel.
7501.10.00;- Mates de n quel
7501.20.00;- Sinters de  xidos de n quel e outros produtos intermedi rios da metalurgia do n quel
75.02;N quel em formas brutas.
7502.10;- N quel n o ligado
7502.10.10;Catodos
7502.10.90;Outro
7502.20.00;- Ligas de n quel
7503.00.00;Desperd cios e res duos, e sucata, de n quel.
7504.00;P s e escamas, de n quel.
7504.00.10;N o ligado
7504.00.90;Outros
75.05;Barras, perfis e fios, de n quel.
7505.1;- Barras e perfis:
7505.11;-- De n quel n o ligado
7505.11.10;Barras
7505.11.2;Perfis
7505.11.21;Ocos
7505.11.29;Outros
7505.12;-- De ligas de n quel
7505.12.10;Barras
7505.12.2;Perfis
7505.12.21;Ocos
7505.12.29;Outros
7505.2;- Fios:
7505.21.00;-- De n quel n o ligado
7505.22;-- De ligas de n quel
7505.22.10;  base de niqueltit nio (nitinol)
7505.22.90;Outros
75.06;Chapas, tiras e folhas, de n quel.
7506.10.00;- De n quel n o ligado
7506.20.00;- De ligas de n quel
75.07;Tubos e seus acess rios (por exemplo, uni es, cotovelos, luvas (mangas*)), de n quel.
7507.1;- Tubos:
7507.11.00;-- De n quel n o ligado
7507.12.00;-- De ligas de n quel
7507.20.00;- Acess rios para tubos
75.08;Outras obras de n quel.
7508.10.00;- Telas met licas e grades, de fios de n quel
7508.90;- Outras
7508.90.10;Cilindros ocos de se  o vari vel, obtidos por centrifuga  o, do tipo utilizado em reformadores estequiom tricos de g s natural
7508.90.90;Outras
76;Alum nio e suas obras.
76.01;Alum nio em formas brutas.
7601.10.00;- Alum nio n o ligado
7601.20.00;- Ligas de alum nio
7602.00.00;Desperd cios e res duos, e sucata, de alum nio.
76.03;P s e escamas, de alum nio.
7603.10.00;- P s de estrutura n o lamelar
7603.20.00;"- P s de estrutura lamelar; escamas"
76.04;Barras e perfis, de alum nio.
7604.10;- De alum nio n o ligado
7604.10.10;Barras
7604.10.2;Perfis
7604.10.21;Ocos
7604.10.29;Outros
7604.2;- De ligas de alum nio:
7604.21.00;-- Perfis ocos
7604.29;-- Outros
7604.29.1;Barras
7604.29.11;Forjadas, de se  o transversal circular, de di metro igual ou superior a 400 mm, mas n o superior a 760 mm
7604.29.19;Outras
7604.29.20;Perfis
76.05;Fios de alum nio.
7605.1;- De alum nio n o ligado:
7605.11;-- Com a maior dimens o da se  o transversal superior a 7 mm
7605.11.10;Com um teor de alum nio igual ou superior a 99,45 %, em peso, e uma resistividade el trica inferior ou igual a 0,0283 ohm.mm2/m
7605.11.90;Outros
7605.19;-- Outros
7605.19.10;Com um teor de alum nio igual ou superior a 99,45 %, em peso, e uma resistividade el trica inferior ou igual a 0,0283 ohm.mm2/m
7605.19.90;Outros
7605.2;- De ligas de alum nio:
7605.21;-- Com a maior dimens o da se  o transversal superior a 7 mm
7605.21.10;Com um teor, em peso, de alum nio igual ou superior a 98,45 %, e de magn sio e sil cio, considerados individualmente, igual ou superior a 0,45 % e inferior ou igual a 0,55 % e uma resistividade el trica inferior ou igual a 0,0328 ohm.mm2/m
7605.21.90;Outros
7605.29;-- Outros
7605.29.10;Com um teor, em peso, de alum nio igual ou superior a 98,45 %, e de magn sio e sil cio, considerados individualmente, igual ou superior a 0,45 % e inferior ou igual a 0,55 % e uma resistividade el trica inferior ou igual a 0,0328 ohm.mm2/m
7605.29.90;Outros
76.06;Chapas e tiras, de alum nio, de espessura superior a 0,2 mm.
7606.1;- De forma quadrada ou retangular:
7606.11;-- De alum nio n o ligado
7606.11.10;Com um teor, em peso, de sil cio igual ou superior a 0,05 % e inferior ou igual a 0,20 %, de ferro igual ou superior a 0,20 % e inferior ou igual a 0,40 %, de cobre inferior ou igual a 0,05 %, de zinco inferior ou igual a 0,05 %, de mangan s inferior ou igual a 0,1 % e de outros elementos, cada um, inferior ou igual a 0,1 %, de espessura inferior ou igual a 0,4 mm, em bobinas de largura superior a 900 mm, com uma rela  o entre as rugosidades m xima e aritm tica m dia igual ou superior a 1,25 e inferior ou igual a 1,30 em cada uma das faces e com um limite de resist ncia   tra  o igual ou superior a 115 MPa
7606.11.90;Outras
7606.12;-- De ligas de alum nio
7606.12.10;Com teores, em peso, de magn sio igual ou superior a 4 % e inferior ou igual a 5 %, de mangan s igual ou superior a 0,20 % e inferior ou igual a 0,50 %, de ferro inferior ou igual a 0,35 %, de sil cio inferior ou igual a 0,20 % e de outros metais, em conjunto, inferior ou igual a 0,75 %, e de espessura inferior ou igual a 0,3 mm e largura igual ou superior a 1.450 mm, envernizadas em ambas as faces
7606.12.20;Com um teor, em peso, de alum nio igual ou superior a 99 % e de magn sio superior a 0,10 %, de espessura inferior ou igual a 0,40 mm, com um limite de resist ncia a tra  o igual ou superior a 140 MPa, mas inferior ou igual a 240 MPa, e alongamento igual ou superior a 0,90 %, mas inferior ou igual a 7 %
7606.12.30;Simplesmente laminadas, constitu das de, pelo menos, duas camadas de diferentes ligas de alum nio, sendo uma o n cleo e as outras de revestimento, exceto: n cleo de liga da Aluminium Association AA 3003 modificada (liga de alum nio com um teor, em peso, de sil cio inferior ou igual a 0,60 %, de ferro inferior ou igual a 0,70 %, de cobre igual ou superior a 0,05 % e inferior ou igual a 0,20 %, de mangan s igual ou superior a 1,0 % e inferior ou igual a 1,5 %, de zinco inferior ou igual a 0,15 % e de outros elementos total inferior ou igual a 0,15 %) com revestimento de liga AA 4343 (liga de alum nio com um teor, em peso, de sil cio igual ou superior a 6,8 % e inferior ou igual a 8,2 %, de ferro inferior ou igual a 0,80 %, de cobre inferior ou igual a 0,25 %, de mangan s inferior ou igual a 0,10 %, de zinco inferior ou igual a 0,20 % e de outros elementos total inferior ou igual a 0,15 %)
7606.12.90;Outras
7606.9;- Outras:
7606.91.00;-- De alum nio n o ligado
7606.92.00;-- De ligas de alum nio
76.07;Folhas e tiras, delgadas, de alum nio (mesmo impressas ou com suporte de papel, cart o, pl stico ou semelhantes), de espessura n o superior a 0,2 mm (excluindo o suporte).
7607.1;- Sem suporte:
7607.11;-- Simplesmente laminadas
7607.11.10;Com um teor, em peso, de alum nio igual ou superior a 99 % e de magn sio superior a 0,06 %, de espessura igual ou superior a 0,12 mm, com um limite de resist ncia a tra  o igual ou superior a 140 MPa, mas inferior ou igual a 240 MPa, e alongamento igual ou superior a 0,90 %, mas inferior ou igual a 7 %
7607.11.20;Constitu das de, pelo menos, duas camadas de diferentes ligas de alum nio, sendo uma o n cleo e as outras de revestimento, exceto: n cleo de liga da Aluminium Association AA 3003 modificada (liga de alum nio com um teor, em peso, de sil cio inferior ou igual a 0,60 %, de ferro inferior ou igual a 0,70 %, de cobre igual ou superior a 0,05 % e inferior ou igual a 0,20 %, de mangan s igual ou superior a 1,0 % e inferior ou igual a 1,5 %, de zinco inferior ou igual a 0,15 % e de outros elementos total inferior ou igual a 0,15 %) com revestimento de liga AA 4343 (liga de alum nio com um teor, em peso, de sil cio igual ou superior a 6,8 % e inferior ou igual a 8,2 %, de ferro inferior ou igual a 0,80 %, de cobre inferior ou igual a 0,25 %, de mangan s inferior ou igual a 0,10 %, de zinco inferior ou igual a 0,20 % e de outros elementos total inferior ou igual a 0,15 %)
7607.11.90;Outras
7607.19;-- Outras
7607.19.10;Gravadas por processo eletroqu mico de corros o, mesmo com camada de  xido de alum nio, de espessura inferior ou igual a 110 micr metros (m crons) e com um conte do de alum nio igual ou superior a 98 %, em peso
7607.19.90;Outras
7607.20.00;- Com suporte
76.08;Tubos de alum nio.
7608.10.00;- De alum nio n o ligado
7608.20;- De ligas de alum nio
7608.20.10;Sem costura, extrudados e trefilados, segundo Norma ASTM B210, de se  o circular, de liga AA 6061 (Aluminium Association), com limite el stico aparente de Johnson (JAEL) superior a 3.000 Nm, segundo Norma SAE AE7, di metro externo igual ou superior a 85 mm, mas inferior ou igual a 105 mm e espessura igual ou superior a 1,9 mm, mas inferior ou igual a 2,3 mm
7608.20.90;Outros
7609.00.00;Acess rios para tubos (por exemplo, uni es, cotovelos, luvas (mangas*)), de alum nio.
76.10;"Constru  es e suas partes (por exemplo, pontes e elementos de pontes, torres, p rticos ou pilones, pilares, colunas, arma  es, estruturas para telhados, portas e janelas, e seus caixilhos, alizares e soleiras, balaustradas), de alum nio, exceto as constru  es pr -fabricadas da posi  o 94.06; chapas, barras, perfis, tubos e semelhantes, de alum nio, pr prios para constru  es."
7610.10.00;- Portas e janelas, e seus caixilhos, alizares e soleiras
7610.90.00;- Outros
7611.00.00;Reservat rios, ton is, cubas e recipientes semelhantes para quaisquer mat rias (exceto gases comprimidos ou liquefeitos), de alum nio, de capacidade superior a 300 l, sem dispositivos mec nicos ou t rmicos, mesmo com revestimento interior ou calor fugo.
76.12;Reservat rios, barris, tambores, latas, caixas e recipientes semelhantes (incluindo os recipientes tubulares, r gidos ou flex veis) para quaisquer mat rias (exceto gases comprimidos ou liquefeitos), de alum nio, de capacidade n o superior a 300 l, sem dispositivos mec nicos ou t rmicos, mesmo com revestimento interior ou calor fugo.
7612.10.00;- Recipientes tubulares, flex veis
7612.90;- Outros
7612.90.1;Recipientes tubulares
7612.90.11;Para aeross is, com capacidade inferior ou igual a 700 cm3
7612.90.12;Isot rmicos, refrigerados a nitrog nio (azoto) l quido, do tipo utilizado para s men, sangue, tecidos biol gicos e outros produtos semelhantes
7612.90.19;Outros
7612.90.20;Recipientes (c psulas) para embalagem de caf  e produtos semelhantes, do tipo utilizado em m quinas para prepara  o de bebidas
7612.90.90;Outros
7613.00.00;Recipientes para gases comprimidos ou liquefeitos, de alum nio.
76.14;Cordas, cabos, tran as (entran ados*) e semelhantes, de alum nio, n o isolados para usos el tricos.
7614.10;- Com alma de a o
7614.10.10;Cordas e cabos
7614.10.90;Outros
7614.90;- Outros
7614.90.10;Cabos
7614.90.90;Outros
76.15;"Servi os de mesa, artigos de cozinha e outros artigos de uso dom stico, e suas partes, de alum nio; esponjas, esfreg es, luvas e artigos semelhantes, para limpeza, polimento ou usos semelhantes, de alum nio; artigos de higiene ou de toucador, e suas partes, de alum nio."
7615.10.00;"- Servi os de mesa, artigos de cozinha e outros artigos de uso dom stico, e suas partes; esponjas, esfreg es, luvas e artigos semelhantes, para limpeza, polimento ou usos semelhantes"
7615.20.00;- Artigos de higiene ou de toucador, e suas partes
76.16;Outras obras de alum nio.
7616.10.00;- Tachas, pregos, esc pulas (pregos para tacos), parafusos, pinos ou pernos roscados, porcas, ganchos roscados, rebites, chavetas, cavilhas, contrapinos ou tro os, arruelas (anilhas) e artigos semelhantes
7616.9;- Outras:
7616.91.00;-- Telas met licas, grades e redes, de fios de alum nio
7616.99.00;-- Outras
78;Chumbo e suas obras.
78.01;Chumbo em formas brutas.
7801.10;- Chumbo refinado (afinado)
7801.10.1;Eletrol tico
7801.10.11;Em lingotes
7801.10.19;Outro
7801.10.90;Outro
7801.9;- Outro:
7801.91.00;-- Que contenha antim nio como segundo elemento predominante em peso
7801.99.00;-- Outro
7802.00.00;Desperd cios e res duos, e sucata, de chumbo.
78.04;"Chapas, folhas e tiras, de chumbo; p s e escamas, de chumbo."
7804.1;- Chapas, folhas e tiras:
7804.11.00;-- Folhas e tiras, de espessura n o superior a 0,2 mm (excluindo o suporte)
7804.19.00;-- Outras
7804.20.00;- P s e escamas
7806.00;Outras obras de chumbo.
7806.00.10;Barras, perfis e fios
7806.00.20;Tubos e seus acess rios
7806.00.90;Outras
79;Zinco e suas obras.
79.01;Zinco em formas brutas.
7901.1;- Zinco n o ligado:
7901.11;-- Que contenha, em peso, 99,99 % ou mais de zinco
7901.11.1;Eletrol tico
7901.11.11;Em lingotes
7901.11.19;Outro
7901.11.9;Outro
7901.11.91;Em lingotes
7901.11.99;Outro
7901.12;-- Que contenha, em peso, menos de 99,99 % de zinco
7901.12.10;Em lingotes
7901.12.90;Outro
7901.20;- Ligas de zinco
7901.20.10;Em lingotes
7901.20.90;Outro
7902.00.00;Desperd cios e res duos, e sucata, de zinco.
79.03;Poeiras, p s e escamas, de zinco.
7903.10.00;- Poeiras de zinco
7903.90.00;- Outros
7904.00.00;Barras, perfis e fios, de zinco.
7905.00.00;Chapas, folhas e tiras, de zinco.
7907.00;Outras obras de zinco.
7907.00.10;Tubos e seus acess rios
7907.00.90;Outras
80;Estanho e suas obras.
80.01;Estanho em formas brutas.
8001.10.00;- Estanho n o ligado
8001.20.00;- Ligas de estanho
8002.00.00;Desperd cios e res duos, e sucata, de estanho.
8003.00.00;Barras, perfis e fios, de estanho.
8007.00;Outras obras de estanho.
8007.00.10;Chapas, folhas e tiras
8007.00.20;P s e escamas
8007.00.30;Tubos e seus acess rios
8007.00.90;Outras
81;"Outros metais comuns; cermets; obras dessas mat rias."
81.01;Tungst nio (volfr mio) e suas obras, incluindo os desperd cios e res duos, e sucata.
8101.10.00;- P s
8101.9;- Outros:
8101.94.00;-- Tungst nio (volfr mio) em formas brutas, incluindo as barras simplesmente obtidas por sinteriza  o
8101.96.00;-- Fios
8101.97.00;-- Desperd cios e res duos, e sucata
8101.99;-- Outros
8101.99.10;Do tipo utilizado na fabrica  o de contatos el tricos
8101.99.90;Outros
81.02;Molibd nio e suas obras, incluindo os desperd cios e res duos, e sucata.
8102.10.00;- P s
8102.9;- Outros:
8102.94.00;-- Molibd nio em formas brutas, incluindo as barras simplesmente obtidas por sinteriza  o
8102.95.00;-- Barras, exceto as simplesmente obtidas por sinteriza  o, perfis, chapas, tiras e folhas
8102.96.00;-- Fios
8102.97.00;-- Desperd cios e res duos, e sucata
8102.99.00;-- Outros
81.03;T ntalo e suas obras, incluindo os desperd cios e res duos, e sucata.
8103.20.00;"- T ntalo em formas brutas, incluindo as barras simplesmente obtidas por sinteriza  o; p s"
8103.30.00;- Desperd cios e res duos, e sucata
8103.9;- Outros:
8103.91.00;-- Cadinhos
8103.99.00;-- Outros
81.04;Magn sio e suas obras, incluindo os desperd cios e res duos, e sucata.
8104.1;- Magn sio em formas brutas:
8104.11.00;-- Que contenha pelo menos 99,8 %, em peso, de magn sio
8104.19.00;-- Outro
8104.20.00;- Desperd cios e res duos, e sucata
8104.30.00;"- Aparas, res duos de torno e gr nulos, calibrados; p s"
8104.90.00;- Outros
81.05;"Mates de cobalto e outros produtos intermedi rios da metalurgia do cobalto; cobalto e suas obras, incluindo os desperd cios e res duos, e sucata."
8105.20;"- Mates de cobalto e outros produtos intermedi rios da metalurgia do cobalto; cobalto em formas brutas; p s"
8105.20.10;Em formas brutas
8105.20.2;P s
8105.20.21;De ligas   base de cobalto-cromo-tungst nio (volfr mio) (estelites)
8105.20.29;Outros
8105.20.90;Outros
8105.30.00;- Desperd cios e res duos, e sucata
8105.90;- Outros
8105.90.10;Chapas, folhas, tiras, fios, hastes, pastilhas e plaquetas
8105.90.90;Outros
81.06;Bismuto e suas obras, incluindo os desperd cios e res duos, e sucata.
8106.10.00;- Que contenham mais de 99,99 %, em peso, de bismuto
8106.90.00;- Outros
81.08;Tit nio e suas obras, incluindo os desperd cios e res duos, e sucata.
8108.20.00;"- Tit nio em formas brutas; p s"
8108.30.00;- Desperd cios e res duos, e sucata
8108.90.00;- Outros
81.09;Zirc nio e suas obras, incluindo os desperd cios e res duos, e sucata.
8109.2;"- Zirc nio em formas brutas; p s:"
8109.21.00;-- Que contenham menos de uma parte de h fnio para 500 partes, em peso, de zirc nio
8109.29.00;-- Outros
8109.3;- Desperd cios e res duos, e sucata:
8109.31.00;-- Que contenham menos de uma parte de h fnio para 500 partes, em peso, de zirc nio
8109.39.00;-- Outros
8109.9;- Outros:
8109.91.00;-- Que contenham menos de uma parte de h fnio para 500 partes, em peso, de zirc nio
8109.99.00;-- Outros
81.10;Antim nio e suas obras, incluindo os desperd cios e res duos, e sucata.
8110.10;"- Antim nio em formas brutas; p s"
8110.10.10;Em formas brutas
8110.10.20;P s
8110.20.00;- Desperd cios e res duos, e sucata
8110.90.00;- Outros
8111.00;Mangan s e suas obras, incluindo os desperd cios e res duos, e sucata.
8111.00.10;Em formas brutas
8111.00.20;Chapas, folhas, tiras, fios, hastes, pastilhas e plaquetas
8111.00.90;Outros
81.12;Ber lio, cromo, h fnio (c ltio), r nio, t lio, c dmio, germ nio, van dio, g lio,  ndio e ni bio (col mbio), e suas obras, incluindo os desperd cios e res duos, e sucata.
8112.1;- Ber lio:
8112.12.00;"-- Em formas brutas; p s"
8112.13.00;-- Desperd cios e res duos, e sucata
8112.19.00;-- Outros
8112.2;- Cromo:
8112.21;"-- Em formas brutas; p s"
8112.21.10;Em formas brutas
8112.21.20;P s
8112.22.00;-- Desperd cios e res duos, e sucata
8112.29.00;-- Outros
8112.3;- H fnio (c ltio):
8112.31.00;"-- Em formas brutas; desperd cios e res duos, e sucata; p s"
8112.39.00;-- Outros
8112.4;- R nio:
8112.41.00;"-- Em formas brutas; desperd cios e res duos, e sucata; p s"
8112.49.00;-- Outros
8112.5;- T lio:
8112.51.00;"-- Em formas brutas; p s"
8112.52.00;-- Desperd cios e res duos, e sucata
8112.59.00;-- Outros
8112.6;- C dmio:
8112.61.00;-- Desperd cios e res duos, e sucata
8112.69.00;-- Outros
8112.9;- Outros:
8112.92.00;"-- Em formas brutas; desperd cios e res duos, e sucata; p s"
8112.99.00;-- Outros
8113.00;Cermets e suas obras, incluindo os desperd cios e res duos, e sucata.
8113.00.10;Chapas, folhas, tiras, fios, hastes, pastilhas e plaquetas
8113.00.90;Outros
82;Ferramentas, artigos de cutelaria e talheres, e suas partes, de metais comuns.
82.01;"P s, alvi es, picaretas, enxadas, sachos, forcados, forquilhas, ancinhos e raspadeiras; machados, pod es e ferramentas semelhantes com gume; tesouras de podar de qualquer tipo; foices e foicinhas, facas para feno ou para palha, tesouras para sebes, cunhas e outras ferramentas manuais para agricultura, horticultura ou silvicultura."
8201.10.00;- P s
8201.30.00;- Alvi es, picaretas, enxadas, sachos, ancinhos e raspadeiras
8201.40.00;- Machados, pod es e ferramentas semelhantes com gume
8201.50.00;- Tesouras de podar (incluindo as tesouras para aves) manipuladas com uma das m os
8201.60.00;- Tesouras para sebes, tesouras de podar e ferramentas semelhantes, manipuladas com as duas m os
8201.90.00;- Outras ferramentas manuais para agricultura, horticultura e silvicultura
82.02;"Serras manuais; folhas de serras de qualquer tipo (incluindo as fresas-serras e as folhas n o dentadas para serrar)."
8202.10.00;- Serras manuais
8202.20.00;- Folhas de serras de fita
8202.3;- Folhas de serras circulares (incluindo as fresas-serras):
8202.31.00;-- Com parte operante de a o
8202.39.00;-- Outras, incluindo as partes
8202.40.00;- Correntes cortantes de serras
8202.9;- Outras folhas de serras:
8202.91.00;-- Folhas de serras retil neas, para trabalhar metais
8202.99;-- Outras
8202.99.10;Retas, n o dentadas, para serrar pedras
8202.99.90;Outras
82.03;Limas, grosas, alicates (mesmo cortantes), tenazes, pin as, cisalhas para metais, corta-tubos, corta-pinos, saca-bocados e ferramentas semelhantes, manuais.
8203.10;- Limas, grosas e ferramentas semelhantes
8203.10.10;Limas e grosas
8203.10.90;Outras
8203.20;- Alicates (mesmo cortantes), tenazes, pin as e ferramentas semelhantes
8203.20.10;Alicates (mesmo cortantes)
8203.20.90;Outras
8203.30.00;- Cisalhas para metais e ferramentas semelhantes
8203.40.00;- Corta-tubos, corta-pinos, saca-bocados e ferramentas semelhantes
82.04;"Chaves de porcas, manuais (incluindo as chaves dinamom tricas); chaves de caixa intercambi veis, mesmo com cabos."
8204.1;- Chaves de porcas, manuais:
8204.11.00;-- De abertura fixa
8204.12.00;-- De abertura vari vel
8204.20.00;- Chaves de caixa intercambi veis, mesmo com cabos
82.05;"Ferramentas manuais (incluindo os corta-vidros (diamantes de vidraceiro)) n o especificadas nem compreendidas noutras posi  es; l mpadas ou lamparinas de soldar (ma aricos) e semelhantes; tornos de apertar, sargentos e semelhantes, exceto os acess rios ou partes de m quinas-ferramentas ou de m quinas de corte a jato de  gua; bigornas; forjas port teis; m s com arma  o, manuais ou de pedal."
8205.10.00;- Ferramentas de furar ou de roscar
8205.20.00;- Martelos e marretas
8205.30.00;- Plainas, form es, goivas e ferramentas cortantes semelhantes, para trabalhar madeira
8205.40.00;- Chaves de fenda
8205.5;- Outras ferramentas manuais (incluindo os corta-vidros (diamantes de vidraceiro)):
8205.51.00;-- De uso dom stico
8205.59.00;-- Outras
8205.60.00;- L mpadas ou lamparinas de soldar (ma aricos) e semelhantes
8205.70.00;- Tornos de apertar, sargentos e semelhantes
8205.90.00;- Outros, incluindo os sortidos constitu dos por artigos inclu dos em pelo menos duas das subposi  es da presente posi  o
8206.00.00;Ferramentas de pelo menos duas das posi  es 82.02 a 82.05, acondicionadas em sortidos para venda a retalho.
82.07;Ferramentas intercambi veis para ferramentas manuais, mesmo mec nicas, ou para m quinas-ferramentas (por exemplo, de embutir, estampar, puncionar, roscar (incluindo atarraxar), furar, escarear, mandrilar, brochar, fresar, tornear, aparafusar), incluindo as fieiras de estiramento ou de extrus o, para metais, e as ferramentas de perfura  o ou de sondagem.
8207.1;- Ferramentas de perfura  o ou de sondagem:
8207.13.00;-- Com parte operante de cermets
8207.19;-- Outras, incluindo as partes
8207.19.10;Brocas (drill bits)
8207.19.90;Outras
8207.20.00;- Fieiras de estiramento ou de extrus o, para metais
8207.30.00;- Ferramentas de embutir, de estampar ou de puncionar
8207.40;- Ferramentas de roscar (incluindo atarraxar) interior ou exteriormente
8207.40.10;De roscar interiormente
8207.40.20;De roscar exteriormente
8207.50;- Ferramentas de furar
8207.50.1;Brocas, mesmo diamantadas
8207.50.11;Helicoidais, de di metro inferior ou igual a 52 mm
8207.50.19;Outras
8207.50.90;Outras
8207.60.00;- Ferramentas de escarear, mandrilar ou de brochar
8207.70;- Ferramentas de fresar
8207.70.10;De topo
8207.70.20;Para cortar engrenagens
8207.70.90;Outras
8207.80.00;- Ferramentas de tornear
8207.90.00;- Outras ferramentas intercambi veis
82.08;Facas e l minas cortantes, para m quinas ou para aparelhos mec nicos.
8208.10.00;- Para trabalhar metais
8208.20.00;- Para trabalhar madeira
8208.30.00;- Para aparelhos de cozinha ou para m quinas das ind strias alimentares
8208.40.00;- Para m quinas de agricultura, horticultura ou silvicultura
8208.90.00;- Outras
8209.00;Plaquetas, varetas, pontas e objetos semelhantes para ferramentas, n o montados, de cermets.
8209.00.1;Plaquetas ou pastilhas
8209.00.11;Intercambi veis
8209.00.19;Outras
8209.00.90;Outros
8210.00;Aparelhos mec nicos de acionamento manual, pesando at  10 kg, utilizados para preparar, acondicionar ou servir alimentos ou bebidas.
8210.00.10;Moinhos
8210.00.90;Outros
82.11;Facas (exceto as da posi  o 82.08) de l mina cortante ou serrilhada, incluindo as podadeiras de l mina m vel, e suas l minas.
8211.10.00;- Sortidos
8211.9;- Outras:
8211.91.00;-- Facas de mesa, de l mina fixa
8211.92;-- Outras facas de l mina fixa
8211.92.10;Para cozinha e a ougue
8211.92.20;Para ca a
8211.92.90;Outras
8211.93;-- Facas, exceto as de l mina fixa, incluindo as podadeiras de l mina m vel
8211.93.10;Podadeiras e suas partes
8211.93.20;Canivetes com uma ou v rias l minas ou outras pe as
8211.93.90;Outras
8211.94.00;-- L minas
8211.95.00;-- Cabos de metais comuns
82.12;Navalhas e aparelhos, de barbear, e suas l minas (incluindo os esbo os em tiras).
8212.10;- Navalhas e aparelhos, de barbear
8212.10.10;Navalhas
8212.10.20;Aparelhos
8212.20;- L minas de barbear de seguran a, incluindo os esbo os em tiras
8212.20.10;L minas
8212.20.20;Esbo os em tiras
8212.90.00;- Outras partes
8213.00.00;Tesouras e suas l minas.
82.14;"Outros artigos de cutelaria (por exemplo, m quinas de cortar o cabelo ou tosquiar, fendeleiras, cutelos, incluindo os de a ougue (talho) e de cozinha, e esp tulas (corta-pap is)); utens lios e sortidos de utens lios de manicuros ou de pedicuros (incluindo as limas para unhas)."
8214.10.00;- Esp tulas (corta-pap is), abre-cartas, raspadeiras, apontadores de l pis (apara-l pis) e suas l minas
8214.20.00;- Utens lios e sortidos de utens lios de manicuros ou de pedicuros (incluindo as limas para unhas)
8214.90;- Outros
8214.90.10;M quinas de tosquiar e suas partes
8214.90.90;Outros
82.15;Colheres, garfos, conchas, escumadeiras, p s para tortas, facas especiais para peixe ou para manteiga, pin as para a  car e artigos semelhantes.
8215.10.00;- Sortidos que contenham pelo menos um objeto prateado, dourado ou platinado
8215.20.00;- Outros sortidos
8215.9;- Outros:
8215.91.00;-- Prateados, dourados ou platinados
8215.99;-- Outros
8215.99.10;De a o inoxid vel
8215.99.90;Outros
83;Obras diversas de metais comuns.
83.01;"Cadeados, fechaduras e ferrolhos (de chave, de segredo ou el tricos), de metais comuns; fechos e arma  es com fecho, com fechadura, de metais comuns; chaves para estes artigos, de metais comuns."
8301.10.00;- Cadeados
8301.20.00;- Fechaduras do tipo utilizado em ve culos autom veis
8301.30.00;- Fechaduras do tipo utilizado em m veis
8301.40.00;"- Outras fechaduras; ferrolhos"
8301.50.00;- Fechos e arma  es com fecho, com fechadura
8301.60.00;- Partes
8301.70.00;- Chaves apresentadas isoladamente
83.02;"Guarni  es, ferragens e artigos semelhantes, de metais comuns, para m veis, portas, escadas, janelas, persianas, carro arias, artigos de seleiro, malas, cofres, caixas de seguran a e outras obras semelhantes; pateras, porta-chap us, cabides e artigos semelhantes, de metais comuns; rod zios com arma  o de metais comuns; fechos autom ticos para portas, de metais comuns."
8302.10.00;- Dobradi as de qualquer esp cie (incluindo os gonzos e as charneiras)
8302.20.00;- Rod zios
8302.30.00;- Outras guarni  es, ferragens e artigos semelhantes, para ve culos autom veis
8302.4;- Outras guarni  es, ferragens e artigos semelhantes:
8302.41.00;-- Para constru  es
8302.42.00;-- Outros, para m veis
8302.49.00;-- Outros
8302.50.00;- Pateras, porta-chap us, cabides e artigos semelhantes
8302.60.00;- Fechos autom ticos para portas
8303.00.00;Cofres-fortes, portas blindadas e compartimentos para casas-fortes, cofres e caixas de seguran a e artigos semelhantes, de metais comuns.
8304.00.00;Classificadores, fich rios (ficheiros), caixas de classifica  o, porta-c pias, porta-canetas, porta-carimbos e artigos semelhantes, de escrit rio, de metais comuns, excluindo os m veis de escrit rio da posi  o 94.03.
83.05;"Ferragens para encaderna  o de folhas soltas ou para classificadores, prendedores (molas*) para pap is, cantos para cartas, clipes, indicadores para fichas ou cavaleiros e objetos semelhantes de escrit rio, de metais comuns; grampos (agrafos*) apresentados em barretas (por exemplo, de escrit rio, para atapetar, para embalagem), de metais comuns."
8305.10.00;- Ferragens para encaderna  o de folhas soltas ou para classificadores
8305.20.00;- Grampos (Agrafos*) apresentados em barretas
8305.90.00;- Outros, incluindo as partes
83.06;"Sinos, campainhas, gongos e artigos semelhantes, n o el tricos, de metais comuns; estatuetas e outros objetos de ornamenta  o, de metais comuns; molduras para fotografias, gravuras ou semelhantes, de metais comuns; espelhos de metais comuns."
8306.10.00;- Sinos, campainhas, gongos e artigos semelhantes
8306.2;- Estatuetas e outros objetos de ornamenta  o:
8306.21.00;-- Prateados, dourados ou platinados
8306.29.00;-- Outros
8306.30.00;"- Molduras para fotografias, gravuras ou semelhantes; espelhos"
83.07;Tubos flex veis de metais comuns, mesmo com acess rios.
8307.10;- De ferro ou a o
8307.10.10;Do tipo utilizado na explora  o submarina de petr leo ou g s, constitu dos por camadas flex veis de a o e camadas de pl stico, de di metro interior superior a 254 mm
8307.10.90;Outros
8307.90.00;- De outros metais comuns
83.08;"Fechos, arma  es com fecho, fivelas, fivelas-fecho, grampos, colchetes, ilhoses e artigos semelhantes, de metais comuns, para vestu rio ou acess rios de vestu rio, cal ado, joalheria, rel gios de pulso, livros, encerados, artigos de couro, artigos de seleiro, artigos de viagem, ou para outras confec  es; rebites tubulares ou de haste fendida, de metais comuns; contas e lantejoulas, de metais comuns."
8308.10.00;- Grampos, colchetes e ilhoses
8308.20.00;- Rebites tubulares ou de haste fendida
8308.90;- Outros, incluindo as partes
8308.90.10;Fivelas
8308.90.20;Contas e lantejoulas
8308.90.90;Outros
83.09;Rolhas, tampas e c psulas para garrafas (incluindo as c psulas de coroa, as rolhas e c psulas, de rosca, e as rolhas vertedoras), batoques ou tamp es roscados, protetores de batoques ou de tamp es, selos de garantia e outros acess rios para embalagem, de metais comuns.
8309.10.00;- C psulas de coroa
8309.90.00;- Outros
8310.00.00;Placas indicadoras, placas sinalizadoras, placas-endere os e placas semelhantes, n meros, letras e sinais diversos, de metais comuns, exceto os da posi  o 94.05.
83.11;"Fios, varetas, tubos, chapas, eletrodos e artigos semelhantes, de metais comuns ou de carbonetos met licos, revestidos interior ou exteriormente de decapantes ou de fundentes, para soldadura ou dep sito de metal ou de carbonetos met licos; fios e varetas, de p s de metais comuns aglomerados, para metaliza  o por proje  o."
8311.10.00;- Eletrodos revestidos exteriormente para soldar a arco, de metais comuns
8311.20.00;- Fios revestidos interiormente para soldar a arco, de metais comuns
8311.30.00;- Varetas revestidas exteriormente e fios revestidos interiormente, para soldar   chama, de metais comuns
8311.90.00;- Outros
84;Reatores nucleares, caldeiras, m quinas, aparelhos e instrumentos mec nicos, e suas partes.
84.01;"Reatores nucleares; elementos combust veis (cartuchos) n o irradiados, para reatores nucleares; m quinas e aparelhos para a separa  o de is topos."
8401.10.00;- Reatores nucleares
8401.20.00;- M quinas e aparelhos para a separa  o de is topos, e suas partes
8401.30.00;- Elementos combust veis (cartuchos) n o irradiados
8401.40.00;- Partes de reatores nucleares
84.02;"Caldeiras de vapor (geradores de vapor), excluindo as caldeiras para aquecimento central concebidas para produ  o de  gua quente e vapor de baixa press o; caldeiras denominadas ""de  gua superaquecida""."
8402.1;- Caldeiras de vapor:
8402.11.00;-- Caldeiras aquatubulares com produ  o de vapor superior a 45 t por hora
8402.12.00;-- Caldeiras aquatubulares com produ  o de vapor n o superior a 45 t por hora
8402.19.00;-- Outras caldeiras para produ  o de vapor, incluindo as caldeiras mistas
8402.20.00;"- Caldeiras denominadas ""de  gua superaquecida"""
8402.90.00;- Partes
84.03;Caldeiras para aquecimento central, exceto as da posi  o 84.02.
8403.10;- Caldeiras
8403.10.10;Com capacidade inferior ou igual a 200.000 kcal/hora
8403.10.90;Outras
8403.90.00;- Partes
84.04;"Aparelhos auxiliares para caldeiras das posi  es 84.02 ou 84.03 (por exemplo, economizadores, superaquecedores, aparelhos de limpeza de tubos ou de recupera  o de g s); condensadores para m quinas a vapor."
8404.10;- Aparelhos auxiliares para caldeiras das posi  es 84.02 ou 84.03
8404.10.10;Da posi  o 84.02
8404.10.20;Da posi  o 84.03
8404.20.00;- Condensadores para m quinas a vapor
8404.90;- Partes
8404.90.10;De aparelhos auxiliares para caldeiras da posi  o 84.02
8404.90.90;Outras
84.05;"Geradores de g s de ar (g s pobre) ou de g s de  gua, mesmo com depuradores; geradores de acetileno e geradores semelhantes de g s, operados a  gua, mesmo com depuradores."
8405.10.00;"- Geradores de g s de ar (g s pobre) ou de g s de  gua, mesmo com depuradores; geradores de acetileno e geradores semelhantes de g s, operados a  gua, mesmo com depuradores"
8405.90.00;- Partes
84.06;Turbinas a vapor.
8406.10.00;- Turbinas para propuls o de embarca  es
8406.8;- Outras turbinas:
8406.81.00;-- De pot ncia superior a 40 MW
8406.82.00;-- De pot ncia n o superior a 40 MW
8406.90;- Partes
8406.90.1;Rotores
8406.90.11;De turbinas a rea  o, de m ltiplos est gios
8406.90.19;Outras
8406.90.2;Palhetas
8406.90.21;Fixas (de estator)
8406.90.29;Outras
8406.90.90;Outras
84.07;Motores de pist o, alternativo ou rotativo, de igni  o por centelha (fa sca) (motores de explos o).
8407.10.00;- Motores para avia  o
8407.2;- Motores para propuls o de embarca  es:
8407.21;-- Do tipo fora de borda
8407.21.10;Monocil ndricos
8407.21.90;Outros
8407.29;-- Outros
8407.29.10;Monocil ndricos
8407.29.90;Outros
8407.3;- Motores de pist o alternativo do tipo utilizado para propuls o de ve culos do Cap tulo 87:
8407.31;-- De cilindrada n o superior a 50 cm3
8407.31.10;Monocil ndricos
8407.31.90;Outros
8407.32.00;-- De cilindrada superior a 50 cm3, mas n o superior a 250 cm3
8407.33;-- De cilindrada superior a 250 cm3, mas n o superior a 1.000 cm3
8407.33.10;Monocil ndricos
8407.33.90;Outros
8407.34;-- De cilindrada superior a 1.000 cm3
8407.34.10;Monocil ndricos
8407.34.90;Outros
8407.90.00;- Outros motores
84.08;Motores de pist o, de igni  o por compress o (motores diesel ou semidiesel).
8408.10;- Motores para propuls o de embarca  es
8408.10.10;Do tipo fora de borda
8408.10.90;Outros
8408.20;- Motores do tipo utilizado para propuls o de ve culos do Cap tulo 87
8408.20.10;De cilindrada inferior ou igual a 1.500 cm3
8408.20.20;De cilindrada superior a 1.500 cm3, mas n o superior a 2.500 cm3
8408.20.30;De cilindrada superior a 2.500 cm3, mas n o superior a 3.500 cm3
8408.20.90;Outros
8408.90;- Outros motores
8408.90.10;Estacion rios, de pot ncia normal ISO superior a 497,5 kW (663 HP), segundo Norma ISO 3046/1
8408.90.90;Outros
84.09;Partes reconhec veis como exclusiva ou principalmente destinadas aos motores das posi  es 84.07 ou 84.08.
8409.10.00;- De motores para avia  o
8409.9;- Outras:
8409.91;-- Reconhec veis como exclusiva ou principalmente destinadas aos motores de pist o, de igni  o por centelha (fa sca)
8409.91.1;Bielas, blocos de cilindros, cabe otes, c rteres, carburadores, v lvulas de admiss o ou de escape, coletores de admiss o ou de escape, an is de segmento e guias de v lvulas
8409.91.11;Bielas
8409.91.12;Blocos de cilindros, cabe otes e c rteres
8409.91.13;Carburadores, com bomba e dispositivo de compensa  o de n vel de combust vel incorporados, ambos a membrana, de di metro de venturi inferior ou igual a 22,8 mm e peso inferior ou igual a 280 g
8409.91.14;V lvulas de admiss o ou de escape
8409.91.15;Coletores de admiss o ou de escape
8409.91.16;An is de segmento
8409.91.17;Guias de v lvulas
8409.91.18;Outros carburadores
8409.91.20;Pist es ou  mbolos
8409.91.30;Camisas de cilindro
8409.91.40;Sistema de inje  o eletr nica
8409.91.90;Outras
8409.99;-- Outras
8409.99.1;Blocos de cilindros, c rteres, v lvulas de admiss o ou de escape, coletores de admiss o ou escape e guias de v lvulas
8409.99.12;Blocos de cilindros e c rteres
8409.99.14;V lvulas de admiss o ou de escape
8409.99.15;Coletores de admiss o ou de escape
8409.99.17;Guias de v lvulas
8409.99.2;Pist es ou  mbolos
8409.99.21;De di metro igual ou superior a 200 mm
8409.99.29;Outros
8409.99.30;Camisas de cilindro
8409.99.4;Bielas
8409.99.41;De peso igual ou superior a 30 kg
8409.99.49;Outras
8409.99.5;Cabe otes
8409.99.51;De di metro igual ou superior a 200 mm
8409.99.59;Outros
8409.99.6;Bicos injetores (incluindo os porta-injetores)
8409.99.61;De di metro igual ou superior a 20 mm
8409.99.69;Outros
8409.99.7;An is de segmento
8409.99.71;De di metro igual ou superior a 200 mm
8409.99.79;Outros
8409.99.9;Outras
8409.99.91;Camisas de cilindro soldadas a cabe otes, de di metro igual ou superior a 200 mm
8409.99.99;Outras
84.10;Turbinas hidr ulicas, rodas hidr ulicas, e seus reguladores.
8410.1;- Turbinas e rodas hidr ulicas:
8410.11.00;-- De pot ncia n o superior a 1.000 kW
8410.12.00;-- De pot ncia superior a 1.000 kW, mas n o superior a 10.000 kW
8410.13.00;-- De pot ncia superior a 10.000 kW
8410.90.00;- Partes, incluindo os reguladores
84.11;Turborreatores, turbopropulsores e outras turbinas a g s.
8411.1;- Turborreatores:
8411.11.00;-- De empuxo (impulso*) n o superior a 25 kN
8411.12.00;-- De empuxo (impulso*) superior a 25 kN
8411.2;- Turbopropulsores:
8411.21.00;-- De pot ncia n o superior a 1.100 kW
8411.22.00;-- De pot ncia superior a 1.100 kW
8411.8;- Outras turbinas a g s:
8411.81.00;-- De pot ncia n o superior a 5.000 kW
8411.82.00;-- De pot ncia superior a 5.000 kW
8411.9;- Partes:
8411.91.00;-- De turborreatores ou de turbopropulsores
8411.99.00;-- Outras
84.12;Outros motores e m quinas motrizes.
8412.10.00;- Propulsores a rea  o, excluindo os turborreatores
8412.2;- Motores hidr ulicos:
8412.21;-- De movimento retil neo (cilindros)
8412.21.10;Cilindros hidr ulicos
8412.21.90;Outros
8412.29.00;-- Outros
8412.3;- Motores pneum ticos:
8412.31;-- De movimento retil neo (cilindros)
8412.31.10;Cilindros pneum ticos
8412.31.90;Outros
8412.39.00;-- Outros
8412.80.00;- Outros
8412.90;- Partes
8412.90.10;De propulsores a rea  o
8412.90.80;De m quinas das subposi  es 8412.21 ou 8412.31
8412.90.90;Outras
84.13;"Bombas para l quidos, mesmo com dispositivo medidor; elevadores de l quidos."
8413.1;- Bombas com dispositivo medidor ou concebidas para comport -lo:
8413.11.00;-- Bombas para distribui  o de combust veis ou lubrificantes, do tipo utilizado em postos (esta  es) de servi o ou garagens
8413.19.00;-- Outras
8413.20.00;- Bombas manuais, exceto das subposi  es 8413.11 ou 8413.19
8413.30;- Bombas para combust veis, lubrificantes ou l quidos de arrefecimento, pr prias para motores de igni  o por centelha (fa sca) ou por compress o
8413.30.10;Para gasolina ou  lcool
8413.30.20;Injetoras de combust vel para motor de igni  o por compress o
8413.30.30;Para  leo lubrificante
8413.30.90;Outras
8413.40.00;- Bombas para concreto (bet o)
8413.50;- Outras bombas volum tricas alternativas
8413.50.10;De pot ncia superior a 3,73 kW (5 HP), mas n o superior a 447,42 kW (600 HP), exclu das as para oxig nio l quido
8413.50.90;Outras
8413.60;- Outras bombas volum tricas rotativas
8413.60.1;De vaz o inferior ou igual a 300 l/min
8413.60.11;De engrenagem
8413.60.19;Outras
8413.60.90;Outras
8413.70;- Outras bombas centr fugas
8413.70.10;Eletrobombas submers veis
8413.70.80;Outras, de vaz o inferior ou igual a 300 l/min
8413.70.90;Outras
8413.8;"- Outras bombas; elevadores de l quidos:"
8413.81.00;-- Bombas
8413.82.00;-- Elevadores de l quidos
8413.9;- Partes:
8413.91;-- De bombas
8413.91.10;Hastes de bombeamento, do tipo utilizado para extra  o de petr leo
8413.91.90;Outras
8413.92.00;-- De elevadores de l quidos
84.14;"Bombas de ar ou de v cuo, compressores de ar ou de outros gases e ventiladores; coifas aspirantes (exaustores) para extra  o ou reciclagem, com ventilador incorporado, mesmo filtrantes; cabinas (c maras) de seguran a biol gica estanques aos gases, mesmo filtrantes."
8414.10.00;- Bombas de v cuo
8414.20.00;- Bombas de ar, de m o ou de p 
8414.30;- Compressores do tipo utilizado nos equipamentos frigor ficos
8414.30.1;Motocompressores herm ticos
8414.30.11;Com capacidade inferior a 4.700 frigorias/hora
8414.30.19;Outros
8414.30.9;Outros
8414.30.91;Com capacidade inferior ou igual a 16.000 frigorias/hora
8414.30.99;Outros
8414.40;- Compressores de ar montados sobre chassis com rodas e reboc veis
8414.40.10;De deslocamento alternativo
8414.40.20;De parafuso
8414.40.90;Outros
8414.5;- Ventiladores:
8414.51;-- Ventiladores de mesa, de assentar no solo, de parede, de teto ou de janela, com motor el trico incorporado de pot ncia n o superior a 125 W
8414.51.10;De mesa
8414.51.20;De teto
8414.51.90;Outros
8414.59;-- Outros
8414.59.10;Microventiladores com  rea de carca a inferior a 90 cm2
8414.59.90;Outros
8414.60.00;- Coifas aspirantes (exaustores) com dimens o horizontal m xima n o superior a 120 cm
8414.70.00;- Cabinas (c maras) de seguran a biol gica estanques aos gases
8414.80;- Outros
8414.80.1;Compressores de ar
8414.80.11;Estacion rios, de pist o
8414.80.12;De parafuso
8414.80.13;De l bulos paralelos (tipo Roots)
8414.80.19;Outros
8414.80.2;Turbocompressores de ar
8414.80.21;Turboalimentadores de ar, de peso inferior ou igual a 50 kg para motores das posi  es 84.07 ou 84.08, acionado pelos gases de escapamento dos mesmos
8414.80.22;Turboalimentadores de ar, de peso superior a 50 kg para motores das posi  es 84.07 ou 84.08, acionados pelos gases de escapamento dos mesmos
8414.80.29;Outros
8414.80.3;Compressores de gases (exceto ar)
8414.80.31;De pist o
8414.80.32;De parafuso
8414.80.33;Centr fugos, de vaz o m xima inferior a 22.000 m3/h
8414.80.38;Outros compressores centr fugos
8414.80.39;Outros
8414.80.90;Outros
8414.90;- Partes
8414.90.10;De bombas
8414.90.20;De ventiladores ou coifas aspirantes
8414.90.3;De compressores
8414.90.31;Pist es ou  mbolos
8414.90.32;An is de segmento
8414.90.33;Blocos de cilindros, cabe otes e c rteres
8414.90.34;V lvulas
8414.90.39;Outras
8414.90.40;De cabinas (c maras) de seguran a
84.15;M quinas e aparelhos de ar-condicionado que contenham um ventilador motorizado e dispositivos pr prios para modificar a temperatura e a umidade, incluindo as m quinas e aparelhos em que a umidade n o seja regul vel separadamente.
8415.10;- Do tipo concebido para ser fixado numa janela, parede, teto ou piso (pavimento), formando um corpo  nico ou do tipo split-system (sistema com elementos separados)
8415.10.1;Com capacidade inferior ou igual a 30.000 frigorias/hora
8415.10.11;Do tipo split-system (sistema com elementos separados)
8415.10.19;Outros
8415.10.90;Outros
8415.20;- Do tipo utilizado para o conforto dos passageiros nos ve culos autom veis
8415.20.10;Com capacidade inferior ou igual a 30.000 frigorias/hora
8415.20.90;Outros
8415.8;- Outros:
8415.81;-- Com dispositivo de refrigera  o e v lvula de invers o do ciclo t rmico (bombas de calor revers veis)
8415.81.10;Com capacidade inferior ou igual a 30.000 frigorias/hora
8415.81.90;Outros
8415.82;-- Outros, com dispositivo de refrigera  o
8415.82.10;Com capacidade inferior ou igual a 30.000 frigorias/hora
8415.82.90;Outros
8415.83.00;-- Sem dispositivo de refrigera  o
8415.90;- Partes
8415.90.10;Unidades evaporadoras (internas) de aparelho de ar-condicionado do tipo split-system (sistema com elementos separados), com capacidade inferior ou igual a 30.000 frigorias/hora
8415.90.20;Unidades condensadoras (externas) de aparelho de ar-condicionado do tipo split-system (sistema com elementos separados), com capacidade inferior ou igual a 30.000 frigorias/hora
8415.90.90;Outras
84.16;"Queimadores para alimenta  o de fornalhas de combust veis l quidos, combust veis s lidos pulverizados ou de g s; fornalhas autom ticas, incluindo as antefornalhas, grelhas mec nicas, descarregadores mec nicos de cinzas e dispositivos semelhantes."
8416.10.00;- Queimadores de combust veis l quidos
8416.20;- Outros queimadores, incluindo os mistos
8416.20.10;De gases
8416.20.90;Outros
8416.30.00;- Fornalhas autom ticas, incluindo as antefornalhas, grelhas mec nicas, descarregadores mec nicos de cinzas e dispositivos semelhantes
8416.90.00;- Partes
84.17;Fornos industriais ou de laborat rio, incluindo os incineradores, n o el tricos.
8417.10;- Fornos para ustula  o, fus o ou outros tratamentos t rmicos de min rios ou de metais
8417.10.10;Fornos industriais para fus o de metais
8417.10.20;Fornos industriais para tratamento t rmico de metais
8417.10.90;Outros
8417.20.00;- Fornos de padaria, pastelaria ou para a ind stria de bolachas e biscoitos
8417.80;- Outros
8417.80.10;Fornos industriais para cer mica
8417.80.20;Fornos industriais para fus o de vidro
8417.80.90;Outros
8417.90.00;- Partes
84.18;"Refrigeradores, congeladores (freezers) e outros materiais, m quinas e aparelhos, para a produ  o de frio, com equipamento el trico ou outro; bombas de calor, exceto as m quinas e aparelhos de ar-condicionado da posi  o 84.15."
8418.10.00;- Combina  es de refrigeradores e congeladores (freezers), munidos de portas ou gavetas exteriores separadas, ou de uma combina  o desses elementos
8418.2;- Refrigeradores do tipo dom stico:
8418.21.00;-- De compress o
8418.29.00;-- Outros
8418.30.00;- Congeladores (freezers) horizontais (arcas), de capacidade n o superior a 800 l
8418.40.00;- Congeladores (freezers) verticais, de capacidade n o superior a 900 l
8418.50;- Outros m veis (arcas, arm rios, vitrines, balc es e m veis semelhantes) para a conserva  o e exposi  o de produtos, que incorporem um equipamento para a produ  o de frio
8418.50.10;Congeladores (freezers)
8418.50.90;Outros
8418.6;"- Outros materiais, m quinas e aparelhos, para a produ  o de frio; bombas de calor:"
8418.61.00;-- Bombas de calor, exceto as m quinas e aparelhos de ar-condicionado da posi  o 84.15
8418.69;-- Outros
8418.69.10;M quinas n o dom sticas para prepara  o de sorvetes
8418.69.20;Resfriadores de leite
8418.69.3;Unidades fornecedoras de  gua, sucos ou bebidas carbonatadas
8418.69.31;De  gua ou sucos
8418.69.32;De bebidas carbonatadas
8418.69.40;Grupos frigor ficos de compress o com capacidade inferior ou igual a 30.000 frigorias/hora
8418.69.9;Outros
8418.69.91;Resfriadores de  gua, de absor  o por brometo de l tio
8418.69.99;Outros
8418.9;- Partes:
8418.91.00;-- M veis concebidos para receber um equipamento para a produ  o de frio
8418.99.00;-- Outras
84.19;"Aparelhos, dispositivos ou equipamentos de laborat rio, mesmo aquecidos eletricamente (exceto os fornos e outros aparelhos da posi  o 85.14), para tratamento de mat rias por meio de opera  es que impliquem mudan a de temperatura, tais como aquecimento, cozimento, torrefa  o, destila  o, retifica  o, esteriliza  o, pasteuriza  o, estufagem, secagem, evapora  o, vaporiza  o, condensa  o ou arrefecimento, exceto os de uso dom stico; aquecedores de  gua n o el tricos, de aquecimento instant neo ou de acumula  o."
8419.1;- Aquecedores de  gua n o el tricos, de aquecimento instant neo ou de acumula  o:
8419.11.00;-- De aquecimento instant neo, a g s
8419.12.00;-- Aquecedores de  gua solares
8419.19.00;-- Outros
8419.20.00;- Esterilizadores m dico-cir rgicos ou de laborat rio
8419.3;- Secadores:
8419.33.00;-- Aparelhos de liofiliza  o, aparelhos de criodesseca  o e secadores por pulveriza  o
8419.34.00;-- Outros, para produtos agr colas
8419.35.00;-- Outros, para madeiras, pastas de papel, papel ou cart o
8419.39.00;-- Outros
8419.40;- Aparelhos de destila  o ou de retifica  o
8419.40.10;De destila  o de  gua
8419.40.20;De destila  o ou retifica  o de  lcoois e outros fluidos vol teis ou de hidrocarbonetos
8419.40.90;Outros
8419.50;- Trocadores (permutadores) de calor
8419.50.10;De placas
8419.50.2;Tubulares
8419.50.21;Met licos
8419.50.22;De grafita
8419.50.29;Outros
8419.50.90;Outros
8419.60.00;- Aparelhos e dispositivos para liquefa  o do ar ou de outros gases
8419.8;- Outros aparelhos e dispositivos:
8419.81;-- Para prepara  o de bebidas quentes ou para cozimento ou aquecimento de alimentos
8419.81.10;Autoclaves
8419.81.90;Outros
8419.89;-- Outros
8419.89.1;Esterilizadores
8419.89.11;De alimentos, mediante Ultra Alta Temperatura (UHT - Ultra High Temperature) por inje  o direta de vapor, com capacidade igual ou superior a 6.500 l/h
8419.89.19;Outros
8419.89.20;Estufas
8419.89.30;Torrefadores
8419.89.40;Evaporadores
8419.89.9;Outros
8419.89.91;Recipiente refrigerador, com dispositivo de circula  o de fluido refrigerante
8419.89.99;Outros
8419.90;- Partes
8419.90.10;De aquecedores de  gua das subposi  es 8419.11 ou 8419.19
8419.90.20;De colunas de destila  o ou de retifica  o
8419.90.3;De trocadores de calor, de placas
8419.90.31;Placa corrugada, de a o inoxid vel ou de alum nio, com superf cie de troca t rmica de  rea superior a 0,4 m2
8419.90.39;Outras
8419.90.40;De aparelhos ou dispositivos das subposi  es 8419.81 ou 8419.89
8419.90.90;Outras
84.20;Calandras e laminadores, exceto os destinados ao tratamento de metais ou vidro, e seus cilindros.
8420.10;- Calandras e laminadores
8420.10.10;Para papel ou cart o
8420.10.90;Outros
8420.9;- Partes:
8420.91.00;-- Cilindros
8420.99.00;-- Outras
84.21;"Centrifugadores, incluindo os secadores centr fugos; aparelhos para filtrar ou depurar l quidos ou gases."
8421.1;- Centrifugadores, incluindo os secadores centr fugos:
8421.11;-- Desnatadeiras
8421.11.10;Com capacidade de processamento de leite igual ou superior a 30.000 l/h
8421.11.90;Outras
8421.12;-- Secadores de roupa
8421.12.10;Com tambor de capacidade inferior ou igual a 23 l
8421.12.90;Outros
8421.19;-- Outros
8421.19.10;Centrifugadores para laborat rios de an lises, ensaios ou pesquisas cient ficas
8421.19.90;Outros
8421.2;- Aparelhos para filtrar ou depurar l quidos:
8421.21.00;-- Para filtrar ou depurar  gua
8421.22.00;-- Para filtrar ou depurar bebidas, exceto  gua
8421.23.00;-- Para filtrar carburantes ou  leos lubrificantes nos motores de igni  o por centelha (fa sca) ou por compress o
8421.29;-- Outros
8421.29.1;Do tipo utilizado em hemodi lise
8421.29.11;Capilares
8421.29.19;Outros
8421.29.20;Aparelho de osmose inversa
8421.29.30;Filtros-prensa
8421.29.90;Outros
8421.3;- Aparelhos para filtrar ou depurar gases:
8421.31.00;-- Filtros de entrada de ar para motores de igni  o por centelha (fa sca) ou por compress o
8421.32.00;-- Conversores catal ticos e filtros de part culas, mesmo combinados, para depurar ou filtrar os gases de escape dos motores de igni  o por centelha (fa sca) ou por compress o
8421.39;-- Outros
8421.39.10;Filtros eletrost ticos
8421.39.30;Concentradores de oxig nio por depura  o do ar, com capacidade de sa da inferior ou igual a 6 l/min
8421.39.90;Outros
8421.9;- Partes:
8421.91;-- De centrifugadores, incluindo as dos secadores centr fugos
8421.91.10;De secadores de roupa do item 8421.12.10
8421.91.9;Outras
8421.91.91;Tambores rotativos com pratos ou discos separadores, de peso superior a 300 kg
8421.91.99;Outras
8421.99;-- Outras
8421.99.10;De aparelhos para filtrar ou depurar gases, da subposi  o 8421.39
8421.99.20;Do tipo utilizado em linhas de sangue para hemodi lise
8421.99.9;Outras
8421.99.91;Cartuchos de membrana de aparelhos de osmose inversa
8421.99.99;Outras
84.22;"M quinas de lavar lou a; m quinas e aparelhos para limpar ou secar garrafas ou outros recipientes; m quinas e aparelhos para encher, fechar, arrolhar ou rotular garrafas, caixas, latas, sacos ou outros recipientes; m quinas e aparelhos para capsular garrafas, vasos, tubos e recipientes semelhantes; outras m quinas e aparelhos para empacotar ou embalar mercadorias (incluindo as m quinas e aparelhos para embalar com pel cula termorretr til); m quinas e aparelhos para gaseificar bebidas."
8422.1;- M quinas de lavar lou a:
8422.11.00;-- Do tipo dom stico
8422.19.00;-- Outras
8422.20.00;- M quinas e aparelhos para limpar ou secar garrafas ou outros recipientes
8422.30;"- M quinas e aparelhos para encher, fechar, arrolhar ou rotular garrafas, caixas, latas, sacos ou outros recipientes; m quinas e aparelhos para capsular garrafas, vasos, tubos e recipientes semelhantes; m quinas e aparelhos para gaseificar bebidas"
8422.30.10;M quinas e aparelhos para encher, fechar, arrolhar, capsular ou rotular garrafas
8422.30.2;"M quinas e aparelhos para encher, fechar, arrolhar ou rotular caixas, latas, sacos ou outros recipientes; M quinas e aparelhos para capsular vasos, tubos e recipientes semelhantes"
8422.30.21;Para encher caixas ou sacos com p  ou gr os
8422.30.22;Para encher e fechar embalagens confeccionadas com papel ou cart o dos subitens 4811.51.22 ou 4811.59.23, mesmo com dispositivo de rotulagem
8422.30.23;Para encher e fechar recipientes tubulares flex veis (bisnagas), com capacidade igual ou superior a 100 unidades por minuto
8422.30.29;Outros
8422.30.30;Para gaseificar bebidas
8422.40;- Outras m quinas e aparelhos para empacotar ou embalar mercadorias (incluindo as m quinas e aparelhos para embalar com pel cula termorretr til)
8422.40.10;Horizontais, pr prias para empacotamento de massas aliment cias longas (comprimento superior a 200 mm) em pacotes tipo almofadas (pillow pack), com capacidade de produ  o superior a 100 pacotes por minuto e controlador l gico program vel (CLP)
8422.40.20;Autom tica, para embalar tubos ou barras de metal, em atados de peso inferior ou igual a 2.000 kg e comprimento inferior ou igual a 12 m
8422.40.30;De empacotar embalagens confeccionadas com papel ou cart o dos subitens 4811.51.22 ou 4811.59.23 em caixas ou bandejas de papel ou cart o dobr veis, com capacidade igual ou superior a 5.000 embalagens por hora
8422.40.90;Outros
8422.90;- Partes
8422.90.10;De m quinas de lavar lou a, de uso dom stico
8422.90.90;Outras
84.23;"Aparelhos e instrumentos de pesagem, incluindo as b sculas e balan as para verificar pe as usinadas (fabricadas*), excluindo as balan as sens veis a pesos n o superiores a 5 cg; pesos para quaisquer balan as."
8423.10.00;"- Balan as para pessoas, incluindo as balan as para beb s; balan as de uso dom stico"
8423.20.00;- B sculas de pesagem cont nua em transportadores
8423.30;- B sculas de pesagem constante e balan as e b sculas ensacadoras ou doseadoras
8423.30.1;Dosadoras
8423.30.11;Com aparelhos perif ricos, que constituam unidade funcional
8423.30.19;Outras
8423.30.90;Outras
8423.8;- Outros aparelhos e instrumentos de pesagem:
8423.81;-- De capacidade n o superior a 30 kg
8423.81.10;De mesa, com dispositivo registrador ou impressor de etiquetas
8423.81.90;Outros
8423.82.00;-- De capacidade superior a 30 kg, mas n o superior a 5.000 kg
8423.89.00;-- Outros
8423.90;"- Pesos para quaisquer balan as; partes de aparelhos ou instrumentos de pesagem"
8423.90.10;Pesos
8423.90.2;Partes
8423.90.21;De aparelhos ou instrumentos da subposi  o 8423.10
8423.90.29;Outras
84.24;"Aparelhos mec nicos (mesmo manuais) para projetar, dispersar ou pulverizar l quidos ou p s; extintores, mesmo carregados; pistolas aerogr ficas e aparelhos semelhantes; m quinas e aparelhos de jato de areia, de jato de vapor e aparelhos de jato semelhantes."
8424.10.00;- Extintores, mesmo carregados
8424.20.00;- Pistolas aerogr ficas e aparelhos semelhantes
8424.30;- M quinas e aparelhos de jato de areia, de jato de vapor e aparelhos de jato semelhantes
8424.30.10;M quinas e aparelhos de desobstru  o de tubula  o ou de limpeza, por jato de  gua
8424.30.20;De jato de areia pr pria para desgaste localizado de pe as de vestu rio
8424.30.30;Perfuradoras por jato de  gua com press o de trabalho m xima igual ou superior a 10 MPa
8424.30.90;Outros
8424.4;- Pulverizadores para agricultura ou horticultura:
8424.41.00;-- Pulverizadores port teis
8424.49.00;-- Outros
8424.8;- Outros aparelhos:
8424.82;-- Para agricultura ou horticultura
8424.82.2;Irrigadores e sistemas de irriga  o
8424.82.21;Por aspers o
8424.82.29;Outros
8424.82.90;Outros
8424.89;-- Outros
8424.89.10;Aparelhos de pulveriza  o constitu dos por bot o de press o com bocal (tampa spray), v lvula do tipo aerossol, junta de estanqueidade (junta de canopla) e tubo de imers o, montados sobre um corpo met lico (canopla), do tipo utilizado para serem montados no gargalo de recipientes, para projetar l quidos, p s ou espumas
8424.89.20;Aparelhos autom ticos para projetar lubrificantes sobre pneum ticos, que contenham uma esta  o de secagem por ar preaquecido e dispositivos para agarrar e movimentar pneum ticos
8424.89.90;Outros
8424.90;- Partes
8424.90.10;De aparelhos da subposi  o 8424.10 ou do item 8424.89.10
8424.90.90;Outras
84.25;"Talhas, cadernais e moit es; guinchos e cabrestantes; macacos."
8425.1;- Talhas, cadernais e moit es:
8425.11.00;-- De motor el trico
8425.19;-- Outros
8425.19.10;Talhas, cadernais e moit es, manuais
8425.19.90;Outros
8425.3;"- Guinchos; cabrestantes:"
8425.31;-- De motor el trico
8425.31.10;Com capacidade inferior ou igual a 100 t
8425.31.90;Outros
8425.39;-- Outros
8425.39.10;Com capacidade inferior ou igual a 100 t
8425.39.90;Outros
8425.4;- Macacos:
8425.41.00;-- Elevadores fixos de ve culos, para garagens (oficinas)
8425.42.00;-- Outros macacos, hidr ulicos
8425.49;-- Outros
8425.49.10;Manuais
8425.49.90;Outros
84.26;"C breas; guindastes, incluindo os de cabo; pontes rolantes, p rticos de descarga ou de movimenta  o, pontes-guindastes, carros-p rticos e carros-guindastes."
8426.1;- Pontes e vigas, rolantes, p rticos, pontes-guindastes e carros-p rticos:
8426.11.00;-- Pontes e vigas, rolantes, de suportes fixos
8426.12.00;-- P rticos m veis de pneum ticos e carros-p rticos
8426.19.00;-- Outros
8426.20.00;- Guindastes de torre
8426.30.00;- Guindastes de p rtico
8426.4;- Outras m quinas e aparelhos, autopropulsados:
8426.41;-- De pneum ticos
8426.41.10;Com deslocamento em sentido longitudinal, transversal e diagonal (tipo caranguejo) com capacidade de carga igual ou superior a 60 t
8426.41.90;Outros
8426.49;-- Outros
8426.49.10;De lagartas (esteiras), com capacidade de eleva  o igual ou superior a 70 t
8426.49.90;Outros
8426.9;- Outras m quinas e aparelhos:
8426.91.00;-- Pr prios para serem montados em ve culos rodovi rios
8426.99.00;-- Outros
84.27;"Empilhadeiras; outros ve culos para movimenta  o de carga e semelhantes, equipados com dispositivos de eleva  o."
8427.10;- Autopropulsados, de motor el trico
8427.10.1;Empilhadeiras
8427.10.11;De capacidade de carga superior a 6,5 t
8427.10.19;Outras
8427.10.90;Outros
8427.20;- Outros, autopropulsados
8427.20.10;Empilhadeiras com capacidade de carga superior a 6,5 t
8427.20.90;Outros
8427.90.00;- Outros
84.28;Outras m quinas e aparelhos de eleva  o, de carga, de descarga ou de movimenta  o (por exemplo, elevadores, escadas rolantes, transportadores, telef ricos).
8428.10.00;- Elevadores e monta-cargas
8428.20;- Aparelhos elevadores ou transportadores, pneum ticos
8428.20.10;Transportadores tubulares (transvasadores) m veis, acionados com motor de pot ncia superior a 90 kW (120 HP)
8428.20.90;Outros
8428.3;- Outros aparelhos elevadores ou transportadores, de a  o cont nua, para mercadorias:
8428.31.00;-- Especialmente concebidos para uso subterr neo
8428.32.00;-- Outros, de ca amba (balde*)
8428.33.00;-- Outros, de correia
8428.39;-- Outros
8428.39.10;De correntes
8428.39.20;De rolos motores
8428.39.30;De pin as laterais, do tipo utilizado para o transporte de jornais
8428.39.90;Outros
8428.40.00;- Escadas e tapetes, rolantes
8428.60.00;"- Telef ricos (incluindo as telecadeiras e os telesquis); mecanismos de tra  o para funiculares"
8428.70.00;- Rob s industriais
8428.90;- Outras m quinas e aparelhos
8428.90.10;Do tipo utilizado para desembarque de botes salva-vidas, motorizados ou providos de dispositivo de compensa  o de inclina  o
8428.90.20;Transportadores-elevadores (transelevadores) autom ticos, de deslocamento horizontal sobre guias
8428.90.30;M quina para forma  o de pilhas de jornais, dispostos em sentido alternado, de capacidade igual ou superior a 80.000 exemplares/h
8428.90.90;Outros
84.29;Bulldozers, angledozers, niveladores, raspo-transportadores (scrapers), p s mec nicas, escavadores, carregadores e p s carregadoras, compactadores e rolos ou cilindros compressores, autopropulsados.
8429.1;- Bulldozers e angledozers:
8429.11;-- De lagartas (esteiras)
8429.11.10;De pot ncia no volante igual ou superior a 387,76 kW (520 HP)
8429.11.90;Outros
8429.19;-- Outros
8429.19.10;Bulldozers de pot ncia no volante igual ou superior a 234,90 kW (315 HP)
8429.19.90;Outros
8429.20;- Niveladores
8429.20.10;Motoniveladores articulados, de pot ncia no volante igual ou superior a 205,07 kW (275 HP)
8429.20.90;Outros
8429.30.00;- Raspo-transportadores (scrapers)
8429.40.00;- Compactadores e rolos ou cilindros compressores
8429.5;- P s mec nicas, escavadores, carregadores e p s carregadoras:
8429.51;-- Carregadores e p s carregadoras, de carregamento frontal
8429.51.1;Carregadores-transportadores
8429.51.11;Do tipo utilizado em minas subterr neas
8429.51.19;Outras
8429.51.2;Infraestruturas motoras, pr prias para receber equipamentos do item 8430.69.1
8429.51.21;De pot ncia no volante igual ou superior a 454,13 kW (609 HP)
8429.51.29;Outras
8429.51.9;Outras
8429.51.91;De pot ncia no volante igual ou superior a 297,5 kW (399 HP)
8429.51.92;De pot ncia no volante inferior ou igual a 43,99 kW (59 HP)
8429.51.99;Outras
8429.52;-- M quinas cuja superestrutura   capaz de efetuar uma rota  o de 360 
8429.52.1;Escavadores
8429.52.11;De pot ncia no volante igual ou superior a 484,7 kW (650 HP)
8429.52.12;De pot ncia no volante inferior ou igual a 40,3 kW (54 HP)
8429.52.19;Outras
8429.52.20;Infraestruturas motoras, pr prias para receber equipamentos das subposi  es 8430.49, 8430.61 ou 8430.69, mesmo com dispositivo de deslocamento sobre trilhos
8429.52.90;Outras
8429.59.00;-- Outros
84.30;"Outras m quinas e aparelhos de terraplenagem, nivelamento, raspagem, escava  o, compacta  o, extra  o ou perfura  o da terra, de minerais ou min rios; bate-estacas e arranca-estacas; limpa-neves."
8430.10.00;- Bate-estacas e arranca-estacas
8430.20.00;- Limpa-neves
8430.3;- Cortadores de carv o ou de rocha e m quinas para perfura  o de t neis ou de galerias:
8430.31;-- Autopropulsados
8430.31.10;Cortadores de carv o ou de rocha
8430.31.90;Outros
8430.39;-- Outros
8430.39.10;Cortadores de carv o ou de rocha
8430.39.90;Outras
8430.4;- Outras m quinas de sondagem ou de perfura  o:
8430.41;-- Autopropulsadas
8430.41.10;Perfuratriz de percuss o
8430.41.20;Perfuratriz rotativa
8430.41.30;M quinas de sondagem, rotativas
8430.41.90;Outras
8430.49;-- Outras
8430.49.10;Perfuratriz de percuss o
8430.49.20;M quinas de sondagem, rotativas
8430.49.90;Outras
8430.50.00;- Outras m quinas e aparelhos, autopropulsados
8430.6;- Outras m quinas e aparelhos, exceto autopropulsados:
8430.61.00;-- M quinas de comprimir ou de compactar
8430.69;-- Outros
8430.69.1;Equipamentos frontais para escavo-carregadores ou carregadores
8430.69.11;Com capacidade de carga superior a 4 m3
8430.69.19;Outros
8430.69.90;Outros
84.31;Partes reconhec veis como exclusiva ou principalmente destinadas  s m quinas e aparelhos das posi  es 84.25 a 84.30.
8431.10;- De m quinas ou aparelhos da posi  o 84.25
8431.10.10;Do item 8425.19.10 ou das subposi  es 8425.39, 8425.42 ou 8425.49
8431.10.90;Outras
8431.20;- De m quinas ou aparelhos da posi  o 84.27
8431.20.1;De empilhadeiras
8431.20.11;Autopropulsadas
8431.20.19;De outras empilhadeiras
8431.20.90;Outras
8431.3;- De m quinas ou aparelhos da posi  o 84.28:
8431.31;-- De elevadores, monta-cargas ou de escadas rolantes
8431.31.10;De elevadores
8431.31.90;Outras
8431.39.00;-- Outras
8431.4;- De m quinas ou aparelhos das posi  es 84.26, 84.29 ou 84.30:
8431.41.00;-- Ca ambas (Baldes*), mesmo de mand bulas, p s, ganchos e tenazes
8431.42.00;-- L minas para bulldozers ou angledozers
8431.43;-- Partes de m quinas de sondagem ou de perfura  o das subposi  es 8430.41 ou 8430.49
8431.43.10;De m quinas de sondagem rotativas
8431.43.90;Outras
8431.49;-- Outras
8431.49.10;De m quinas ou aparelhos da posi  o 84.26
8431.49.2;De m quinas ou aparelhos das posi  es 84.29 ou 84.30
8431.49.21;Cabinas
8431.49.22;Lagartas (esteiras)
8431.49.23;Tanques de combust vel e demais reservat rios
8431.49.29;Outras
84.32;"M quinas e aparelhos de uso agr cola, hort cola ou florestal, para prepara  o ou trabalho do solo ou para cultura; rolos para gramados (relvados) ou para campos de esporte."
8432.10.00;- Arados e charruas
8432.2;- Grades, escarificadores, cultivadores, extirpadores, enxadas e sachadores:
8432.21.00;-- Grades de discos
8432.29.00;-- Outros
8432.3;- Semeadores, plantadores e transplantadores:
8432.31;-- Semeadores, plantadores e transplantadores, de plantio direto
8432.31.10;Semeadores-adubadores
8432.31.90;Outros
8432.39;-- Outros
8432.39.10;Semeadores-adubadores
8432.39.90;Outros
8432.4;- Espalhadores de estrume e distribuidores de adubos (fertilizantes):
8432.41.00;-- Espalhadores de estrume
8432.42.00;-- Distribuidores de adubos (fertilizantes)
8432.80.00;- Outras m quinas e aparelhos
8432.90.00;- Partes
84.33;"M quinas e aparelhos para colheita ou debulha de produtos agr colas, incluindo as enfardadeiras de palha ou forragem; cortadores de grama (relva) e ceifeiras; m quinas para limpar ou selecionar ovos, fruta ou outros produtos agr colas, exceto as da posi  o 84.37."
8433.1;- Cortadores de grama (relva):
8433.11.00;-- Motorizados, cujo dispositivo de corte gira num plano horizontal
8433.19.00;-- Outros
8433.20;- Ceifeiras, incluindo as barras de corte para montagem em tratores
8433.20.10;Com dispositivo de acondicionamento em fileiras constitu do por rotor de dedos e pente
8433.20.90;Outras
8433.30.00;- Outras m quinas e aparelhos para colher e dispor o feno
8433.40.00;- Enfardadeiras de palha ou de forragem, incluindo as enfardadeiras-apanhadeiras
8433.5;"- Outras m quinas e aparelhos para colheita; m quinas e aparelhos para debulha:"
8433.51.00;-- Colheitadeiras combinadas com debulhadoras (ceifeiras-debulhadoras)
8433.52.00;-- Outras m quinas e aparelhos para debulha
8433.53.00;-- M quinas para colheita de ra zes ou tub rculos
8433.59;-- Outros
8433.59.1;Colheitadeiras de algod o
8433.59.11;Com capacidade para trabalhar at  dois sulcos de colheita e pot ncia no volante inferior ou igual a 59,7 kW (80 HP)
8433.59.19;Outras
8433.59.90;Outros
8433.60;- M quinas para limpar ou selecionar ovos, fruta ou outros produtos agr colas
8433.60.10;Selecionadores de fruta
8433.60.2;Para limpar ou selecionar ovos
8433.60.21;Com capacidade superior a 250.000 ovos por hora
8433.60.29;Outras
8433.60.90;Outras
8433.90;- Partes
8433.90.10;De cortadores de grama (relva)
8433.90.90;Outras
84.34;M quinas de ordenhar e m quinas e aparelhos para a ind stria de latic nios.
8434.10.00;- M quinas de ordenhar
8434.20;- M quinas e aparelhos para a ind stria de latic nios
8434.20.10;Para tratamento do leite
8434.20.90;Outros
8434.90.00;- Partes
84.35;Prensas, esmagadores e m quinas e aparelhos semelhantes, para fabrica  o de vinho, sidra, sucos (sumos) de fruta ou bebidas semelhantes.
8435.10.00;- M quinas e aparelhos
8435.90.00;- Partes
84.36;Outras m quinas e aparelhos para agricultura, horticultura, silvicultura, avicultura ou apicultura, incluindo os germinadores equipados com dispositivos mec nicos ou t rmicos e as chocadeiras e criadeiras para avicultura.
8436.10.00;- M quinas e aparelhos para prepara  o de alimentos ou ra  es para animais
8436.2;- M quinas e aparelhos para avicultura, incluindo as chocadeiras e criadeiras:
8436.21.00;-- Chocadeiras e criadeiras
8436.29.00;-- Outros
8436.80.00;- Outras m quinas e aparelhos
8436.9;- Partes:
8436.91.00;-- De m quinas ou aparelhos para avicultura
8436.99.00;-- Outras
84.37;"M quinas para limpeza, sele  o ou peneira  o de gr os ou de produtos hort colas secos; m quinas e aparelhos para a ind stria de moagem ou tratamento de cereais ou de produtos hort colas secos, exceto do tipo utilizado em fazendas."
8437.10.00;- M quinas para limpeza, sele  o ou peneira  o de gr os ou de produtos hort colas secos
8437.80;- Outras m quinas e aparelhos
8437.80.10;Para tritura  o ou moagem de gr os
8437.80.90;Outros
8437.90.00;- Partes
84.38;M quinas e aparelhos n o especificados nem compreendidos noutras posi  es do presente Cap tulo, para prepara  o ou fabrica  o industrial de alimentos ou de bebidas, exceto as m quinas e aparelhos para extra  o ou prepara  o de  leos ou gorduras vegetais ou de origem microbiana, fixos, ou de animais.
8438.10.00;- M quinas e aparelhos para as ind strias de panifica  o, pastelaria, bolachas e biscoitos e de massas aliment cias
8438.20;- M quinas e aparelhos para as ind strias de confeitaria e de cacau ou de chocolate
8438.20.1;Para as ind strias de confeitaria
8438.20.11;Para fabricar bombons de chocolate por moldagem, de capacidade de produ  o igual ou superior a 150 kg/h
8438.20.19;Outros
8438.20.90;Outros
8438.30.00;- M quinas e aparelhos para a ind stria de a  car
8438.40.00;- M quinas e aparelhos para a ind stria cervejeira
8438.50.00;- M quinas e aparelhos para prepara  o de carnes
8438.60.00;- M quinas e aparelhos para prepara  o de fruta ou de produtos hort colas
8438.80;- Outras m quinas e aparelhos
8438.80.10;M quinas para extra  o de  leo essencial de citros
8438.80.20;Autom tica, para descabe ar, cortar a cauda e eviscerar peixes, com capacidade superior a 350 unidades por minuto
8438.80.90;Outros
8438.90.00;- Partes
84.39;M quinas e aparelhos para fabrica  o de pasta de mat rias fibrosas celul sicas ou para fabrica  o ou acabamento de papel ou cart o.
8439.10;- M quinas e aparelhos para fabrica  o de pasta de mat rias fibrosas celul sicas
8439.10.10;Para tratamento preliminar das mat rias-primas
8439.10.20;Classificadoras e classificadoras-depuradoras de pasta
8439.10.30;Refinadoras
8439.10.90;Outros
8439.20.00;- M quinas e aparelhos para fabrica  o de papel ou cart o
8439.30;- M quinas e aparelhos para acabamento de papel ou cart o
8439.30.10;Bobinadoras-esticadoras
8439.30.20;Para impregnar
8439.30.30;Para ondular
8439.30.90;Outros
8439.9;- Partes:
8439.91.00;-- De m quinas ou aparelhos para fabrica  o de pasta de mat rias fibrosas celul sicas
8439.99;-- Outras
8439.99.10;Rolos, corrugadores ou de press o, de m quinas para ondular, com largura  til igual ou superior a 2.500 mm
8439.99.90;Outras
84.40;M quinas e aparelhos para brochura ou encaderna  o, incluindo as m quinas de costurar cadernos.
8440.10;- M quinas e aparelhos
8440.10.1;De costurar cadernos
8440.10.11;Com alimenta  o autom tica
8440.10.19;Outros
8440.10.20;M quinas para fabricar capas de papel o, com dispositivo de colagem e capacidade de produ  o superior a 60 unidades por minuto
8440.10.90;Outros
8440.90.00;- Partes
84.41;Outras m quinas e aparelhos para o trabalho de pasta de papel, papel ou cart o, incluindo as cortadeiras de qualquer tipo.
8441.10;- Cortadeiras
8441.10.10;Cortadeiras bobinadoras com velocidade de bobinado superior a 2.000 m/min
8441.10.90;Outras
8441.20.00;- M quinas para fabrica  o de sacos de quaisquer dimens es ou de envelopes
8441.30;- M quinas para fabrica  o de caixas, tubos, tambores ou de recipientes semelhantes, por qualquer processo, exceto moldagem
8441.30.10;De dobrar e colar, para fabrica  o de caixas
8441.30.90;Outras
8441.40.00;- M quinas de moldar artigos de pasta de papel, papel ou cart o
8441.80.00;- Outras m quinas e aparelhos
8441.90.00;- Partes
84.42;"M quinas, aparelhos e equipamentos (exceto as m quinas das posi  es 84.56 a 84.65), para prepara  o ou fabrica  o de clich s, placas, cilindros ou outros elementos de impress o; clich s, placas, cilindros e outros elementos de impress o; pedras litogr ficas, placas e cilindros, preparados para impress o (por exemplo, aplainados, granulados ou polidos)."
8442.30;- M quinas, aparelhos e equipamentos
8442.30.10;De compor por processo fotogr fico
8442.30.20;De compor caracteres tipogr ficos por outros processos, mesmo com dispositivo de fundir
8442.30.90;Outros
8442.40;- Partes dessas m quinas, aparelhos e equipamentos
8442.40.10;De m quinas do item 8442.30.10
8442.40.20;De m quinas do item 8442.30.20
8442.40.90;Outras
8442.50.00;"- Clich s, placas, cilindros e outros elementos de impress o; pedras litogr ficas, placas e cilindros, preparados para impress o (por exemplo, aplainados, granulados ou polidos)"
84.43;"M quinas e aparelhos de impress o por meio de placas, cilindros e outros elementos de impress o da posi  o 84.42; outras impressoras, aparelhos de copiar e aparelhos de telecopiar (fax), mesmo combinados entre si; partes e acess rios."
8443.1;- M quinas e aparelhos de impress o por meio de placas, cilindros e outros elementos de impress o da posi  o 84.42:
8443.11;-- M quinas e aparelhos de impress o, por ofsete, alimentados por bobinas
8443.11.10;Para impress o multicolor de jornais, de largura igual ou superior a 900 mm, com unidades de impress o em configura  o torre e dispositivos autom ticos de emendar bobinas
8443.11.90;Outros
8443.12.00;-- M quinas e aparelhos de impress o, por ofsete, do tipo utilizado em escrit rios, alimentados por folhas em que um lado n o seja superior a 22 cm e que o outro n o seja superior a 36 cm, quando n o dobradas
8443.13;-- Outras m quinas e aparelhos de impress o, por ofsete
8443.13.10;Para impress o multicolor de recipientes de mat rias pl sticas, cil ndricos, c nicos ou de faces planas
8443.13.2;Alimentados por folhas de formato inferior ou igual a 37,5 cm x 51 cm
8443.13.21;Com velocidade de impress o igual ou superior a 12.000 folhas por hora
8443.13.29;Outros
8443.13.90;Outros
8443.14.00;-- M quinas e aparelhos de impress o, tipogr ficos, alimentados por bobinas, excluindo as m quinas e aparelhos flexogr ficos
8443.15.00;-- M quinas e aparelhos de impress o, tipogr ficos, n o alimentados por bobinas, excluindo as m quinas e aparelhos flexogr ficos
8443.16.00;-- M quinas e aparelhos de impress o, flexogr ficos
8443.17;-- M quinas e aparelhos de impress o, heliogr ficos
8443.17.10;Rotativas para heliogravura
8443.17.90;Outros
8443.19;-- Outros
8443.19.10;Para serigrafia
8443.19.90;Outros
8443.3;- Outras impressoras, aparelhos de copiar e aparelhos de telecopiar (fax), mesmo combinados entre si:
8443.31;-- M quinas que executem pelo menos duas das seguintes fun  es: impress o, c pia ou transmiss o de telec pia (fax), capazes de ser conectadas a uma m quina autom tica para processamento de dados ou a uma rede
8443.31.1;Alimentadas por folhas, com velocidade de impress o, medida no formato A4 (210 mm x 297 mm), inferior ou igual a 45 p ginas por minuto (ppm)
8443.31.11;De jato de tinta l quida, com largura de impress o inferior ou igual a 420 mm
8443.31.12;De transfer ncia t rmica de cera s lida (por exemplo, solid ink e dye sublimation)
8443.31.13;A laser, LED (Diodos Emissores de Luz) ou LCS (Sistema de Cristal L quido), monocrom ticas, com largura de impress o inferior ou igual a 280 mm
8443.31.14;A laser, LED (Diodos Emissores de Luz) ou LCS (Sistema de Cristal L quido), monocrom ticas, com largura de impress o superior a 280 mm, mas n o superior a 420 mm
8443.31.15;A laser, LED (Diodos Emissores de Luz) ou LCS (Sistema de Cristal L quido), policrom ticas
8443.31.16;Outras, com largura de impress o superior a 420 mm
8443.31.19;Outras
8443.31.9;Outras
8443.31.91;Com impress o por sistema t rmico
8443.31.99;Outras
8443.32;-- Outros, capazes de ser conectados a uma m quina autom tica para processamento de dados ou a uma rede
8443.32.2;Impressoras de impacto
8443.32.21;De linha
8443.32.22;De caracteres Braille
8443.32.23;Outras matriciais (por pontos)
8443.32.29;Outras
8443.32.3;Outras impressoras, alimentadas por folhas, com velocidade de impress o, medida no formato A4 (210 mm x 297 mm), inferior ou igual a 45 p ginas por minuto (ppm)
8443.32.31;De jato de tinta l quida, com largura de impress o inferior ou igual a 420 mm
8443.32.32;De transfer ncia t rmica de cera s lida (por exemplo, solid ink e dye sublimation)
8443.32.33;A laser, LED (Diodos Emissores de Luz) ou LCS (Sistema de Cristal L quido), monocrom ticas, com largura de impress o inferior ou igual a 280 mm
8443.32.34;A laser, LED (Diodos Emissores de Luz) ou LCS (Sistema de Cristal L quido), monocrom ticas, com largura de impress o superior a 280 mm, mas n o superior a 420 mm
8443.32.35;A laser, LED (Diodos Emissores de Luz) ou LCS (Sistema de Cristal L quido), policrom ticas, com velocidade de impress o inferior ou igual a 20 p ginas por minuto (ppm)
8443.32.36;A laser, LED (Diodos Emissores de Luz) ou LCS (Sistema de Cristal L quido), policrom ticas, com velocidade de impress o superior a 20 p ginas por minuto (ppm)
8443.32.37;T rmicas, do tipo utilizado em impress o de imagens para diagn stico m dico em folhas revestidas com camada termossens vel
8443.32.38;Outras, com largura de impress o superior a 420 mm
8443.32.39;Outras
8443.32.40;Outras impressoras alimentadas por folhas
8443.32.5;Tra adores gr ficos (plotters)
8443.32.51;Por meio de penas
8443.32.52;Outros, com largura de impress o superior a 580 mm
8443.32.59;Outros
8443.32.9;Outros
8443.32.91;Impressoras de c digo de barras postais, tipo 3 em 5, a jato de tinta fluorescente, com velocidade de at  4,5 m/s e passo de 1,4 mm
8443.32.99;Outros
8443.39;-- Outros
8443.39.10;M quinas de impress o por jato de tinta
8443.39.2;M quinas copiadoras eletrost ticas
8443.39.21;De reprodu  o da imagem do original sobre a c pia por meio de um suporte intermedi rio (processo indireto), monocrom ticas, para c pias de superf cie inferior ou igual a 1 m2, com velocidade inferior a 100 c pias por minuto
8443.39.28;Outras, por processo indireto
8443.39.29;Outras
8443.39.30;Outras m quinas copiadoras
8443.39.90;Outros
8443.9;- Partes e acess rios:
8443.91;-- Partes e acess rios de m quinas e aparelhos de impress o por meio de blocos, cilindros e outros elementos de impress o da posi  o 84.42
8443.91.10;De m quinas e aparelhos da subposi  o 8443.12
8443.91.9;Outros
8443.91.91;Dobradoras
8443.91.92;Numeradores autom ticos
8443.91.99;Outros
8443.99;-- Outros
8443.99.1;Mecanismos de impress o por impacto, suas partes e acess rios
8443.99.11;Mecanismos de impress o, mesmo sem cabe a de impress o incorporada
8443.99.12;Cabe as de impress o
8443.99.19;Outros
8443.99.2;Mecanismos de impress o por jato de tinta, suas partes e acess rios
8443.99.21;Mecanismos de impress o, mesmo sem cabe a de impress o incorporada
8443.99.22;Cabe as de impress o
8443.99.23;Cartuchos de tinta
8443.99.29;Outros
8443.99.3;Mecanismos de impress o a laser, a LED (Diodos Emissores de Luz) ou a LCS (Sistema de Cristal L quido), suas partes e acess rios
8443.99.31;Mecanismos de impress o, mesmo sem cilindro fotossens vel incorporado
8443.99.32;Cilindros recobertos de mat ria semicondutora fotoel trica
8443.99.33;Cartuchos de revelador (toners)
8443.99.39;Outros
8443.99.4;Mecanismos de impress o por sistema t rmico, suas partes e acess rios
8443.99.41;Mecanismos de impress o, mesmo sem cabe a de impress o incorporada
8443.99.42;Cabe as de impress o
8443.99.49;Outros
8443.99.50;Outros mecanismos de impress o, suas partes e acess rios
8443.99.60;Circuitos impressos com componentes el tricos ou eletr nicos, montados
8443.99.70;Bandejas e gavetas, suas partes e acess rios
8443.99.80;Mecanismos de alimenta  o ou de triagem de pap is ou documentos, suas partes e acess rios
8443.99.90;Outros
8444.00;M quinas para extrudar, estirar, texturizar ou cortar mat rias t xteis sint ticas ou artificiais.
8444.00.10;Para extrudar
8444.00.20;Para corte ou ruptura de fibras
8444.00.90;Outras
84.45;"M quinas para prepara  o de mat rias t xteis; m quinas para fia  o, dobragem ou tor  o, de mat rias t xteis e outras m quinas e aparelhos para fabrica  o de fios t xteis; m quinas de bobinar (incluindo as bobinadoras de trama) ou de dobar mat rias t xteis e m quinas para prepara  o de fios t xteis para a sua utiliza  o nas m quinas das posi  es 84.46 ou 84.47."
8445.1;- M quinas para prepara  o de mat rias t xteis:
8445.11;-- Cardas
8445.11.10;Para l 
8445.11.20;Para fibras do Cap tulo 53
8445.11.90;Outras
8445.12.00;-- Penteadoras
8445.13.00;-- Bancos de estiramento (fusos)
8445.19;-- Outras
8445.19.10;M quinas para a prepara  o da seda
8445.19.2;M quinas para a prepara  o de outras mat rias t xteis
8445.19.21;Para recupera  o de cordas, fios, trapos ou qualquer outro desperd cio, transformando-os em fibras adequadas para cardagem
8445.19.22;Descaro adeiras e deslintadeiras de algod o
8445.19.23;Para desengordurar, lavar, alvejar ou tingir fibras t xteis em massa ou rama
8445.19.24;Abridoras de fibras de l 
8445.19.25;Abridoras de fibras do Cap tulo 53
8445.19.26;M quinas de carbonizar a l 
8445.19.27;Para estirar a l 
8445.19.29;Outras
8445.20.00;- M quinas para fia  o de mat rias t xteis
8445.30;- M quinas para dobragem ou tor  o, de mat rias t xteis
8445.30.10;Retorcedeiras
8445.30.90;Outras
8445.40;- M quinas de bobinar (incluindo as bobinadoras de trama) ou de dobar mat rias t xteis
8445.40.1;Bobinadoras autom ticas
8445.40.11;Bobinadoras de trama (espuladeiras)
8445.40.12;Para fios elastanos
8445.40.18;Outras, com atador autom tico
8445.40.19;Outras
8445.40.2;Bobinadoras n o autom ticas
8445.40.21;Com velocidade de bobinado igual ou superior a 4.000 m/min
8445.40.29;Outras
8445.40.3;Meadeiras
8445.40.31;Com controle de comprimento ou peso e atador autom tico
8445.40.39;Outras
8445.40.40;Noveleiras autom ticas
8445.40.90;Outras
8445.90;- Outras
8445.90.10;Urdideiras
8445.90.20;Passadeiras para li o e pente
8445.90.30;Para amarrar urdideiras
8445.90.40;Autom ticas, para colocar lamelas
8445.90.90;Outras
84.46;Teares para tecidos.
8446.10;- Para tecidos de largura n o superior a 30 cm
8446.10.10;Com mecanismo Jacquard
8446.10.90;Outros
8446.2;- Para tecidos de largura superior a 30 cm, de lan adeiras:
8446.21.00;-- A motor
8446.29.00;-- Outros
8446.30;- Para tecidos de largura superior a 30 cm, sem lan adeiras
8446.30.10;A jato de ar
8446.30.20;A jato de  gua
8446.30.30;De proj til
8446.30.40;De pin as
8446.30.90;Outros
84.47;Teares para fabricar malhas, m quinas de costura por entrela amento (couture-tricotage), m quinas para fabricar guipuras, tules, rendas, bordados, passamanarias, gal es ou redes e m quinas para inserir tufos.
8447.1;- Teares circulares para malhas:
8447.11.00;-- Com cilindro de di metro n o superior a 165 mm
8447.12.00;-- Com cilindro de di metro superior a 165 mm
8447.20;"- Teares retil neos para malhas; m quinas de costura por entrela amento (couture-tricotage)"
8447.20.10;Teares manuais
8447.20.2;Teares motorizados
8447.20.21;Para fabrica  o de malhas de urdidura
8447.20.29;Outros
8447.20.30;M quinas de costura por entrela amento (couture-tricotage)
8447.90;- Outros
8447.90.10;M quinas para fabrica  o de redes, tules ou fil s
8447.90.20;M quinas autom ticas para bordar
8447.90.90;Outras
84.48;"M quinas e aparelhos auxiliares para as m quinas das posi  es 84.44, 84.45, 84.46 ou 84.47 (por exemplo, ratieras (maquinetas*), mecanismos Jacquard, quebra-urdiduras e quebra-tramas, mecanismos troca-lan adeiras); partes e acess rios reconhec veis como exclusiva ou principalmente destinados  s m quinas da presente posi  o ou das posi  es 84.44, 84.45, 84.46 ou 84.47 (por exemplo, fusos, aletas, guarni  es de cardas, pentes, barras, fieiras, lan adeiras, li os e quadros de li os, agulhas, platinas, ganchos)."
8448.1;- M quinas e aparelhos auxiliares para as m quinas das posi  es 84.44, 84.45, 84.46 ou 84.47:
8448.11;"-- Ratieras (Maquinetas*) e mecanismos Jacquard; redutores, perfuradores e copiadores de cart es; m quinas para enla ar cart es ap s perfura  o"
8448.11.10;Ratieras
8448.11.20;Mecanismos Jacquard
8448.11.90;Outros
8448.19.00;-- Outros
8448.20;- Partes e acess rios das m quinas da posi  o 84.44 ou das suas m quinas e aparelhos auxiliares
8448.20.10;Fieiras para a extrus o
8448.20.20;Outras partes e acess rios de m quinas para a extrus o
8448.20.30;De m quinas para corte ou ruptura de fibras
8448.20.90;Outras
8448.3;- Partes e acess rios das m quinas da posi  o 84.45 ou das suas m quinas e aparelhos auxiliares:
8448.31.00;-- Guarni  es de cardas
8448.32;-- De m quinas para prepara  o de mat rias t xteis, exceto as guarni  es de cardas
8448.32.1;De cardas
8448.32.11;Chap us (flats)
8448.32.19;Outras
8448.32.20;De penteadoras
8448.32.30;De bancas de estiramento (bancas de fusos)
8448.32.40;De m quinas para a prepara  o da seda
8448.32.50;De m quinas para carbonizar l 
8448.32.90;Outros
8448.33;-- Fusos e suas aletas, an is e cursores
8448.33.10;Cursores
8448.33.90;Outros
8448.39;-- Outros
8448.39.1;De m quinas para fia  o, dobragem ou tor  o
8448.39.11;De filat rios intermitentes (selfatinas)
8448.39.12;De m quinas do tipo tow-to-yarn
8448.39.17;De outros filat rios
8448.39.19;Outras
8448.39.2;De m quinas de bobinar ou de dobar
8448.39.21;De bobinadoras de trama (espuladeiras)
8448.39.22;De bobinadoras autom ticas para fios elastanos, ou com atador autom tico
8448.39.23;Outras, de bobinadoras autom ticas
8448.39.29;Outras
8448.39.9;Outros
8448.39.91;De urdideiras
8448.39.92;De passadeiras para li o e pente
8448.39.99;Outras
8448.4;- Partes e acess rios de teares para tecidos ou das suas m quinas e aparelhos auxiliares:
8448.42.00;-- Pentes, li os e quadros de li os
8448.49;-- Outros
8448.49.10;De m quinas ou aparelhos auxiliares de teares
8448.49.20;De teares para tecidos de largura superior a 30 cm, sem lan adeiras, a jato de  gua ou de proj til
8448.49.90;Outras
8448.5;- Partes e acess rios dos teares, m quinas ou aparelhos, da posi  o 84.47 ou das suas m quinas e aparelhos auxiliares:
8448.51;-- Platinas, agulhas e outros artigos, utilizados na forma  o das malhas
8448.51.10;Platinas
8448.51.90;Outros
8448.59;-- Outros
8448.59.10;De teares circulares para malhas
8448.59.2;De teares retil neos
8448.59.21;Manuais
8448.59.22;Para fabrica  o de malhas de urdidura
8448.59.29;Outras
8448.59.30;De m quinas para fabrica  o de redes, tules ou fil s, ou autom ticas para bordar
8448.59.40;De m quinas do item 8447.90.90
8448.59.90;Outras
8449.00;"M quinas e aparelhos para fabrica  o ou acabamento de feltro ou de falsos tecidos (tecidos n o tecidos), em pe a ou em forma determinada, incluindo as m quinas e aparelhos para fabrica  o de chap us de feltro; formas para chapelaria."
8449.00.10;M quinas e aparelhos para fabrica  o ou acabamento de feltros
8449.00.20;M quinas e aparelhos para fabrica  o de falsos tecidos (tecidos n o tecidos)
8449.00.80;Outros
8449.00.9;Partes
8449.00.91;De m quinas ou aparelhos para fabrica  o de falsos tecidos (tecidos n o tecidos)
8449.00.99;Outras
84.50;M quinas de lavar roupa, mesmo com dispositivos de secagem.
8450.1;- M quinas de capacidade, expressa em peso de roupa seca, n o superior a 10 kg:
8450.11.00;-- M quinas inteiramente autom ticas
8450.12.00;-- Outras m quinas, com secador centr fugo incorporado
8450.19.00;-- Outras
8450.20;- M quinas de capacidade, expressa em peso de roupa seca, superior a 10 kg
8450.20.10;T neis cont nuos
8450.20.20;Outras m quinas, de capacidade n o superior a 18 kg
8450.20.90;Outras
8450.90;- Partes
8450.90.10;De m quinas dos itens 8450.20.10 ou 8450.20.90
8450.90.90;Outras
84.51;"M quinas e aparelhos (exceto as m quinas da posi  o 84.50) para lavar, limpar, espremer, secar, passar, prensar (incluindo as prensas de transfer ncia t rmica ou de fus o), branquear, tingir, para apresto e acabamento, para revestir ou impregnar fios, tecidos ou obras de mat rias t xteis e m quinas para revestir tecidos-base ou outros suportes utilizados na fabrica  o de revestimentos para pisos (pavimentos), tais como lin leo; m quinas para enrolar, desenrolar, dobrar, cortar ou dentear tecidos."
8451.10.00;- M quinas para lavar a seco
8451.2;- M quinas de secar:
8451.21.00;-- De capacidade, expressa em peso de roupa seca, n o superior a 10 kg
8451.29;-- Outras
8451.29.10;Que funcionem por meio de ondas eletromagn ticas (micro-ondas), cuja produ  o seja igual ou superior a 120 kg/h de produto seco
8451.29.90;Outras
8451.30;- M quinas e prensas para passar, incluindo as prensas de transfer ncia t rmica ou de fus o
8451.30.10;Autom ticas
8451.30.9;Outras
8451.30.91;Prensas para passar de peso inferior ou igual a 14 kg
8451.30.99;Outras
8451.40;- M quinas para lavar, branquear ou tingir
8451.40.10;Para lavar
8451.40.2;Para tingir ou branquear fios ou tecidos
8451.40.21;"Para tingir tecidos em rolos; para tingir por press o est tica, com molinete (rotor de p s), jato de  gua (jet) ou combinada"
8451.40.29;Outras
8451.40.90;Outras
8451.50;- M quinas para enrolar, desenrolar, dobrar, cortar ou dentear tecidos
8451.50.10;Para inspe  o visual de tecidos
8451.50.20;Autom ticas, para enfestar ou cortar
8451.50.90;Outras
8451.80.00;- Outras m quinas e aparelhos
8451.90;- Partes
8451.90.10;Para as m quinas da subposi  o 8451.21
8451.90.90;Outras
84.52;"M quinas de costura, exceto as de costurar cadernos da posi  o 84.40; m veis, bases e tampas, pr prios para m quinas de costura; agulhas para m quinas de costura."
8452.10.00;- M quinas de costura de uso dom stico
8452.2;- Outras m quinas de costura:
8452.21;-- Unidades autom ticas
8452.21.10;Para costurar couros ou peles
8452.21.20;Para costurar tecidos
8452.21.90;Outras
8452.29;-- Outras
8452.29.10;Para costurar couros ou peles
8452.29.2;Para costurar tecidos
8452.29.21;Remalhadeiras
8452.29.22;Para casear
8452.29.23;Tipo zigue-zague para inserir el stico
8452.29.24;De costura reta
8452.29.25;Galoneiras
8452.29.29;Outras
8452.29.90;Outras
8452.30.00;- Agulhas para m quinas de costura
8452.90;"- M veis, bases e tampas, para m quinas de costura, e suas partes; outras partes de m quinas de costura"
8452.90.20;M veis, bases e tampas, para m quinas de costura, e suas partes
8452.90.8;Outras partes de m quinas de costura de uso dom stico
8452.90.81;Guia-fios, lan adeiras e porta-bobinas
8452.90.89;Outras
8452.90.9;Outras
8452.90.91;Guia-fios, lan adeiras n o rotativas e porta-bobinas
8452.90.92;Para remalhadeiras
8452.90.93;Lan adeiras rotativas
8452.90.94;Corpos moldados por fundi  o
8452.90.99;Outras
84.53;M quinas e aparelhos para preparar, curtir ou trabalhar couros ou peles, ou para fabricar ou consertar cal ado e outras obras de couro ou de pele, exceto m quinas de costura.
8453.10;- M quinas e aparelhos para preparar, curtir ou trabalhar couros ou peles
8453.10.10;M quinas para dividir couros com largura  til inferior ou igual a 3.000 mm, com l mina sem fim, com controle eletr nico program vel
8453.10.90;Outros
8453.20.00;- M quinas e aparelhos para fabricar ou consertar cal ado
8453.80.00;- Outras m quinas e aparelhos
8453.90.00;- Partes
84.54;Conversores, cadinhos ou colheres de fundi  o, lingoteiras e m quinas de vazar (moldar), para metalurgia, aciaria ou fundi  o.
8454.10.00;- Conversores
8454.20;- Lingoteiras e cadinhos ou colheres de fundi  o
8454.20.10;Lingoteiras
8454.20.90;Outras
8454.30;- M quinas de vazar (moldar)
8454.30.10;Sob press o
8454.30.20;Por centrifuga  o
8454.30.90;Outras
8454.90;- Partes
8454.90.10;De m quinas de vazar (moldar) por centrifuga  o
8454.90.90;Outras
84.55;Laminadores de metais e seus cilindros.
8455.10.00;- Laminadores de tubos
8455.2;- Outros laminadores:
8455.21;-- Laminadores a quente e laminadores combinados a quente e a frio
8455.21.10;De cilindros lisos
8455.21.90;Outros
8455.22;-- Laminadores a frio
8455.22.10;De cilindros lisos
8455.22.90;Outros
8455.30;- Cilindros de laminadores
8455.30.10;Fundidos, de a o ou ferro fundido nodular
8455.30.20;Forjados, de a o de corte r pido, com um teor, em peso, de carbono igual ou superior a 0,80 % e inferior ou igual a 0,90 %, de cromo igual ou superior a 3,50 % e inferior ou igual a 4 %, de van dio igual ou superior a 1,60 % e inferior ou igual a 2,30 %, de molibd nio inferior ou igual a 8,50 % e de tungst nio (volfr mio) inferior ou igual a 7 %
8455.30.90;Outros
8455.90.00;- Outras partes
84.56;"M quinas-ferramentas que trabalhem por elimina  o de qualquer mat ria, que operem por laser ou por outro feixe de luz ou de f tons, por ultrassom, por eletroeros o, por processos eletroqu micos, por feixes de el trons, por feixes i nicos ou por jato de plasma; m quinas de corte a jato de  gua."
8456.1;- Que operem por laser ou por outro feixe de luz ou de f tons:
8456.11;-- Que operem por laser
8456.11.1;De comando num rico
8456.11.11;Para corte de chapas met licas de espessura superior a 8 mm
8456.11.19;Outras
8456.11.90;Outras
8456.12;-- Que operem por outro feixe de luz ou de f tons
8456.12.1;De comando num rico
8456.12.11;Para corte de chapas met licas de espessura superior a 8 mm
8456.12.19;Outras
8456.12.90;Outras
8456.20;- Que operem por ultrassom
8456.20.10;De comando num rico
8456.20.90;Outras
8456.30;- Que operem por eletroeros o
8456.30.1;De comando num rico
8456.30.11;Para texturizar superf cies cil ndricas
8456.30.19;Outras
8456.30.90;Outras
8456.40.00;- Que operem por jato de plasma
8456.50.00;- M quinas de corte a jato de  gua
8456.90.00;- Outras
84.57;Centros de usinagem (fabrica  o*), m quinas de sistema monost tico (single station) e m quinas de esta  es m ltiplas, para trabalhar metais.
8457.10.00;- Centros de usinagem (fabrica  o*)
8457.20;- M quinas de sistema monost tico (single station)
8457.20.10;De comando num rico
8457.20.90;Outras
8457.30;- M quinas de esta  es m ltiplas
8457.30.10;De comando num rico
8457.30.90;Outras
84.58;Tornos (incluindo os centros de torneamento) para metais.
8458.1;- Tornos horizontais:
8458.11;-- De comando num rico
8458.11.10;Rev lver
8458.11.9;Outros
8458.11.91;De 6 ou mais fusos porta-pe as
8458.11.99;Outros
8458.19;-- Outros
8458.19.10;Rev lver
8458.19.90;Outros
8458.9;- Outros tornos:
8458.91.00;-- De comando num rico
8458.99.00;-- Outros
84.59;M quinas-ferramentas (incluindo as unidades com cabe a deslizante) para furar, mandrilar, fresar, roscar interior ou exteriormente metais, por elimina  o de mat ria, exceto os tornos (incluindo os centros de torneamento) da posi  o 84.58.
8459.10.00;- Unidades com cabe a deslizante
8459.2;- Outras m quinas para furar:
8459.21;-- De comando num rico
8459.21.10;Radiais
8459.21.9;Outras
8459.21.91;De mais de um cabe ote mono ou multifuso
8459.21.99;Outras
8459.29.00;-- Outras
8459.3;- Outras mandriladoras-fresadoras:
8459.31.00;-- De comando num rico
8459.39.00;-- Outras
8459.4;- Outras m quinas para mandrilar:
8459.41.00;-- De comando num rico
8459.49.00;-- Outras
8459.5;- M quinas para fresar, de console:
8459.51.00;-- De comando num rico
8459.59.00;-- Outras
8459.6;- Outras m quinas para fresar:
8459.61.00;-- De comando num rico
8459.69.00;-- Outras
8459.70.00;- Outras m quinas para roscar interior ou exteriormente
84.60;M quinas-ferramentas para rebarbar, afiar, amolar, retificar, brunir, polir ou realizar outras opera  es de acabamento em metais ou cermets por meio de m s, de abrasivos ou de produtos polidores, exceto as m quinas de cortar ou acabar engrenagens da posi  o 84.61.
8460.1;- M quinas para retificar superf cies planas:
8460.12.00;-- De comando num rico
8460.19.00;-- Outras
8460.2;- Outras m quinas para retificar:
8460.22.00;-- M quinas para retificar sem centro, de comando num rico
8460.23.00;-- Outras m quinas para retificar superf cies cil ndricas, de comando num rico
8460.24.00;-- Outras, de comando num rico
8460.29.00;-- Outras
8460.3;- M quinas para afiar:
8460.31.00;-- De comando num rico
8460.39.00;-- Outras
8460.40;- M quinas para brunir
8460.40.1;De comando num rico
8460.40.11;Brunidoras para cilindros de di metro inferior ou igual a 312 mm
8460.40.19;Outras
8460.40.9;Outras
8460.40.91;Brunidoras para cilindros de di metro inferior ou igual a 312 mm
8460.40.99;Outras
8460.90;- Outras
8460.90.1;De comando num rico
8460.90.11;De polir, com cinco ou mais cabe as e porta -pe as rotativo
8460.90.12;De esmerilhar, com duas ou mais cabe as e porta-pe as rotativo
8460.90.19;Outras
8460.90.90;Outras
84.61;M quinas-ferramentas para aplainar, plainas-limadoras, m quinas-ferramentas para escatelar, brochar, cortar ou acabar engrenagens, serrar, seccionar e outras m quinas-ferramentas que trabalhem por elimina  o de metal ou de cermets, n o especificadas nem compreendidas noutras posi  es.
8461.20;- Plainas-limadoras e m quinas para escatelar
8461.20.10;Para escatelar
8461.20.90;Outras
8461.30;- M quinas para brochar
8461.30.10;De comando num rico
8461.30.90;Outras
8461.40;- M quinas para cortar ou acabar engrenagens
8461.40.10;De comando num rico
8461.40.9;Outras
8461.40.91;Redondeadoras de dentes
8461.40.99;Outras
8461.50;- M quinas para serrar ou seccionar
8461.50.10;De fitas sem fim
8461.50.20;Circulares
8461.50.90;Outras
8461.90;- Outras
8461.90.10;De comando num rico
8461.90.90;Outras
84.62;"M quinas-ferramentas (incluindo as prensas) para forjar ou estampar, martelos, martelos-pil es e martinetes, para trabalhar metais (excluindo os laminadores); m quinas-ferramentas (incluindo as prensas, as linhas de corte longitudinal e as linhas de corte transversal) para enrolar, arquear, dobrar, endireitar, aplanar, cisalhar, puncionar, chanfrar ou mordiscar metais (excluindo as bancas para estirar); prensas para trabalhar metais ou carbonetos met licos, n o especificadas acima."
8462.1;- M quinas para trabalhar a quente (incluindo as prensas) para forjar por matrizagem ou de forjamento livre ou de estampar, martelos, martelos-pil es e martinetes:
8462.11.00;-- M quinas para forjamento em matriz fechada
8462.19.00;-- Outras
8462.2;- M quinas (incluindo as prensas dobradeiras) para enrolar, arquear, dobrar, endireitar ou aplanar, para produtos planos:
8462.22.00;-- M quinas para forma  o de perfis
8462.23.00;-- Prensas dobradeiras, de comando num rico
8462.24.00;-- Prensas para pain is, de comando num rico
8462.25.00;-- M quinas de conforma  o por rolos, de comando num rico
8462.26.00;-- Outras m quinas para enrolar, arquear, dobrar, endireitar ou aplanar, de comando num rico
8462.29.00;-- Outras
8462.3;- Linhas de corte longitudinal, linhas de corte transversal e outras m quinas (excluindo as prensas) para cisalhar, para produtos planos, exceto as m quinas combinadas de puncionar e cisalhar:
8462.32.00;-- Linhas de corte longitudinal e linhas de corte transversal
8462.33.00;-- M quinas para cisalhar, de comando num rico
8462.39.00;-- Outras
8462.4;- M quinas (excluindo as prensas) para puncionar, chanfrar ou mordiscar, para produtos planos, incluindo as m quinas combinadas de puncionar e cisalhar:
8462.42.00;-- De comando num rico
8462.49.00;-- Outras
8462.5;- M quinas (excluindo as prensas) para trabalhar tubos, perfis ocos, perfis e barras:
8462.51.00;-- De comando num rico
8462.59.00;-- Outras
8462.6;- Prensas para trabalhar metal a frio:
8462.61.00;-- Prensas hidr ulicas
8462.62.00;-- Prensas mec nicas
8462.63.00;-- Servoprensas
8462.69.00;-- Outras
8462.90.00;- Outras
84.63;Outras m quinas-ferramentas para trabalhar metais ou cermets, que trabalhem sem elimina  o de mat ria.
8463.10;- Bancas para estirar barras, tubos, perfis, fios ou semelhantes
8463.10.10;Para estirar tubos
8463.10.90;Outros
8463.20;- M quinas para fazer roscas internas ou externas por laminagem
8463.20.10;De comando num rico
8463.20.9;Outras
8463.20.91;De pente plano, com capacidade de produ  o igual ou superior a 160 unidades por minuto, de di metro de rosca compreendido entre 3 mm e 10 mm
8463.20.99;Outras
8463.30.00;- M quinas para trabalhar arames e fios de metal
8463.90;- Outras
8463.90.10;De comando num rico
8463.90.90;Outras
84.64;M quinas-ferramentas para trabalhar pedra, produtos cer micos, concreto (bet o), fibrocimento ou mat rias minerais semelhantes, ou para o trabalho a frio do vidro.
8464.10.00;- M quinas para serrar
8464.20;- M quinas para esmerilar ou polir
8464.20.10;Para vidro
8464.20.2;Para cer mica
8464.20.21;De polir placas, para pavimenta  o ou revestimento, com oito ou mais cabe as
8464.20.29;Outras
8464.20.90;Outras
8464.90;- Outras
8464.90.1;Para vidro
8464.90.11;De comando num rico, para retificar, fresar e perfurar
8464.90.19;Outras
8464.90.90;Outras
84.65;M quinas-ferramentas (incluindo as m quinas para pregar, grampear, colar ou reunir por qualquer outro modo) para trabalhar madeira, corti a, osso, borracha endurecida, pl stico duro ou mat rias duras semelhantes.
8465.10.00;- M quinas-ferramentas capazes de efetuar diferentes tipos de opera  es sem troca de ferramentas
8465.20.00;- Centros de usinagem (fabrica  o*)
8465.9;- Outras:
8465.91;-- M quinas de serrar
8465.91.10;De fita sem fim
8465.91.20;Circulares
8465.91.90;Outras
8465.92;"-- M quinas para desbastar ou aplainar; m quinas para fresar ou moldurar"
8465.92.1;De comando num rico
8465.92.11;Fresadoras
8465.92.19;Outras
8465.92.90;Outras
8465.93;-- M quinas para esmerilar, lixar ou polir
8465.93.10;Lixadeiras
8465.93.90;Outras
8465.94.00;-- M quinas para arquear ou reunir
8465.95;-- M quinas para furar ou escatelar
8465.95.1;De comando num rico
8465.95.11;Para furar
8465.95.12;Para escatelar
8465.95.9;Outras
8465.95.91;Para furar
8465.95.92;Para escatelar
8465.96.00;-- M quinas para fender, seccionar ou desenrolar
8465.99.00;-- Outras
84.66;"Partes e acess rios reconhec veis como exclusiva ou principalmente destinados  s m quinas das posi  es 84.56 a 84.65, incluindo os porta-pe as e porta-ferramentas, as fieiras de abertura autom tica, os dispositivos divisores e outros dispositivos especiais, para estas m quinas; porta-ferramentas para ferramentas manuais de qualquer tipo."
8466.10.00;- Porta-ferramentas e fieiras de abertura autom tica
8466.20;- Porta-pe as
8466.20.10;Para tornos
8466.20.90;Outros
8466.30.00;- Dispositivos divisores e outros dispositivos especiais, para m quinas
8466.9;- Outros:
8466.91.00;-- Para m quinas da posi  o 84.64
8466.92.00;-- Para m quinas da posi  o 84.65
8466.93;-- Para m quinas das posi  es 84.56 a 84.61
8466.93.1;Para m quinas da posi  o 84.56
8466.93.11;Para m quinas da subposi  o 8456.20
8466.93.19;Outras
8466.93.20;Para m quinas da posi  o 84.57
8466.93.30;Para m quinas da posi  o 84.58
8466.93.40;Para m quinas da posi  o 84.59
8466.93.50;Para m quinas da posi  o 84.60
8466.93.60;Para m quinas da posi  o 84.61
8466.94;-- Para m quinas das posi  es 84.62 ou 84.63
8466.94.10;Para m quinas das subposi  es 8462.11 ou 8462.19
8466.94.20;Para m quinas das subposi  es 8462.22 a 8462.29
8466.94.90;Outras
84.67;Ferramentas pneum ticas, hidr ulicas ou com motor (el trico ou n o el trico) incorporado, de uso manual.
8467.1;- Pneum ticas:
8467.11;-- Rotativas (mesmo com sistema de percuss o)
8467.11.10;Furadeiras
8467.11.90;Outras
8467.19.00;-- Outras
8467.2;- Com motor el trico incorporado:
8467.21.00;-- Furadeiras (perfuradoras) de qualquer esp cie, incluindo as rotativas
8467.22.00;-- Serras
8467.29;-- Outras
8467.29.10;Tesouras
8467.29.9;Outras
8467.29.91;Cortadoras de tecidos
8467.29.92;Parafusadeiras e rosqueadeiras
8467.29.93;Martelos
8467.29.99;Outras
8467.8;- Outras ferramentas:
8467.81.00;-- Serras de corrente
8467.89.00;-- Outras
8467.9;- Partes:
8467.91.00;-- De serras de corrente
8467.92.00;-- De ferramentas pneum ticas
8467.99.00;-- Outras
84.68;"M quinas e aparelhos para soldar, mesmo de corte, exceto os da posi  o 85.15; m quinas e aparelhos a g s, para t mpera superficial."
8468.10.00;- Ma aricos de uso manual
8468.20.00;- Outras m quinas e aparelhos a g s
8468.80;- Outras m quinas e aparelhos
8468.80.10;Para soldar por fric  o
8468.80.90;Outras
8468.90;- Partes
8468.90.10;De ma aricos de uso manual
8468.90.20;De m quinas ou aparelhos para soldar por fric  o
8468.90.90;Outras
84.70;"M quinas de calcular e m quinas de bolso que permitam gravar, reproduzir e visualizar informa  es, com fun  o de c lculo incorporada; m quinas de contabilidade, m quinas de franquear, de emitir bilhetes e m quinas semelhantes, com dispositivo de c lculo incorporado; caixas registradoras."
8470.10.00;- Calculadoras eletr nicas capazes de funcionar sem fonte externa de energia el trica e m quinas de bolso com fun  o de c lculo incorporada que permitam gravar, reproduzir e visualizar informa  es
8470.2;- Outras m quinas de calcular, eletr nicas:
8470.21.00;-- Com dispositivo impressor incorporado
8470.29.00;-- Outras
8470.30.00;- Outras m quinas de calcular
8470.50;- Caixas registradoras
8470.50.10;Eletr nicas
8470.50.90;Outras
8470.90;- Outras
8470.90.10;M quinas de franquear correspond ncia
8470.90.90;Outras
84.71;"M quinas autom ticas para processamento de dados e suas unidades; leitores magn ticos ou  pticos, m quinas para registrar dados em suporte sob forma codificada, e m quinas para processamento desses dados, n o especificadas nem compreendidas noutras posi  es."
8471.30;- M quinas autom ticas para processamento de dados, port teis, de peso n o superior a 10 kg, que contenham pelo menos uma unidade central de processamento, um teclado e uma tela (ecr *)
8471.30.1;Capazes de funcionar sem fonte externa de energia
8471.30.11;De peso inferior a 350 g, com tela de  rea n o superior a 140 cm2
8471.30.12;De peso inferior a 3,5 kg, com tela de  rea superior a 140 cm2, mas inferior a 560 cm2
8471.30.19;Outras
8471.30.90;Outras
8471.4;- Outras m quinas autom ticas para processamento de dados:
8471.41.00;-- Que contenham, no mesmo corpo, pelo menos uma unidade central de processamento e, mesmo combinadas, uma unidade de entrada e uma unidade de sa da
8471.49.00;-- Outras, apresentadas sob a forma de sistemas
8471.50;- Unidades de processamento, exceto as das subposi  es 8471.41 ou 8471.49, podendo conter, no mesmo corpo, um ou dois dos seguintes tipos de unidades: unidade de mem ria, unidade de entrada e unidade de sa da
8471.50.10;De pequena capacidade, baseadas em microprocessadores, com capacidade de instala  o, dentro do mesmo gabinete, de unidades de mem ria da subposi  o 8471.70, podendo conter m ltiplos conectores de expans o (slots), e valor FOB inferior ou igual a US$ 12.500,00, por unidade
8471.50.20;De m dia capacidade, podendo conter no m ximo uma unidade de entrada e outra de sa da da subposi  o 8471.60, com capacidade de instala  o, dentro do mesmo gabinete, de unidades de mem ria da subposi  o 8471.70, podendo conter m ltiplos conectores de expans o (slots), e valor FOB superior a US$ 12.500,00, mas n o superior a US$ 46.000,00, por unidade
8471.50.30;De grande capacidade, podendo conter no m ximo uma unidade de entrada e outra de sa da da subposi  o 8471.60, com capacidade de instala  o interna, ou em m dulos separados do gabinete do processador central, de unidades de mem ria da subposi  o 8471.70, e valor FOB superior a US$ 46.000,00, mas n o superior a US$ 100.000,00, por unidade
8471.50.40;De muito grande capacidade, podendo conter no m ximo uma unidade de entrada e outra de sa da da subposi  o 8471.60, com capacidade de instala  o interna, ou em m dulos separados do gabinete do processador central, de unidades de mem ria da subposi  o 8471.70, e valor FOB superior a US$ 100.000,00, por unidade
8471.50.90;Outras
8471.60;- Unidades de entrada ou de sa da, podendo conter, no mesmo corpo, unidades de mem ria
8471.60.5;Unidades de entrada
8471.60.52;Teclados
8471.60.53;Indicadores ou apontadores (mouse e track-ball, por exemplo)
8471.60.54;Mesas digitalizadoras
8471.60.59;Outras
8471.60.6;Aparelhos terminais que tenham, pelo menos, uma unidade de entrada por teclado alfanum rico e uma unidade de sa da por v deo (terminais de v deo)
8471.60.61;Com unidade de sa da por v deo monocrom tico
8471.60.62;Com unidade de sa da por v deo policrom tico
8471.60.80;Terminais de auto-atendimento banc rio
8471.60.90;Outras
8471.70;- Unidades de mem ria
8471.70.10;De discos magn ticos
8471.70.20;De discos para leitura ou grava  o de dados por meios  pticos (unidade de disco  ptico)
8471.70.30;De fitas magn ticas
8471.70.40;De estado s lido (SSD - Solid-State Drive)
8471.70.90;Outras, inclu das as combina  es de unidades de, pelo menos, dois dos itens precedentes
8471.80.00;- Outras unidades de m quinas autom ticas para processamento de dados
8471.90;- Outros
8471.90.1;Leitores ou gravadores
8471.90.11;De cart es magn ticos
8471.90.12;Leitores de c digos de barras
8471.90.13;Leitores de caracteres magnetiz veis
8471.90.14;Digitalizadores de imagens (scanners)
8471.90.19;Outros
8471.90.90;Outros
84.72;Outras m quinas e aparelhos de escrit rio (por exemplo, duplicadores hectogr ficos ou a est ncil, m quinas para imprimir endere os, distribuidores autom ticos de notas (pap is-moeda), m quinas para selecionar, contar ou empacotar moedas, m quinas apontadoras de l pis (apara-l pis), perfuradores ou grampeadores (agrafadores*)).
8472.10.00;- Duplicadores
8472.30;- M quinas para selecionar, dobrar, envelopar ou cintar correspond ncia, m quinas para abrir, fechar ou lacrar correspond ncia e m quinas para colar ou obliterar selos
8472.30.10;M quinas autom ticas para obliterar selos postais
8472.30.20;M quinas autom ticas para sele  o de correspond ncia por formato e classifica  o e distribui  o da mesma por leitura  ptica do c digo postal
8472.30.30;M quinas autom ticas para sele  o e distribui  o de encomendas, por leitura  ptica do c digo postal
8472.30.90;Outras
8472.90;- Outros
8472.90.10;Distribuidores (dispensadores) autom ticos de notas (pap is-moeda), incluindo os que efetuam outras opera  es banc rias
8472.90.20;M quinas do tipo utilizado em caixas de banco, com dispositivo para autenticar
8472.90.30;M quinas para selecionar e contar moedas ou notas (pap is-moeda)
8472.90.40;M quinas apontadoras de l pis (apara-l pis), perfuradores, grampeadores e desgrampeadores
8472.90.5;Classificadoras autom ticas de documentos, com leitores ou gravadores do item 8471.90.1 incorporados
8472.90.51;Com capacidade de classifica  o superior a 400 documentos por minuto
8472.90.59;Outras
8472.90.9;Outros
8472.90.91;M quinas para imprimir endere os ou para estampar placas de endere os
8472.90.99;Outros
84.73;Partes e acess rios (exceto estojos, capas e semelhantes) reconhec veis como exclusiva ou principalmente destinados  s m quinas ou aparelhos das posi  es 84.70 a 84.72.
8473.2;- Partes e acess rios das m quinas da posi  o 84.70:
8473.21.00;-- Das calculadoras eletr nicas das subposi  es 8470.10, 8470.21 ou 8470.29
8473.29;-- Outros
8473.29.10;Circuitos impressos com componentes el tricos ou eletr nicos, montados, para caixas registradoras
8473.29.20;De m quinas da subposi  o 8470.30
8473.29.90;Outros
8473.30;- Partes e acess rios das m quinas da posi  o 84.71
8473.30.1;Gabinete, mesmo com m dulo display num rico, fonte de alimenta  o incorporada ou ambos
8473.30.11;Com fonte de alimenta  o, mesmo com m dulo display num rico
8473.30.19;Outros
8473.30.3;De unidades de discos magn ticos ou de fitas magn ticas, exceto as do item 8473.30.4
8473.30.31;Conjuntos cabe a-disco (HDA - Head Disk Assembly) de unidades de discos r gidos, montados
8473.30.32;Bra os posicionadores de cabe as magn ticas
8473.30.33;Cabe as magn ticas
8473.30.34;Mecanismos bobinadores para unidades de fitas magn ticas (magnetic tape transporter)
8473.30.39;Outras
8473.30.4;Circuitos impressos com componentes el tricos ou eletr nicos, montados
8473.30.41;Placas-m e (mother boards)
8473.30.42;Placas (m dulos) de mem ria com uma superf cie inferior ou igual a 50 cm2
8473.30.49;Outros
8473.30.90;Outros
8473.40;- Partes e acess rios das m quinas da posi  o 84.72
8473.40.10;Circuitos impressos com componentes el tricos ou eletr nicos, montados
8473.40.70;Outras partes e acess rios das m quinas dos itens 8472.90.10 ou 8472.90.20
8473.40.90;Outros
8473.50;- Partes e acess rios que possam ser utilizados indiferentemente com as m quinas ou aparelhos de duas ou mais das posi  es 84.70 a 84.72
8473.50.10;Circuitos impressos com componentes el tricos ou eletr nicos, montados
8473.50.40;Cabe as magn ticas
8473.50.50;Placas (m dulos) de mem ria com uma superf cie inferior ou igual a 50 cm2
8473.50.90;Outros
84.74;"M quinas e aparelhos para selecionar, peneirar, separar, lavar, esmagar, moer, misturar ou amassar terras, pedras, min rios ou outras subst ncias minerais s lidas (incluindo os p s e pastas); m quinas para aglomerar ou moldar combust veis minerais s lidos, pastas cer micas, cimento, gesso ou outras mat rias minerais em p  ou em pasta; m quinas para fazer moldes de areia para fundi  o."
8474.10.00;- M quinas e aparelhos para selecionar, peneirar, separar ou lavar
8474.20;- M quinas e aparelhos para esmagar, moer ou pulverizar
8474.20.10;De bolas
8474.20.90;Outros
8474.3;- M quinas e aparelhos para misturar ou amassar:
8474.31.00;-- Betoneiras e aparelhos para amassar cimento
8474.32.00;-- M quinas para misturar mat rias minerais com betume
8474.39.00;-- Outros
8474.80;- Outras m quinas e aparelhos
8474.80.10;Para fazer moldes de areia para fundi  o
8474.80.90;Outras
8474.90.00;- Partes
84.75;"M quinas para montagem de l mpadas, tubos ou v lvulas, el tricos ou eletr nicos, ou de l mpadas de luz rel mpago (flash), que tenham inv lucro de vidro; m quinas para fabrica  o ou trabalho a quente do vidro ou das suas obras."
8475.10.00;- M quinas para montagem de l mpadas, tubos ou v lvulas, el tricos ou eletr nicos, ou de l mpadas de luz rel mpago (flash), que tenham inv lucro de vidro
8475.2;- M quinas para fabrica  o ou trabalho a quente do vidro ou das suas obras:
8475.21.00;-- M quinas para fabrica  o de fibras  pticas e de seus esbo os
8475.29;-- Outras
8475.29.10;Para fabrica  o de recipientes da posi  o 70.10, exceto ampolas
8475.29.90;Outras
8475.90.00;- Partes
84.76;M quinas autom ticas de venda de produtos (por exemplo, selos, cigarros, alimentos ou bebidas), incluindo as m quinas de trocar dinheiro.
8476.2;- M quinas autom ticas de venda de bebidas:
8476.21.00;-- Com dispositivo de aquecimento ou de refrigera  o incorporado
8476.29.00;-- Outras
8476.8;- Outras m quinas:
8476.81.00;-- Com dispositivo de aquecimento ou de refrigera  o incorporado
8476.89;-- Outras
8476.89.10;M quinas autom ticas de venda de selos postais
8476.89.90;Outras
8476.90.00;- Partes
84.77;M quinas e aparelhos para trabalhar borracha ou pl stico ou para fabrica  o de produtos dessas mat rias, n o especificados nem compreendidos noutras posi  es deste Cap tulo.
8477.10;- M quinas de moldar por inje  o
8477.10.1;Horizontais, de comando num rico
8477.10.11;Monocolor, para materiais termopl sticos, com capacidade de inje  o inferior ou igual a 5.000 g e for a de fechamento inferior ou igual a 12.000 kN
8477.10.19;Outras
8477.10.2;Outras horizontais
8477.10.21;Monocolor, para materiais termopl sticos, com capacidade de inje  o inferior ou igual a 5.000 g e for a de fechamento inferior ou igual a 12.000 kN
8477.10.29;Outras
8477.10.9;Outras
8477.10.91;De comando num rico
8477.10.99;Outras
8477.20;- Extrusoras
8477.20.10;Para materiais termopl sticos, de di metro da rosca inferior ou igual a 300 mm
8477.20.90;Outras
8477.30;- M quinas de moldar por insufla  o
8477.30.10;Para fabrica  o de recipientes termopl sticos de capacidade inferior ou igual a 5 l, com uma produ  o inferior ou igual a 1.000 unidades por hora, referente a recipiente de 1 l
8477.30.90;Outras
8477.40;- M quinas de moldar a v cuo e outras m quinas de termoformar
8477.40.10;De moldar a v cuo poliestireno expandido (EPS) ou polipropileno expandido (EPP)
8477.40.90;Outras
8477.5;- Outras m quinas e aparelhos para moldar ou dar forma:
8477.51.00;-- Para moldar ou recauchutar pneum ticos ou para moldar ou dar forma a c maras de ar
8477.59;-- Outros
8477.59.1;Prensas
8477.59.11;Com capacidade inferior ou igual a 30.000 kN
8477.59.19;Outras
8477.59.90;Outras
8477.80;- Outras m quinas e aparelhos
8477.80.10;M quina de unir l minas de borracha entre si ou com tecidos com borracha, para fabrica  o de pneum ticos
8477.80.90;Outras
8477.90.00;- Partes
84.78;M quinas e aparelhos para preparar ou transformar tabaco, n o especificados nem compreendidos noutras posi  es deste Cap tulo.
8478.10;- M quinas e aparelhos
8478.10.10;Batedoras-separadoras autom ticas de talos e folhas
8478.10.90;Outros
8478.90.00;- Partes
84.79;M quinas e aparelhos mec nicos com fun  o pr pria, n o especificados nem compreendidos noutras posi  es deste Cap tulo.
8479.10;- M quinas e aparelhos para obras p blicas, constru  o civil ou trabalhos semelhantes
8479.10.10;Automotrizes para espalhar e calcar pisos (pavimentos) betuminosos
8479.10.90;Outros
8479.20.00;- M quinas e aparelhos para extra  o ou prepara  o de  leos ou gorduras vegetais ou de origem microbiana, fixos, ou de animais
8479.30.00;- Prensas para fabrica  o de pain is de part culas, de fibras de madeira ou de outras mat rias lenhosas, e outras m quinas e aparelhos para tratamento de madeira ou de corti a
8479.40.00;- M quinas para fabrica  o de cordas ou cabos
8479.50.00;- Rob s industriais, n o especificados nem compreendidos noutras posi  es
8479.60.00;- Aparelhos de evapora  o para arrefecimento do ar
8479.7;- Pontes de embarque para passageiros:
8479.71.00;-- Do tipo utilizado em aeroportos
8479.79.00;-- Outras
8479.8;- Outras m quinas e aparelhos:
8479.81;-- Para tratamento de metais, incluindo as bobinadoras para enrolamentos el tricos
8479.81.10;Diferenciadores das tens es de tra  o de entrada e sa da da chapa, em instala  es de galvanoplastia
8479.81.90;Outros
8479.82;-- Para misturar, amassar, esmagar, moer, separar, peneirar, homogeneizar, emulsionar ou agitar
8479.82.10;Misturadores
8479.82.90;Outros
8479.83.00;-- Prensas isost ticas a frio
8479.89;-- Outros
8479.89.1;"Prensas; distribuidores e doseadores de s lidos ou de l quidos"
8479.89.11;Prensas
8479.89.12;Distribuidores e doseadores de s lidos ou de l quidos
8479.89.2;"M quinas e aparelhos para cestaria ou espartaria; m quinas e aparelhos para fabrica  o de pinc is, brochas e escovas"
8479.89.21;M quinas e aparelhos para cestaria ou espartaria
8479.89.22;M quinas e aparelhos para fabrica  o de pinc is, brochas ou escovas
8479.89.3;Limpadores de para-brisas el tricos e acumuladores hidr ulicos, para aeronaves
8479.89.31;Limpadores de para-brisas
8479.89.32;Acumuladores
8479.89.40;Silos met licos para cereais, fixos (n o transport veis), incluindo as baterias, com mecanismos elevadores ou extratores incorporados
8479.89.9;Outros
8479.89.91;Aparelhos para limpar pe as por ultrassom
8479.89.92;M quinas de leme para embarca  es
8479.89.99;Outros
8479.90;- Partes
8479.90.10;De limpadores de para-brisas el tricos ou de acumuladores hidr ulicos para aeronaves
8479.90.90;Outras
84.80;"Caixas de fundi  o; placas de fundo para moldes; modelos para moldes; moldes para metais (exceto lingoteiras), carbonetos met licos, vidro, mat rias minerais, borracha ou pl stico."
8480.10.00;- Caixas de fundi  o
8480.20.00;- Placas de fundo para moldes
8480.30.00;- Modelos para moldes
8480.4;- Moldes para metais ou carbonetos met licos:
8480.41.00;-- Para moldagem por inje  o ou por compress o
8480.49;-- Outros
8480.49.10;Coquilhas
8480.49.90;Outros
8480.50.00;- Moldes para vidro
8480.60.00;- Moldes para mat rias minerais
8480.7;- Moldes para borracha ou pl stico:
8480.71.00;-- Para moldagem por inje  o ou por compress o
8480.79;-- Outros
8480.79.10;Para vulcaniza  o de pneum ticos
8480.79.90;Outros
84.81;Torneiras, v lvulas (incluindo as redutoras de press o e as termost ticas) e dispositivos semelhantes, para canaliza  es, caldeiras, reservat rios, cubas e outros recipientes.
8481.10.00;- V lvulas redutoras de press o
8481.20;- V lvulas para transmiss es  leo-hidr ulicas ou pneum ticas
8481.20.1;Rotativas, de caixas de dire  o hidr ulica
8481.20.11;Com pinh o
8481.20.19;Outras
8481.20.90;Outras
8481.30.00;- V lvulas de reten  o
8481.40.00;- V lvulas de seguran a ou de al vio
8481.80;- Outros dispositivos
8481.80.1;Do tipo utilizado em banheiros ou cozinhas
8481.80.11;V lvulas para escoamento
8481.80.19;Outros
8481.80.2;Do tipo utilizado em refrigera  o
8481.80.21;V lvulas de expans o termost ticas ou pressost ticas
8481.80.29;Outros
8481.80.3;Do tipo utilizado em equipamentos a g s
8481.80.31;Com uma press o de trabalho inferior ou igual a 50 mbar e dispositivo de seguran a termoel trico incorporado, do tipo utilizado em aparelhos dom sticos
8481.80.39;Outros
8481.80.9;Outros
8481.80.91;V lvulas tipo aerossol
8481.80.92;V lvulas solenoides
8481.80.93;V lvulas tipo gaveta
8481.80.94;V lvulas tipo globo
8481.80.95;V lvulas tipo esfera
8481.80.96;V lvulas tipo macho
8481.80.97;V lvulas tipo borboleta
8481.80.99;Outros
8481.90;- Partes
8481.90.10;De v lvulas tipo aerossol ou dos dispositivos do item 8481.80.1
8481.90.90;Outras
84.82;Rolamentos de esferas, de roletes ou de agulhas.
8482.10;- Rolamentos de esferas
8482.10.10;De carga radial
8482.10.90;Outros
8482.20;- Rolamentos de roletes c nicos, incluindo os conjuntos constitu dos por cones e roletes c nicos
8482.20.10;De carga radial
8482.20.90;Outros
8482.30.00;- Rolamentos de roletes em forma de tonel
8482.40.00;- Rolamentos de agulhas, incluindo as montagens de gaiolas e agulhas
8482.50;- Rolamentos de roletes cil ndricos, incluindo as montagens de gaiolas e roletes
8482.50.10;De carga radial
8482.50.90;Outros
8482.80.00;- Outros, incluindo os rolamentos combinados
8482.9;- Partes:
8482.91;-- Esferas, roletes e agulhas
8482.91.1;Esferas de a o calibradas
8482.91.11;Para carga de canetas esferogr ficas
8482.91.19;Outras
8482.91.20;Roletes cil ndricos
8482.91.30;Roletes c nicos
8482.91.90;Outros
8482.99;-- Outras
8482.99.10;Selos, capas e porta-esferas de a o
8482.99.90;Outras
84.83;" rvores (veios) de transmiss o (incluindo as  rvores de cames e virabrequins (cambotas)) e manivelas; mancais (chumaceiras) e ""bronzes""; engrenagens e rodas de fric  o; eixos de esferas ou de roletes; redutores, multiplicadores, caixas de transmiss o e variadores de velocidade, incluindo os conversores de torque (bin rios*); volantes e polias, incluindo as polias para cadernais; embreagens e dispositivos de acoplamento, incluindo as juntas de articula  o."
8483.10;-  rvores (veios) de transmiss o (incluindo as  rvores de cames e virabrequins (cambotas)) e manivelas
8483.10.1;Virabrequins
8483.10.11;Forjados, de peso igual ou superior a 900 kg e comprimento igual ou superior a 2.000 mm
8483.10.19;Outros
8483.10.20; rvores de cames para comando de v lvulas
8483.10.30;Veios flex veis
8483.10.40;Manivelas
8483.10.50; rvores de transmiss o providas de acoplamentos dentados com entalhes de prote  o contra sobrecarga, de comprimento igual ou superior a 1500 mm e di metro do eixo igual ou superior a 400 mm
8483.10.90;Outras
8483.20.00;- Mancais (chumaceiras) com rolamentos incorporados
8483.30;"- Mancais (chumaceiras) sem rolamentos; ""bronzes"""
8483.30.10;"Montados com ""bronzes"" de metal antifric  o"
8483.30.2;"""Bronzes"""
8483.30.21;De di metro interno igual ou superior a 200 mm
8483.30.29;Outros
8483.30.90;Outros
8483.40;"- Engrenagens e rodas de fric  o, exceto rodas dentadas simples e outros elementos de transmiss o apresentados separadamente; eixos de esferas ou de roletes; redutores, multiplicadores, caixas de transmiss o e variadores de velocidade, incluindo os conversores de torque (bin rios*)"
8483.40.10;Redutores, multiplicadores, caixas de transmiss o e variadores de velocidade, incluindo os conversores de torque
8483.40.90;Outros
8483.50;- Volantes e polias, incluindo as polias para cadernais
8483.50.10;Polias, exceto as de rolamentos reguladoras de tens o
8483.50.90;Outros
8483.60;- Embreagens e dispositivos de acoplamento, incluindo as juntas de articula  o
8483.60.1;Embreagens
8483.60.11;De fric  o
8483.60.19;Outras
8483.60.90;Outros
8483.90.00;"- Rodas dentadas e outros elementos de transmiss o apresentados separadamente; partes"
84.84;"Juntas metalopl sticas; jogos ou sortidos de juntas de composi  es diferentes, apresentados em bolsas, envelopes ou embalagens semelhantes; juntas de veda  o mec nicas."
8484.10.00;- Juntas metalopl sticas
8484.20.00;- Juntas de veda  o mec nicas
8484.90.00;- Outros
84.85;M quinas para fabrica  o aditiva.
8485.10.00;- Por dep sito de metal
8485.20.00;- Por dep sito de pl stico ou de borracha
8485.30.00;- Por dep sito de gesso, cimento, cer mica ou de vidro
8485.80.00;- Outras
8485.90.00;- Partes
84.86;"M quinas e aparelhos do tipo utilizado exclusiva ou principalmente na fabrica  o de boules ou wafers de material semicondutor, dispositivos semicondutores, circuitos integrados eletr nicos ou de dispositivos de visualiza  o de tela (ecr *) plana; m quinas e aparelhos especificados na Nota 11 C) do presente Cap tulo; partes e acess rios."
8486.10.00;- M quinas e aparelhos para fabrica  o de boules ou wafers
8486.20.00;- M quinas e aparelhos para fabrica  o de dispositivos semicondutores ou de circuitos integrados eletr nicos
8486.30.00;- M quinas e aparelhos para fabrica  o de dispositivos de visualiza  o de tela (ecr *) plana
8486.40.00;- M quinas e aparelhos especificados na Nota 11 C) do presente Cap tulo
8486.90.00;- Partes e acess rios
84.87;Partes de m quinas ou de aparelhos, n o especificadas nem compreendidas noutras posi  es do presente Cap tulo, que n o contenham conex es el tricas, partes isoladas eletricamente, bobinas, contatos nem quaisquer outros elementos com caracter sticas el tricas.
8487.10.00;- H lices para embarca  es e suas p s
8487.90.00;- Outras
85;"M quinas, aparelhos e materiais el tricos, e suas partes; aparelhos de grava  o ou de reprodu  o de som, aparelhos de grava  o ou de reprodu  o de imagens e de som em televis o, e suas partes e acess rios."
85.01;Motores e geradores, el tricos, exceto os grupos eletrog neos.
8501.10;- Motores de pot ncia n o superior a 37,5 W
8501.10.1;De corrente cont nua
8501.10.11;De passo n o superior a 1,8 
8501.10.19;Outros
8501.10.2;De corrente alternada
8501.10.21;S ncronos
8501.10.29;Outros
8501.10.30;Universais
8501.20.00;- Motores universais de pot ncia superior a 37,5 W
8501.3;"- Outros motores de corrente cont nua; geradores de corrente cont nua, exceto os geradores fotovoltaicos:"
8501.31;-- De pot ncia n o superior a 750 W
8501.31.10;Motores
8501.31.20;Geradores
8501.32;-- De pot ncia superior a 750 W, mas n o superior a 75 kW
8501.32.10;Motores
8501.32.20;Geradores
8501.33;-- De pot ncia superior a 75 kW, mas n o superior a 375 kW
8501.33.10;Motores
8501.33.20;Geradores
8501.34;-- De pot ncia superior a 375 kW
8501.34.1;Motores
8501.34.11;De pot ncia n o superior a 3.000 kW
8501.34.19;Outros
8501.34.20;Geradores
8501.40;- Outros motores de corrente alternada, monof sicos
8501.40.1;De pot ncia n o superior a 15 kW
8501.40.11;S ncronos
8501.40.19;Outros
8501.40.2;De pot ncia superior a 15 kW
8501.40.21;S ncronos
8501.40.29;Outros
8501.5;- Outros motores de corrente alternada, polif sicos:
8501.51;-- De pot ncia n o superior a 750 W
8501.51.10;Trif sicos, com rotor de gaiola
8501.51.20;Trif sicos, com rotor de an is
8501.51.90;Outros
8501.52;-- De pot ncia superior a 750 W, mas n o superior a 75 kW
8501.52.10;Trif sicos, com rotor de gaiola
8501.52.20;Trif sicos, com rotor de an is
8501.52.90;Outros
8501.53;-- De pot ncia superior a 75 kW
8501.53.10;Trif sicos, de pot ncia n o superior a 7.500 kW
8501.53.20;Trif sicos, de pot ncia superior a 7.500 kW, mas n o superior a 30.000 kW
8501.53.30;Trif sicos, de pot ncia superior a 30.000 kW, mas n o superior a 50.000 kW
8501.53.90;Outros
8501.6;- Geradores de corrente alternada (alternadores), exceto os geradores fotovoltaicos:
8501.61.00;-- De pot ncia n o superior a 75 kVA
8501.62.00;-- De pot ncia superior a 75 kVA, mas n o superior a 375 kVA
8501.63.00;-- De pot ncia superior a 375 kVA, mas n o superior a 750 kVA
8501.64.00;-- De pot ncia superior a 750 kVA
8501.7;- Geradores fotovoltaicos de corrente cont nua:
8501.71.00;-- De pot ncia n o superior a 50 W
8501.72;-- De pot ncia superior a 50 W
8501.72.10;De pot ncia n o superior a 75 kW
8501.72.90;Outros
8501.80.00;- Geradores fotovoltaicos de corrente alternada
85.02;Grupos eletrog neos e conversores rotativos el tricos.
8502.1;- Grupos eletrog neos de motor de pist o, de igni  o por compress o (motores diesel ou semidiesel):
8502.11;-- De pot ncia n o superior a 75 kVA
8502.11.10;De corrente alternada
8502.11.90;Outros
8502.12;-- De pot ncia superior a 75 kVA, mas n o superior a 375 kVA
8502.12.10;De corrente alternada
8502.12.90;Outros
8502.13;-- De pot ncia superior a 375 kVA
8502.13.1;De corrente alternada
8502.13.11;De pot ncia n o superior a 430 kVA
8502.13.19;Outros
8502.13.90;Outros
8502.20;- Grupos eletrog neos de motor de pist o, de igni  o por centelha (fa sca) (motor de explos o)
8502.20.1;De corrente alternada
8502.20.11;De pot ncia n o superior a 210 kVA
8502.20.19;Outros
8502.20.90;Outros
8502.3;- Outros grupos eletrog neos:
8502.31.00;-- De energia e lica
8502.39.00;-- Outros
8502.40;- Conversores rotativos el tricos
8502.40.10;De frequ ncia
8502.40.90;Outros
8503.00;Partes reconhec veis como exclusiva ou principalmente destinadas  s m quinas das posi  es 85.01 ou 85.02.
8503.00.10;De motores ou geradores das subposi  es 8501.10, 8501.20, 8501.31, 8501.32 ou do item 8501.40.1
8503.00.90;Outras
85.04;Transformadores el tricos, conversores el tricos est ticos (retificadores, por exemplo), bobinas de reat ncia e de autoindu  o.
8504.10.00;- Reatores (Balastros*) para l mpadas ou tubos de descarga
8504.2;- Transformadores de diel trico l quido:
8504.21.00;-- De pot ncia n o superior a 650 kVA
8504.22.00;-- De pot ncia superior a 650 kVA, mas n o superior a 10.000 kVA
8504.23.00;-- De pot ncia superior a 10.000 kVA
8504.3;- Outros transformadores:
8504.31;-- De pot ncia n o superior a 1 kVA
8504.31.1;Para frequ ncias inferiores ou iguais a 60 Hz
8504.31.11;Transformadores de corrente
8504.31.19;Outros
8504.31.9;Outros
8504.31.91;Transformador de sa da horizontal (fly back), com tens o de sa da superior a 18 kV e frequ ncia de varredura horizontal igual ou superior a 32 kHz
8504.31.92;Transformadores de FI, de detec  o, de rela  o, de linearidade ou de foco
8504.31.93;Outros, de largura e comprimento n o superior a 50 mm e altura n o superior a 25 mm, pr prios para montagem por inser  o (PTH - Pin Through Hole) ou montagem em superf cie (SMD - Surface Mounted Device)
8504.31.99;Outros
8504.32;-- De pot ncia superior a 1 kVA, mas n o superior a 16 kVA
8504.32.1;De pot ncia n o superior a 3 kVA
8504.32.11;Para frequ ncias inferiores ou iguais a 60 Hz
8504.32.19;Outros
8504.32.2;De pot ncia superior a 3 kVA
8504.32.21;Para frequ ncias inferiores ou iguais a 60 Hz
8504.32.29;Outros
8504.33.00;-- De pot ncia superior a 16 kVA, mas n o superior a 500 kVA
8504.34.00;-- De pot ncia superior a 500 kVA
8504.40;- Conversores est ticos
8504.40.10;Carregadores de acumuladores
8504.40.2;Retificadores, exceto carregadores de acumuladores
8504.40.21;De cristal (semicondutores)
8504.40.22;Eletrol ticos
8504.40.29;Outros
8504.40.30;Conversores de corrente cont nua
8504.40.40;Equipamento de alimenta  o ininterrupta de energia (UPS ou no break)
8504.40.50;Conversores eletr nicos de frequ ncia, para varia  o de velocidade de motores el tricos
8504.40.60;Aparelhos eletr nicos de alimenta  o de energia do tipo utilizado para ilumina  o de emerg ncia
8504.40.90;Outros
8504.50;- Outras bobinas de reat ncia e de autoindu  o
8504.50.10;De largura e comprimento n o superior a 45 mm e altura n o superior a 30 mm, pr prias para montagem por inser  o (PTH - Pin Through Hole) ou montagem em superf cie (SMD - Surface Mounted Device)
8504.50.90;Outras
8504.90;- Partes
8504.90.10;N cleos de p  ferromagn tico
8504.90.20;De reatores para l mpadas ou tubos de descarga
8504.90.30;De transformadores das subposi  es 8504.21, 8504.22, 8504.23, 8504.33 ou 8504.34
8504.90.40;De conversores est ticos, exceto de carregadores de acumuladores e de retificadores
8504.90.90;Outras
85.05;"Eletro m s;  m s permanentes e artigos destinados a tornarem-se  m s permanentes ap s magnetiza  o; placas, mandris e dispositivos semelhantes, magn ticos ou eletromagn ticos, de fixa  o; acoplamentos, embreagens, variadores de velocidade e freios (trav es), eletromagn ticos; cabe as de eleva  o eletromagn ticas."
8505.1;-  m s permanentes e artigos destinados a tornarem-se  m s permanentes ap s magnetiza  o:
8505.11.00;-- De metal
8505.19;-- Outros
8505.19.10;De ferrita (cer micos)
8505.19.90;Outros
8505.20;- Acoplamentos, embreagens, variadores de velocidade e freios (trav es), eletromagn ticos
8505.20.10;Freios (trav es) que atuam por corrente de Foucault, do tipo utilizado nos ve culos das posi  es 87.01 a 87.05
8505.20.90;Outros
8505.90;- Outros, incluindo as partes
8505.90.1;Eletro m s
8505.90.11;Do tipo utilizado em aparelhos de diagn stico de imagem por resson ncia magn tica
8505.90.19;Outros
8505.90.80;Outros
8505.90.90;Partes
85.06;Pilhas e baterias de pilhas, el tricas.
8506.10;- De di xido de mangan s
8506.10.1;Pilhas alcalinas
8506.10.11;De tens o igual a 1,5 V, cil ndricas, do tipo LR14 (C)
8506.10.12;De tens o igual a 1,5 V, cil ndricas, do tipo LR20 (D)
8506.10.19;Outras
8506.10.20;Outras pilhas
8506.10.3;Baterias de pilhas
8506.10.31;Alcalinas, de tens o igual a 9 V
8506.10.32;Alcalinas, de tens o igual a 12 V
8506.10.39;Outras
8506.30;- De  xido de merc rio
8506.30.10;Com volume exterior n o superior a 300 cm3
8506.30.90;Outras
8506.40;- De  xido de prata
8506.40.10;Com volume exterior n o superior a 300 cm3
8506.40.90;Outras
8506.50;- De l tio
8506.50.10;Com volume exterior n o superior a 300 cm3
8506.50.90;Outras
8506.60;- De ar-zinco
8506.60.10;Com volume exterior n o superior a 300 cm3
8506.60.90;Outras
8506.80;- Outras pilhas e baterias de pilhas
8506.80.10;Com volume exterior n o superior a 300 cm3
8506.80.90;Outras
8506.90.00;- Partes
85.07;Acumuladores el tricos e seus separadores, mesmo de forma quadrada ou retangular.
8507.10;- De chumbo, do tipo utilizado para o arranque dos motores de pist o
8507.10.10;De capacidade inferior ou igual a 20 Ah e tens o inferior ou igual a 12 V
8507.10.90;Outros
8507.20;- Outros acumuladores de chumbo
8507.20.10;De peso inferior ou igual a 1.000 kg
8507.20.90;Outros
8507.30;- De n quel-c dmio
8507.30.1;De peso inferior ou igual a 2.500 kg
8507.30.11;De capacidade inferior ou igual a 15 Ah
8507.30.19;Outros
8507.30.90;Outros
8507.50;- De n quel-hidreto met lico
8507.50.10;De tens o igual a 1,2 V, cil ndricos do tipo HR6 (AA)
8507.50.20;De tens o igual a 1,2 V, cil ndricos do tipo HR03 (AAA)
8507.50.90;Outros
8507.60.00;- De  on de l tio
8507.80.00;- Outros acumuladores
8507.90;- Partes
8507.90.10;Separadores
8507.90.20;Recipientes de pl stico, suas tampas e tamp es
8507.90.90;Outras
85.08;Aspiradores.
8508.1;- Com motor el trico incorporado:
8508.11.00;-- De pot ncia n o superior a 1.500 W e cujo volume do reservat rio n o exceda 20 l
8508.19.00;-- Outros
8508.60.00;- Outros aspiradores
8508.70.00;- Partes
85.09;Aparelhos eletromec nicos com motor el trico incorporado, de uso dom stico, exceto os aspiradores da posi  o 85.08.
8509.40;"- Trituradores (moedores) e misturadores de alimentos; espremedores de fruta ou de produtos hort colas"
8509.40.10;Liquidificadores
8509.40.20;Batedeiras
8509.40.30;Moedores de carne
8509.40.40;Extratores centr fugos de sucos
8509.40.50;Aparelhos de fun  es m ltiplas, providos de acess rios intercambi veis, para processar alimentos
8509.40.90;Outros
8509.80;- Outros aparelhos
8509.80.10;Enceradeiras de pisos
8509.80.90;Outros
8509.90.00;- Partes
85.10;Aparelhos ou m quinas de barbear, m quinas de cortar o cabelo ou de tosquiar e aparelhos de depilar, com motor el trico incorporado.
8510.10.00;- Aparelhos ou m quinas de barbear
8510.20.00;- M quinas de cortar o cabelo ou de tosquiar
8510.30.00;- Aparelhos de depilar
8510.90;- Partes
8510.90.1;De aparelhos ou m quinas de barbear
8510.90.11;L minas
8510.90.19;Outras
8510.90.20;Pentes e contrapentes para m quinas de tosquiar
8510.90.90;Outras
85.11;"Aparelhos e dispositivos el tricos de igni  o ou de arranque para motores de igni  o por centelha (fa sca) ou por compress o (por exemplo, magnetos, d namos-magnetos, bobinas de igni  o, velas de igni  o ou de aquecimento, motores de arranque); geradores (por exemplo, d namos e alternadores) e conjuntores-disjuntores utilizados com estes motores."
8511.10.00;- Velas de igni  o
8511.20;"- Magnetos; d namos-magnetos; volantes magn ticos"
8511.20.10;Magnetos
8511.20.90;Outros
8511.30;"- Distribuidores; bobinas de igni  o"
8511.30.10;Distribuidores
8511.30.20;Bobinas de igni  o
8511.40.00;- Motores de arranque, mesmo funcionando como geradores
8511.50;- Outros geradores
8511.50.10;D namos e alternadores
8511.50.90;Outros
8511.80;- Outros aparelhos e dispositivos
8511.80.10;Velas de aquecimento
8511.80.20;Reguladores de voltagem (conjuntores-disjuntores)
8511.80.30;Igni  o eletr nica digital
8511.80.90;Outros
8511.90.00;- Partes
85.12;Aparelhos el tricos de ilumina  o ou de sinaliza  o (exceto os da posi  o 85.39), limpadores de para-brisas, degeladores e desemba adores el tricos, do tipo utilizado em ciclos ou autom veis.
8512.10.00;- Aparelhos de ilumina  o ou de sinaliza  o visual do tipo utilizado em bicicletas
8512.20;- Outros aparelhos de ilumina  o ou de sinaliza  o visual
8512.20.1;Aparelhos de ilumina  o
8512.20.11;Far is
8512.20.19;Outros
8512.20.2;Aparelhos de sinaliza  o visual
8512.20.21;Luzes fixas
8512.20.22;Luzes indicadoras de manobras
8512.20.23;Caixas de luzes combinadas
8512.20.29;Outros
8512.30.00;- Aparelhos de sinaliza  o ac stica
8512.40;- Limpadores de para-brisas, degeladores e desemba adores
8512.40.10;Limpadores de para-brisas
8512.40.20;Degeladores e desemba adores
8512.90.00;- Partes
85.13;Lanternas el tricas port teis concebidas para funcionar por meio de sua pr pria fonte de energia (por exemplo, de pilhas, de acumuladores, de magnetos), excluindo os aparelhos de ilumina  o da posi  o 85.12.
8513.10;- Lanternas
8513.10.10;Manuais
8513.10.90;Outras
8513.90.00;- Partes
85.14;"Fornos el tricos industriais ou de laborat rio, incluindo os que funcionam por indu  o ou por perdas diel tricas; outros aparelhos industriais ou de laborat rio para tratamento t rmico de mat rias por indu  o ou por perdas diel tricas."
8514.1;- Fornos de resist ncia (de aquecimento indireto):
8514.11.00;-- Prensas isost ticas a quente
8514.19.00;-- Outros
8514.20;- Fornos que funcionam por indu  o ou por perdas diel tricas
8514.20.1;Por indu  o
8514.20.11;Industriais
8514.20.19;Outros
8514.20.20;Por perdas diel tricas
8514.3;- Outros fornos:
8514.31.00;-- Fornos de feixe de el trons
8514.32.00;-- Fornos de plasma e fornos de arco a v cuo
8514.39.00;-- Outros
8514.40.00;- Outros aparelhos para tratamento t rmico de mat rias por indu  o ou por perdas diel tricas
8514.90.00;- Partes
85.15;"M quinas e aparelhos para soldar (mesmo de corte) el tricos (incluindo os a g s aquecido eletricamente), a laser ou outros feixes de luz ou de f tons, a ultrassom, a feixes de el trons, a impulsos magn ticos ou a jato de plasma; m quinas e aparelhos el tricos para proje  o a quente de metais ou de cermets."
8515.1;- M quinas e aparelhos para soldadura forte ou fraca:
8515.11.00;-- Ferros e pistolas
8515.19.00;-- Outros
8515.2;- M quinas e aparelhos para soldar metais por resist ncia:
8515.21.00;-- Inteira ou parcialmente autom ticos
8515.29.00;-- Outros
8515.3;- M quinas e aparelhos para soldar metais por arco ou jato de plasma:
8515.31;-- Inteira ou parcialmente autom ticos
8515.31.10;Rob s para soldar, por arco, em atmosfera inerte (MIG - Metal Inert Gas) ou atmosfera ativa (MAG - Metal Active Gas), de comando num rico
8515.31.90;Outros
8515.39.00;-- Outros
8515.80;- Outras m quinas e aparelhos
8515.80.10;Para soldar a laser
8515.80.90;Outros
8515.90.00;- Partes
85.16;"Aquecedores el tricos de  gua, incluindo os de imers o; aparelhos el tricos para aquecimento de ambientes, do solo ou para usos semelhantes; aparelhos eletrot rmicos para arranjos do cabelo (por exemplo, secadores de cabelo, frisadores, aquecedores de ferros de frisar) ou para secar as m os; ferros el tricos de passar; outros aparelhos eletrot rmicos de uso dom stico; resist ncias de aquecimento, exceto as da posi  o 85.45."
8516.10.00;- Aquecedores el tricos de  gua, incluindo os de imers o
8516.2;- Aparelhos el tricos para aquecimento de ambientes, do solo ou para usos semelhantes:
8516.21.00;-- Radiadores de acumula  o
8516.29.00;-- Outros
8516.3;- Aparelhos eletrot rmicos para arranjos do cabelo ou para secar as m os:
8516.31.00;-- Secadores de cabelo
8516.32.00;-- Outros aparelhos para arranjos do cabelo
8516.33.00;-- Aparelhos para secar as m os
8516.40.00;- Ferros el tricos de passar
8516.50.00;- Fornos de micro-ondas
8516.60.00;"- Outros fornos; fog es de cozinha, fogareiros (incluindo as chapas de coc  o), grelhas e assadeiras"
8516.7;- Outros aparelhos eletrot rmicos:
8516.71.00;-- Aparelhos para prepara  o de caf  ou de ch 
8516.72.00;-- Torradeiras de p o
8516.79;-- Outros
8516.79.10;Panelas
8516.79.20;Fritadoras
8516.79.90;Outros
8516.80;- Resist ncias de aquecimento
8516.80.10;Para aparelhos da presente posi  o
8516.80.90;Outras
8516.90.00;- Partes
85.17;"Aparelhos telef nicos, incluindo os telefones inteligentes (smartphones) e outros telefones para redes celulares ou para outras redes sem fio; outros aparelhos para a transmiss o ou recep  o de voz, imagens ou outros dados, incluindo os aparelhos para comunica  o em redes por fio ou redes sem fio (tal como uma rede local (LAN) ou uma rede de  rea estendida (longa dist ncia) (WAN)), exceto os aparelhos das posi  es 84.43, 85.25, 85.27 ou 85.28."
8517.1;- Aparelhos telef nicos, incluindo os telefones inteligentes (smartphones) e outros telefones para redes celulares ou para outras redes sem fio:
8517.11.00;-- Aparelhos telef nicos por fio com unidade auscultador-microfone sem fio
8517.13.00;-- Telefones inteligentes (smartphones)
8517.14;-- Outros telefones para redes celulares ou para outras redes sem fio
8517.14.10;De radiotelefonia, anal gicos
8517.14.3;De redes celulares, exceto por sat lite
8517.14.31;Port teis
8517.14.32;Fixos, sem fonte pr pria de energia
8517.14.39;Outros
8517.14.4;De telecomunica  es por sat lite
8517.14.41;Digitais, operando em banda C, Ku, L ou S
8517.14.49;Outros
8517.14.90;Outros
8517.18;-- Outros
8517.18.30;N o combinados com outros aparelhos
8517.18.90;Outros
8517.6;- Outros aparelhos para a transmiss o ou recep  o de voz, imagens ou outros dados, incluindo os aparelhos para comunica  o em redes por fio ou redes sem fio (tal como uma rede local (LAN) ou uma rede de  rea estendida (longa dist ncia) (WAN)):
8517.61;-- Esta  es-base
8517.61.30;De telefonia celular
8517.61.4;De telecomunica  o por sat lite
8517.61.41;Principal terrena fixa, sem conjunto antena-refletor
8517.61.42;VSAT (Very Small Aperture Terminal), sem conjunto antena-refletor
8517.61.43;Digitais, operando em banda C, Ku, L ou S
8517.61.49;Outras
8517.61.9;Outras
8517.61.91;Digitais, de frequ ncia igual ou superior a 15 GHz e inferior ou igual a 23 GHz e taxa de transmiss o inferior ou igual a 8 Mbit/s
8517.61.92;Digitais, de frequ ncia superior a 23 GHz
8517.61.99;Outras
8517.62;-- Aparelhos para recep  o, convers o, transmiss o ou regenera  o de voz, imagens ou outros dados, incluindo os aparelhos de comuta  o e roteamento
8517.62.1;Concentradores de linhas de assinantes (terminais de central ou terminal remoto) e multiplexadores
8517.62.14;Concentradores de linhas de assinantes (terminais de central ou terminal remoto)
8517.62.15;Multiplexadores
8517.62.2;Aparelhos para comuta  o de linhas telef nicas
8517.62.21;Centrais autom ticas p blicas, incluindo as de tr nsito
8517.62.29;Outros
8517.62.3;Outros aparelhos para comuta  o
8517.62.34;Aparelhos para comuta  o de pacotes de dados (switches)
8517.62.39;Outros
8517.62.4;Roteadores digitais, em redes mesmo com fio
8517.62.41;Com capacidade de conex o sem fio
8517.62.49;Outros
8517.62.5;Outros aparelhos para recep  o, transmiss o ou regenera  o de voz, imagens ou outros dados em rede com fio
8517.62.51;Terminais ou repetidores sobre linhas met licas
8517.62.52;Terminais ou repetidores sobre linhas de fibras  pticas, com velocidade de transmiss o superior a 2,5 Gbit/s
8517.62.53;Terminais de texto que operem com c digo de transmiss o Baudot, providos de teclado alfanum rico e visor, mesmo com telefone incorporado
8517.62.54;Distribuidores de conex es para redes (hubs)
8517.62.55;Moduladores-demoduladores (modems)
8517.62.56;Interfones
8517.62.59;Outros
8517.62.6;Aparelhos emissores com receptor incorporado de tecnologia celular ou por sat lite
8517.62.62;De tecnologia celular
8517.62.64;Por sat lite, digitais, operando em banda C, Ku, L ou S
8517.62.65;Outros, por sat lite
8517.62.7;Outros aparelhos emissores com receptor incorporado, digitais
8517.62.72;De frequ ncia inferior a 15 GHz e de taxa de transmiss o inferior ou igual a 34 Mbit/s, exceto os interfones
8517.62.73;Interfones
8517.62.77;Outros, de frequ ncia inferior a 15 GHz
8517.62.78;De frequ ncia igual ou superior a 15 GHz, mas inferior ou igual a 23 GHz e taxa de transmiss o inferior ou igual a 8 Mbit/s
8517.62.79;Outros
8517.62.9;Outros
8517.62.91;Aparelhos transmissores (emissores)
8517.62.94;Tradutores (conversores) de protocolos para interconex o de redes (gateways)
8517.62.96;Outros, anal gicos
8517.62.99;Outros
8517.69.00;-- Outros
8517.7;- Partes:
8517.71;"-- Antenas e refletores de antenas de qualquer tipo; partes reconhec veis como de utiliza  o conjunta com esses artigos"
8517.71.10;Antenas pr prias para telefones celulares port teis
8517.71.20;Antenas pr prias para esta  es-base de telefonia celular
8517.71.90;Outras
8517.79.00;-- Outras
85.18;"Microfones e seus suportes; alto-falantes (altifalantes), mesmo montados nas suas caixas (colunas); fones de ouvido (auscultadores e auriculares*), mesmo combinados com um microfone, e conjuntos ou sortidos constitu dos por um microfone e um ou mais alto-falantes (altifalantes); amplificadores el tricos de audiofrequ ncia; aparelhos el tricos de amplifica  o de som."
8518.10;- Microfones e seus suportes
8518.10.10;Piezel tricos pr prios para aparelhos telef nicos
8518.10.90;Outros
8518.2;- Alto-falantes (altifalantes), mesmo montados nas suas caixas (colunas):
8518.21.00;-- Alto-falante (altifalante)  nico montado na sua caixa (coluna)
8518.22.00;-- Alto-falantes (altifalantes) m ltiplos montados na mesma caixa (coluna)
8518.29;-- Outros
8518.29.10;Piezel tricos pr prios para aparelhos telef nicos
8518.29.90;Outros
8518.30.00;- Fones de ouvido (Auscultadores e auriculares*), mesmo combinados com um microfone, e conjuntos ou sortidos constitu dos por um microfone e um ou mais alto-falantes (altifalantes)
8518.40.00;- Amplificadores el tricos de audiofrequ ncia
8518.50.00;- Aparelhos el tricos de amplifica  o de som
8518.90;- Partes
8518.90.10;De alto-falantes (altifalantes)
8518.90.90;Outras
85.19;"Aparelhos de grava  o de som; aparelhos de reprodu  o de som; aparelhos de grava  o e de reprodu  o de som."
8519.20.00;- Aparelhos que funcionem por introdu  o de moedas, notas (pap is-moeda), cart es de banco, fichas ou por outros meios de pagamento
8519.30.00;- Pratos de toca-discos (gira-discos*)
8519.8;- Outros aparelhos:
8519.81;-- Que utilizem um suporte magn tico,  ptico ou de semicondutor
8519.81.10;Com sistema de leitura  ptica por laser (leitores de discos compactos)
8519.81.20;Gravadores de som de cabinas de aeronaves
8519.81.90;Outros
8519.89.00;-- Outros
85.21;Aparelhos de grava  o ou de reprodu  o de v deo, mesmo incorporando um receptor de televis o.
8521.10;- De fita magn tica
8521.10.10;Gravador-reprodutor, sem sintonizador
8521.10.8;Outros, para fitas de largura inferior a 19,05 mm (3/4'')
8521.10.81;Em cassete, de largura de fita igual a 12,65 mm (1/2'')
8521.10.89;Outros
8521.10.90;Outros, para fitas de largura igual ou superior a 19,05 mm (3/4'')
8521.90.00;- Outros
85.22;Partes e acess rios reconhec veis como sendo exclusiva ou principalmente destinados aos aparelhos das posi  es 85.19 ou 85.21.
8522.10.00;- Fonocaptores
8522.90.00;- Outros
85.23;"Discos, fitas, dispositivos de armazenamento de dados n o vol teis   base de semicondutores, ""cart es inteligentes"" e outros suportes para grava  o de som ou para grava  es semelhantes, mesmo gravados, incluindo as matrizes e moldes galv nicos para fabrica  o de discos, exceto os produtos do Cap tulo 37."
8523.2;- Suportes magn ticos:
8523.21;-- Cart es com tarja (banda) magn tica
8523.21.10;N o gravados
8523.21.20;Gravados
8523.29;-- Outros
8523.29.1;Discos magn ticos
8523.29.11;Do tipo utilizado em unidades de discos r gidos
8523.29.19;Outros
8523.29.90;Outros
8523.4;- Suportes  pticos:
8523.41;-- N o gravados
8523.41.10;Discos para sistema de leitura por raios laser com possibilidade de serem gravados uma  nica vez
8523.41.90;Outros
8523.49;-- Outros
8523.49.10;Para reprodu  o apenas do som
8523.49.20;Para reprodu  o de fen menos diferentes do som ou da imagem
8523.49.90;Outros
8523.5;- Suportes de semicondutor:
8523.51;-- Dispositivos de armazenamento de dados n o vol teis   base de semicondutores
8523.51.10;Cart es de mem ria (memory cards)
8523.51.90;Outros
8523.52;"-- ""Cart es inteligentes"""
8523.52.10;Cart es e etiquetas de acionamento por aproxima  o
8523.52.90;Outros
8523.59.00;-- Outros
8523.80.00;- Outros
85.24;M dulos de visualiza  o de tela (ecr *) plana, mesmo que incorporem telas sens veis ao toque (ecr s t cteis*).
8524.1;- Sem controladores (drivers) nem circuitos de controle:
8524.11.00;-- De cristais l quidos
8524.12.00;-- De diodos emissores de luz org nicos (OLED)
8524.19.00;-- Outros
8524.9;- Outros:
8524.91.00;-- De cristais l quidos
8524.92.00;-- De diodos emissores de luz org nicos (OLED)
8524.99.00;-- Outros
85.25;"Aparelhos transmissores (emissores) para radiodifus o ou televis o, mesmo que incorporem um aparelho receptor ou um aparelho de grava  o ou de reprodu  o de som; c meras de televis o, c meras fotogr ficas digitais e c meras de v deo."
8525.50;- Aparelhos transmissores (emissores)
8525.50.1;De radiodifus o
8525.50.11;Em AM, com modula  o por c digo ou largura de pulso, totalmente a semicondutor e com pot ncia de sa da superior a 10 kW
8525.50.19;Outros
8525.50.2;De televis o
8525.50.21;De frequ ncia superior a 7 GHz
8525.50.22;Em banda UHF, de frequ ncia igual ou superior a 2,0 GHz, mas n o superior a 2,7 GHz, com pot ncia de sa da igual ou superior a 10 W, mas n o superior a 100 W
8525.50.23;Em banda UHF, com pot ncia de sa da superior a 10 kW
8525.50.24;Em banda VHF, com pot ncia de sa da igual ou superior a 20 kW
8525.50.29;Outros
8525.60;- Aparelhos transmissores (emissores) que incorporem um aparelho receptor
8525.60.10;De radiodifus o
8525.60.20;De televis o, de frequ ncia superior a 7 GHz
8525.60.90;Outros
8525.8;- C meras de televis o, c meras fotogr ficas digitais e c meras de v deo:
8525.81.00;-- Ultrarr pidas, mencionadas na Nota de subposi  es 1 do presente Cap tulo
8525.82.00;-- Outras, resistentes   radia  o, mencionadas na Nota de subposi  es 2 do presente Cap tulo
8525.83.00;-- Outras, de vis o noturna, mencionadas na Nota de subposi  es 3 do presente Cap tulo
8525.89;-- Outras
8525.89.1;C meras de televis o
8525.89.11;Com tr s ou mais captadores de imagem
8525.89.12;Com sensor de imagem a semicondutor tipo CCD, de mais de 490 x 580 elementos de imagem (pixels) ativos, sens veis a intensidades de ilumina  o inferiores a 0,20 lux
8525.89.13;Com sensor de imagem a semicondutor tipo CMOS, de mais de 490 x 580 elementos de imagem (pixels) ativos, sens veis a intensidades de ilumina  o inferiores a 0,20 lux
8525.89.14;Outras, pr prias para captar imagens exclusivamente no espectro infravermelho de comprimento de onda igual ou superior a 2 micr metros (m crons), mas n o superior a 14 micr metros (m crons)
8525.89.19;Outras
8525.89.2;C meras fotogr ficas digitais e c meras de v deo
8525.89.21;Com tr s ou mais captadores de imagem
8525.89.22;Outras, pr prias para captar imagens exclusivamente no espectro infravermelho de comprimento de onda igual ou superior a 2 micr metros (m crons), mas n o superior a 14 micr metros (m crons)
8525.89.29;Outras
85.26;Aparelhos de radiodetec  o e de radiossondagem (radar), aparelhos de radionavega  o e aparelhos de radiotelecomando.
8526.10.00;- Aparelhos de radiodetec  o e de radiossondagem (radar)
8526.9;- Outros:
8526.91.00;-- Aparelhos de radionavega  o
8526.92.00;-- Aparelhos de radiotelecomando
85.27;Aparelhos receptores para radiodifus o, mesmo combinados num mesmo inv lucro, com um aparelho de grava  o ou de reprodu  o de som, ou com um rel gio.
8527.1;- Aparelhos receptores de radiodifus o suscet veis de funcionarem sem fonte externa de energia:
8527.12.00;-- R dios toca-fitas (R dios-leitores de cassetes*) de bolso
8527.13.00;-- Outros aparelhos combinados com um aparelho de grava  o ou de reprodu  o de som
8527.19.00;-- Outros
8527.2;- Aparelhos receptores de radiodifus o que s  funcionem com fonte externa de energia, do tipo utilizado em ve culos autom veis:
8527.21.00;-- Combinados com um aparelho de grava  o ou de reprodu  o de som
8527.29.00;-- Outros
8527.9;- Outros:
8527.91.00;-- Combinados com um aparelho de grava  o ou de reprodu  o de som
8527.92.00;-- N o combinados com um aparelho de grava  o ou de reprodu  o de som, mas combinados com um rel gio
8527.99;-- Outros
8527.99.10;Amplificador com sintonizador (receiver)
8527.99.90;Outros
85.28;"Monitores e projetores, que n o incorporem aparelho receptor de televis o; aparelhos receptores de televis o, mesmo que incorporem um aparelho receptor de radiodifus o ou um aparelho de grava  o ou de reprodu  o de som ou de imagens."
8528.4;- Monitores com tubo de raios cat dicos:
8528.42.00;-- Capazes de serem conectados diretamente a uma m quina autom tica para processamento de dados da posi  o 84.71 e concebidos para serem utilizados com esta m quina
8528.49;-- Outros
8528.49.30;Policrom ticos, com dispositivos de sele  o de varredura (underscanning) e de retardo de sincronismo horizontal e vertical (H/V delay ou pulse cross)
8528.49.90;Outros
8528.5;- Outros monitores:
8528.52.00;-- Capazes de serem conectados diretamente a uma m quina autom tica para processamento de dados da posi  o 84.71 e concebidos para serem utilizados com esta m quina
8528.59.00;-- Outros
8528.6;- Projetores:
8528.62.00;-- Capazes de serem conectados diretamente a uma m quina autom tica para processamento de dados da posi  o 84.71 e concebidos para serem utilizados com esta m quina
8528.69;-- Outros
8528.69.10;Com tecnologia de dispositivo digital de microespelhos (DMD - Digital Micromirror Device)
8528.69.90;Outros
8528.7;- Aparelhos receptores de televis o, mesmo que incorporem um aparelho receptor de radiodifus o ou um aparelho de grava  o ou de reprodu  o de som ou de imagens:
8528.71;-- N o concebidos para incorporar um dispositivo de visualiza  o ou uma tela (ecr *), de v deo
8528.71.1;Receptor-decodificador integrado (IRD) de sinais digitalizados de v deo codificados
8528.71.11;Sem sa da de radiofrequ ncia (RF) modulada nos canais 3 ou 4, com sa das de  udio balanceadas com imped ncia de 600 Ohms, pr prio para montagem em racks e com sa da de v deo com conector BNC
8528.71.19;Outros
8528.71.90;Outros
8528.72.00;-- Outros, a cores
8528.73.00;-- Outros, a preto e branco ou outros monocromos
85.29;Partes reconhec veis como exclusiva ou principalmente destinadas aos aparelhos das posi  es 85.24 a 85.28.
8529.10;"- Antenas e refletores de antenas de qualquer tipo; partes reconhec veis como de utiliza  o conjunta com esses artigos"
8529.10.20;Antenas com refletor parab lico
8529.10.90;Outros
8529.90;- Outras
8529.90.1;De aparelhos das subposi  es 8525.50 ou 8525.60
8529.90.11;Gabinetes e bastidores
8529.90.12;Circuitos impressos com componentes el tricos ou eletr nicos, montados
8529.90.19;Outras
8529.90.20;De aparelhos das posi  es 85.27 ou 85.28
8529.90.30;De aparelhos da subposi  o 8526.10
8529.90.40;De aparelhos da subposi  o 8526.91
8529.90.50;De m dulos de visualiza  o da posi  o 85.24
8529.90.90;Outras
85.30;Aparelhos el tricos de sinaliza  o (excluindo os de transmiss o de mensagens), de seguran a, de controle e de comando, para vias f rreas ou semelhantes, vias terrestres ou fluviais, para  reas ou parques de estacionamento, instala  es portu rias ou para aer dromos (exceto os da posi  o 86.08).
8530.10;- Aparelhos para vias f rreas ou semelhantes
8530.10.10;Digitais, para controle de tr fego
8530.10.90;Outros
8530.80;- Outros aparelhos
8530.80.10;Digitais, para controle de tr fego de automotores
8530.80.90;Outros
8530.90.00;- Partes
85.31;Aparelhos el tricos de sinaliza  o ac stica ou visual (por exemplo, campainhas, sirenes, pain is indicadores, aparelhos de alarme para prote  o contra roubo ou inc ndio), exceto os das posi  es 85.12 ou 85.30.
8531.10;- Aparelhos el tricos de alarme para prote  o contra roubo ou inc ndio e aparelhos semelhantes
8531.10.10;Alarmes contra inc ndio ou sobreaquecimento
8531.10.90;Outros
8531.20.00;- Pain is indicadores com dispositivos de cristais l quidos (LCD) ou de diodos emissores de luz (LED)
8531.80.00;- Outros aparelhos
8531.90.00;- Partes
85.32;Condensadores el tricos, fixos, vari veis ou ajust veis.
8532.10.00;- Condensadores fixos concebidos para linhas el tricas de 50/60 Hz e capazes de absorver uma pot ncia reativa igual ou superior a 0,5 kvar (condensadores de pot ncia)
8532.2;- Outros condensadores fixos:
8532.21;-- De t ntalo
8532.21.1;Pr prios para montagem em superf cie (SMD - Surface Mounted Device)
8532.21.11;Com tens o de isola  o inferior ou igual a 125 V
8532.21.19;Outros
8532.21.20;Pr prios para montagem por inser  o (PTH - Pin Through Hole)
8532.21.90;Outros
8532.22.00;-- Eletrol ticos de alum nio
8532.23;-- Com diel trico de cer mica, de uma s  camada
8532.23.10;Pr prios para montagem em superf cie (SMD - Surface Mounted Device)
8532.23.90;Outros
8532.24;-- Com diel trico de cer mica, de camadas m ltiplas
8532.24.10;Pr prios para montagem em superf cie (SMD - Surface Mounted Device)
8532.24.20;Pr prios para montagem por inser  o (PTH - Pin Through Hole)
8532.24.90;Outros
8532.25;-- Com diel trico de papel ou de pl stico
8532.25.10;Pr prios para montagem em superf cie (SMD - Surface Mounted Device)
8532.25.90;Outros
8532.29;-- Outros
8532.29.10;Pr prios para montagem em superf cie (SMD - Surface Mounted Device)
8532.29.90;Outros
8532.30;- Condensadores vari veis ou ajust veis
8532.30.10;Pr prios para montagem em superf cie (SMD - Surface Mounted Device)
8532.30.90;Outros
8532.90.00;- Partes
85.33;Resist ncias el tricas (incluindo os reostatos e os potenci metros), exceto de aquecimento.
8533.10.00;- Resist ncias fixas de carbono, aglomeradas ou de camada
8533.2;- Outras resist ncias fixas:
8533.21;-- Para pot ncia n o superior a 20 W
8533.21.10;De fio
8533.21.20;Pr prias para montagem em superf cie (SMD - Surface Mounted Device)
8533.21.90;Outras
8533.29.00;-- Outras
8533.3;- Resist ncias vari veis bobinadas (incluindo os reostatos e os potenci metros):
8533.31;-- Para pot ncia n o superior a 20 W
8533.31.10;Potenci metros
8533.31.90;Outras
8533.39;-- Outras
8533.39.10;Potenci metros
8533.39.90;Outras
8533.40;- Outras resist ncias vari veis (incluindo os reostatos e os potenci metros)
8533.40.1;Resist ncias n o lineares semicondutoras
8533.40.11;Termistores
8533.40.12;Varistores para uma tens o inferior ou igual a 1.000 V
8533.40.13;Outros varistores
8533.40.19;Outras
8533.40.9;Outras
8533.40.91;Potenci metro de carv o, do tipo utilizado para determinar o  ngulo de abertura da borboleta, em sistemas de inje  o de combust vel controlados eletronicamente
8533.40.92;Outros potenci metros de carv o
8533.40.99;Outras
8533.90.00;- Partes
8534.00;Circuitos impressos.
8534.00.1;Simples face, r gidos
8534.00.11;Com isolante de resina fen lica e papel celul sico
8534.00.12;Com isolante de resina ep xida e papel celul sico
8534.00.13;Com isolante de resina ep xida e tecido de fibra de vidro
8534.00.19;Outros
8534.00.20;Simples face, flex veis
8534.00.3;Dupla face, r gidos
8534.00.31;Com isolante de resina fen lica e papel celul sico
8534.00.32;Com isolante de resina ep xida e papel celul sico
8534.00.33;Com isolante de resina ep xida e tecido de fibra de vidro
8534.00.39;Outros
8534.00.40;Dupla face, flex veis
8534.00.5;Multicamadas
8534.00.51;Com isolante de resina ep xida e tecido de fibra de vidro
8534.00.59;Outros
85.35;Aparelhos para interrup  o, seccionamento, prote  o, deriva  o, liga  o ou conex o de circuitos el tricos (por exemplo, interruptores, comutadores, corta-circuitos, para-raios, limitadores de tens o, supressores de picos de tens o (eliminadores de onda), tomadas de corrente e outros conectores, caixas de jun  o), para uma tens o superior a 1.000 V.
8535.10.00;- Fus veis e corta-circuitos de fus veis
8535.2;- Disjuntores:
8535.21.00;-- Para uma tens o inferior a 72,5 kV
8535.29.00;-- Outros
8535.30;- Seccionadores e interruptores
8535.30.1;Para corrente nominal inferior ou igual a 1.600 A
8535.30.13;Interruptores a v cuo, sem dispositivo de acionamento (ampolas a v cuo)
8535.30.17;Outros, com dispositivo de acionamento n o autom tico
8535.30.18;Outros, com dispositivo de acionamento autom tico, exceto os de contatos imersos em meio l quido
8535.30.19;Outros
8535.30.2;Para corrente nominal superior a 1.600 A
8535.30.23;Interruptores a v cuo, sem dispositivo de acionamento (ampolas a v cuo)
8535.30.27;Outros, com dispositivo de acionamento n o autom tico
8535.30.28;Outros, com dispositivo de acionamento autom tico, exceto os de contatos imersos em meio l quido
8535.30.29;Outros
8535.40;- Para-raios, limitadores de tens o e supressores de picos de tens o (eliminadores de onda)
8535.40.10;Para-raios para prote  o de linhas de transmiss o de eletricidade
8535.40.90;Outros
8535.90;- Outros
8535.90.10;Comutadores com ampolas a v cuo, sem interrup  o de circula  o de corrente durante a comuta  o, para uma corrente nominal igual ou superior a 100 A
8535.90.90;Outros
85.36;"Aparelhos para interrup  o, seccionamento, prote  o, deriva  o, liga  o ou conex o de circuitos el tricos (por exemplo, interruptores, comutadores, rel s, corta-circuitos, supressores de picos de tens o (eliminadores de onda), plugues (fichas*) e tomadas de corrente, suportes para l mpadas e outros conectores, caixas de jun  o), para uma tens o n o superior a 1.000 V; conectores para fibras  pticas, feixes ou cabos de fibras  pticas."
8536.10.00;- Fus veis e corta-circuitos de fus veis
8536.20.00;- Disjuntores
8536.30;- Outros aparelhos para prote  o de circuitos el tricos
8536.30.10;Centelhador a g s
8536.30.90;Outros
8536.4;- Rel s:
8536.41.00;-- Para uma tens o n o superior a 60 V
8536.49.00;-- Outros
8536.50;- Outros interruptores, seccionadores e comutadores
8536.50.10;Unidade chaveadora de conversor de subida e descida para sistema de telecomunica  es via sat lite
8536.50.20;Unidade chaveadora de amplificador de alta pot ncia (HPA) para sistema de telecomunica  es via sat lite
8536.50.30;Comutadores codificadores digitais, pr prios para montagem em circuitos impressos
8536.50.90;Outros
8536.6;- Suportes para l mpadas, plugues (fichas*) e tomadas de corrente:
8536.61.00;-- Suportes para l mpadas
8536.69;-- Outros
8536.69.10;Tomada polarizada e tomada blindada
8536.69.90;Outros
8536.70.00;- Conectores para fibras  pticas, feixes ou cabos de fibras  pticas
8536.90;- Outros aparelhos
8536.90.10;Conectores para cabos planos constitu dos por condutores paralelos isolados individualmente
8536.90.20;Tomadas de contato deslizante em condutores a reos
8536.90.30;Soquetes para microestruturas eletr nicas
8536.90.40;Conectores para circuito impresso
8536.90.50;Terminais de conex o para condensadores, mesmo montados em suporte isolante
8536.90.60;Conector de corrente el trica para acoplamento atrav s da carca a, do tipo utilizado em motocompressores herm ticos de refrigera  o
8536.90.90;Outros
85.37;Quadros, pain is, consoles, cabinas, arm rios e outros suportes com dois ou mais aparelhos das posi  es 85.35 ou 85.36, para comando el trico ou distribui  o de energia el trica, incluindo os que incorporem instrumentos ou aparelhos do Cap tulo 90, bem como os aparelhos de comando num rico, exceto os aparelhos de comuta  o da posi  o 85.17.
8537.10;- Para uma tens o n o superior a 1.000 V
8537.10.1;Comando num rico computadorizado (CNC)
8537.10.11;Com processador e barramento de 32 bits ou superior, incorporando recursos gr ficos e execu  o de macros, resolu  o inferior ou igual a 1 micr metro (m cron) e capacidade de conex o digital para servo-acionamento, com monitor policrom tico
8537.10.19;Outros
8537.10.20;Controladores program veis
8537.10.30;Controladores de demanda de energia el trica
8537.10.90;Outros
8537.20;- Para uma tens o superior a 1.000 V
8537.20.10;Subesta  es isoladas a g s (GIS - Gas-Insulated Switchgear ou HIS - Highly Integrated Switchgear), para uma tens o superior a 52 kV
8537.20.90;Outros
85.38;Partes reconhec veis como exclusiva ou principalmente destinadas aos aparelhos das posi  es 85.35, 85.36 ou 85.37.
8538.10.00;- Quadros, pain is, consoles, cabinas, arm rios e outros suportes, da posi  o 85.37, desprovidos dos seus aparelhos
8538.90;- Outras
8538.90.10;Circuitos impressos com componentes el tricos ou eletr nicos, montados
8538.90.20;De disjuntores, para uma tens o igual ou superior a 72,5 kV
8538.90.90;Outras
85.39;"L mpadas e tubos el tricos de incandesc ncia ou de descarga, incluindo os artigos denominados ""far is e projetores, em unidades seladas"" e as l mpadas e tubos de raios ultravioleta ou infravermelhos; l mpadas de arco; fontes de luz de diodos emissores de luz (LED)."
8539.10;"- Artigos denominados ""far is e projetores, em unidades seladas"""
8539.10.10;Para uma tens o inferior ou igual a 15 V
8539.10.90;Outros
8539.2;- Outras l mpadas e tubos de incandesc ncia, exceto de raios ultravioleta ou infravermelhos:
8539.21;-- Hal genos, de tungst nio (volfr mio)
8539.21.10;Para uma tens o inferior ou igual a 15 V
8539.21.90;Outros
8539.22.00;-- Outros, de pot ncia n o superior a 200 W e uma tens o superior a 100 V
8539.29;-- Outros
8539.29.10;Para uma tens o inferior ou igual a 15 V
8539.29.90;Outros
8539.3;- L mpadas e tubos de descarga, exceto de raios ultravioleta:
8539.31;-- Fluorescentes, de c todo quente
8539.31.1;L mpadas, com reator eletr nico incorporado e base rosca E 14, E 27 ou E 40
8539.31.11;Que contenham mais de 5 mg de merc rio por cada inv lucro (tubo)
8539.31.19;Outras
8539.31.20;Outras l mpadas
8539.31.3;Tubos
8539.31.31;Com f sforo tribanda e que contenham mais de 5 mg de merc rio
8539.31.32;Com f sforo em halofosfato e que contenham mais de 10 mg de merc rio
8539.31.39;Outros
8539.32;"-- L mpadas de vapor de merc rio ou de s dio; l mpadas de halogeneto met lico"
8539.32.10;De vapor de merc rio
8539.32.20;De vapor de s dio
8539.32.30;De halogeneto met lico
8539.39;-- Outros
8539.39.1;Tubos fluorescentes de c todo frio ou de eletrodo externo, para telas eletr nicas
8539.39.11;De comprimento n o superior a 500 mm e que contenham mais de 3,5 mg de merc rio
8539.39.12;De comprimento superior a 500 mm, mas n o superior a 1.500 mm e que contenham mais de 5 mg de merc rio
8539.39.13;De comprimento superior a 1.500 mm e que contenham mais de 13 mg de merc rio
8539.39.19;Outros
8539.39.90;Outros
8539.4;"- L mpadas e tubos de raios ultravioleta ou infravermelhos; l mpadas de arco:"
8539.41;-- L mpadas de arco
8539.41.10;De pot ncia igual ou superior a 1.000 W
8539.41.90;Outras
8539.49.00;-- Outros
8539.5;- Fontes de luz de diodos emissores de luz (LED):
8539.51.00;-- M dulos de diodos emissores de luz (LED)
8539.52.00;-- L mpadas e tubos de diodos emissores de luz (LED)
8539.90;- Partes
8539.90.10;Eletrodos
8539.90.20;Bases
8539.90.90;Outras
85.40;L mpadas, tubos e v lvulas, eletr nicos, de c todo quente, c todo frio ou fotoc todo (por exemplo, l mpadas, tubos e v lvulas, de v cuo, de vapor ou de g s, ampolas retificadoras de vapor de merc rio, tubos cat dicos, tubos e v lvulas para c meras de televis o), exceto os da posi  o 85.39.
8540.1;- Tubos cat dicos para receptores de televis o, incluindo os tubos para monitores de v deo:
8540.11.00;-- A cores
8540.12.00;-- A preto e branco ou outros monocromos
8540.20;"- Tubos para c meras de televis o; tubos conversores ou intensificadores de imagens; outros tubos de fotoc todo"
8540.20.1;Tubos para c meras de televis o
8540.20.11;A preto e branco ou outros monocromos
8540.20.19;Outros
8540.20.20;Tubos conversores ou intensificadores de imagens, de raios X
8540.20.90;Outros
8540.40.00;"- Tubos de visualiza  o de dados gr ficos, em monocromos; tubos de visualiza  o de dados gr ficos, a cores, com uma tela (ecr *) fosf rica de espa amento entre os pontos inferior a 0,4 mm"
8540.60;- Outros tubos cat dicos
8540.60.10;Tubos de visualiza  o de dados gr ficos, em cores, com uma tela de espa amento entre os pontos igual ou superior a 0,4 mm
8540.60.90;Outros
8540.7;- Tubos para micro-ondas (por exemplo, magn trons, cl strons, guias (tubos) de ondas progressivas, carcinotrons), excluindo os tubos comandados por grade (grelha):
8540.71.00;-- Magn trons
8540.79.00;-- Outros
8540.8;- Outras l mpadas, tubos e v lvulas:
8540.81.00;-- Tubos de recep  o ou de amplifica  o
8540.89;-- Outros
8540.89.10;V lvulas de pot ncia para transmissores
8540.89.90;Outros
8540.9;- Partes:
8540.91;-- De tubos cat dicos
8540.91.10;Bobinas de deflex o (yokes)
8540.91.20;N cleos de p  ferromagn tico para bobinas de deflex o (yokes)
8540.91.30;Canh es eletr nicos
8540.91.40;Painel de vidro, m scara de sombra e blindagem interna, reunidos, para tubos tricrom ticos
8540.91.90;Outras
8540.99.00;-- Outras
85.41;"Dispositivos semicondutores (por exemplo, diodos, transistores, transdutores   base de semicondutores); dispositivos fotossens veis semicondutores, incluindo as c lulas fotovoltaicas, mesmo montadas em m dulos ou em pain is; diodos emissores de luz (LED), mesmo montados com outros diodos emissores de luz (LED); cristais piezel tricos montados."
8541.10;- Diodos, exceto fotodiodos e diodos emissores de luz (LED)
8541.10.1;N o montados
8541.10.11;Zener
8541.10.12;Outros, de intensidade de corrente inferior ou igual a 3 A
8541.10.19;Outros
8541.10.2;Montados, pr prios para montagem em superf cie (SMD - Surface Mounted Device)
8541.10.21;Zener
8541.10.22;Outros, de intensidade de corrente inferior ou igual a 3 A
8541.10.29;Outros
8541.10.3;Montados, pr prios para montagem por inser  o (PTH - Pin Through Hole)
8541.10.31;Zener
8541.10.32;Outros, de intensidade de corrente inferior ou igual a 3 A
8541.10.39;Outros
8541.10.9;Outros
8541.10.91;Zener
8541.10.92;Outros, de intensidade de corrente inferior ou igual a 3 A
8541.10.99;Outros
8541.2;- Transistores, exceto os fototransistores:
8541.21;-- Com capacidade de dissipa  o inferior a 1 W
8541.21.10;N o montados
8541.21.20;Montados, pr prios para montagem em superf cie (SMD - Surface Mounted Device)
8541.21.9;Outros
8541.21.91;De efeito de campo, com jun  o heterog nea (HJFET ou HEMT)
8541.21.99;Outros
8541.29;-- Outros
8541.29.10;N o montados
8541.29.20;Montados
8541.30;- Tiristores, diacs e triacs, exceto os dispositivos fotossens veis
8541.30.1;N o montados
8541.30.11;De intensidade de corrente inferior ou igual a 3 A
8541.30.19;Outros
8541.30.2;Montados
8541.30.21;De intensidade de corrente inferior ou igual a 3 A
8541.30.29;Outros
8541.4;"- Dispositivos fotossens veis semicondutores, incluindo as c lulas fotovoltaicas, mesmo montadas em m dulos ou em pain is; diodos emissores de luz (LED):"
8541.41;-- Diodos emissores de luz (LED)
8541.41.1;N o montados
8541.41.11;Diodos emissores de luz (LED), exceto diodos laser
8541.41.12;Diodos laser
8541.41.2;Montados
8541.41.21;Diodos emissores de luz (LED), exceto diodos laser, pr prios para montagem em superf cie (SMD - Surface Mounted Device)
8541.41.22;Outros diodos emissores de luz (LED), exceto diodos laser
8541.41.23;Diodos laser com comprimento de onda de 1.300 nm ou 1.500 nm
8541.41.24;Outros diodos laser
8541.42;-- C lulas fotovoltaicas n o montadas em m dulos nem em pain is
8541.42.10;C lulas solares org nicas
8541.42.20;Outras c lulas solares
8541.42.90;Outras
8541.43.00;-- C lulas fotovoltaicas montadas em m dulos ou em pain is
8541.49.00;-- Outros
8541.5;- Outros dispositivos semicondutores:
8541.51.00;-- Transdutores   base de semicondutores
8541.59.00;-- Outros
8541.60;- Cristais piezel tricos montados
8541.60.10;De quartzo, de frequ ncia igual ou superior a 1 MHz, mas n o superior a 100 MHz
8541.60.90;Outros
8541.90;- Partes
8541.90.10;Suportes-conectores apresentados em tiras (lead frames)
8541.90.20;Coberturas para encapsulamento (c psulas)
8541.90.90;Outras
85.42;Circuitos integrados eletr nicos.
8542.3;- Circuitos integrados eletr nicos:
8542.31;-- Processadores e controladores, mesmo combinados com mem rias, conversores, circuitos l gicos, amplificadores, circuitos temporizadores e de sincroniza  o, ou outros circuitos
8542.31.10;N o montados
8542.31.20;Montados, pr prios para montagem em superf cie (SMD - Surface Mounted Device)
8542.31.90;Outros
8542.32;-- Mem rias
8542.32.10;N o montadas
8542.32.2;Montadas, pr prias para montagem em superf cie (SMD - Surface Mounted Device)
8542.32.21;Dos tipos RAM est ticas (SRAM) com tempo de acesso inferior ou igual a 25 ns, EPROM, EEPROM, PROM, ROM e FLASH
8542.32.29;Outras
8542.32.9;Outras
8542.32.91;Dos tipos RAM est ticas (SRAM) com tempo de acesso inferior ou igual a 25 ns, EPROM, EEPROM, PROM, ROM e FLASH
8542.32.99;Outras
8542.33;-- Amplificadores
8542.33.1;H bridos
8542.33.11;De espessura de camada inferior ou igual a 1 micr metro (m cron) com frequ ncia de opera  o igual ou superior a 800 MHz
8542.33.19;Outros
8542.33.20;Outros, n o montados
8542.33.90;Outros
8542.39;-- Outros
8542.39.1;H bridos
8542.39.11;De espessura de camada inferior ou igual a 1 micr metro (m cron) com frequ ncia de opera  o igual ou superior a 800 MHz
8542.39.19;Outros
8542.39.20;Outros, n o montados
8542.39.3;Outros, montados, pr prios para montagem em superf cie (SMD - Surface Mounted Device)
8542.39.31;Circuitos do tipo chipset
8542.39.39;Outros
8542.39.9;Outros
8542.39.91;Circuitos do tipo chipset
8542.39.99;Outros
8542.90.00;- Partes
85.43;M quinas e aparelhos el tricos com fun  o pr pria, n o especificados nem compreendidos noutras posi  es do presente Cap tulo.
8543.10.00;- Aceleradores de part culas
8543.20.00;- Geradores de sinais
8543.30;- M quinas e aparelhos de galvanoplastia, eletr lise ou eletroforese
8543.30.10;De eletr lise, com c lulas de membrana
8543.30.90;Outros
8543.40.00;- Cigarros eletr nicos e dispositivos de vaporiza  o el tricos de uso pessoal semelhantes
8543.70;- Outras m quinas e aparelhos
8543.70.1;Amplificadores de radiofrequ ncia
8543.70.11;Para transmiss o de sinais de micro-ondas de alta pot ncia (HPA), a v lvula TWT do tipo Phase Combiner, com pot ncia de sa da superior a 2,7 kW
8543.70.12;Para recep  o de sinais de micro-ondas de baixo ru do (LNA) na banda de 3.600 a 4.200 MHz, com temperatura menor ou igual a 55 Kelvin, para telecomunica  es via sat lite
8543.70.13;Para distribui  o de sinais de televis o
8543.70.14;Outros para recep  o de sinais de micro-ondas
8543.70.15;Outros para transmiss o de sinais de micro-ondas
8543.70.19;Outros
8543.70.20;Aparelhos para eletrocutar insetos
8543.70.3;M quinas e aparelhos auxiliares para v deo
8543.70.31;Geradores de efeitos especiais com manipula  o em 2 ou 3 dimens es, mesmo combinados com dispositivo de comuta  o, de mais de 10 entradas de  udio ou de v deo
8543.70.32;Geradores de caracteres, digitais
8543.70.33;Sincronizadores de quadro armazenadores ou corretores de base de tempo
8543.70.34;Controladores de edi  o
8543.70.35;Misturador digital, em tempo real, com oito ou mais entradas
8543.70.36;Roteador-comutador (routing switcher) de mais de 20 entradas e mais de 16 sa das, de  udio ou de v deo
8543.70.39;Outros
8543.70.40;Transcodificadores ou conversores de padr es de televis o
8543.70.50;Simulador de antenas para transmissores com pot ncia igual ou superior a 25 kW (carga fantasma)
8543.70.9;Outros
8543.70.91;Terminais de texto que operem com c digo de transmiss o Baudot, providos de teclado alfanum rico e visor, para acoplamento exclusivamente ac stico a telefone
8543.70.92;Eletrificadores de cercas
8543.70.99;Outros
8543.90;- Partes
8543.90.10;Das m quinas ou aparelhos da subposi  o 8543.70
8543.90.90;Outras
85.44;"Fios, cabos (incluindo os cabos coaxiais) e outros condutores, isolados para usos el tricos (incluindo os envernizados ou oxidados anodicamente), mesmo com pe as de conex o; cabos de fibras  pticas, constitu dos por fibras embainhadas individualmente, mesmo com condutores el tricos ou munidos de pe as de conex o."
8544.1;- Fios para bobinar:
8544.11.00;-- De cobre
8544.19;-- Outros
8544.19.1;De alum nio
8544.19.11;Revestido de cobre (CCA - Copper Clad Aluminum)
8544.19.19;Outros
8544.19.90;Outros
8544.20.00;- Cabos coaxiais e outros condutores el tricos coaxiais
8544.30.00;- Jogos de fios para velas de igni  o e outros jogos de fios do tipo utilizado em quaisquer ve culos
8544.4;- Outros condutores el tricos, para uma tens o n o superior a 1.000 V:
8544.42.00;-- Munidos de pe as de conex o
8544.49.00;-- Outros
8544.60.00;- Outros condutores el tricos, para uma tens o superior a 1.000 V
8544.70;- Cabos de fibras  pticas
8544.70.10;Com revestimento externo de material diel trico
8544.70.20;Com revestimento externo de a o, pr prios para instala  o submarina (cabo submarino)
8544.70.30;Com revestimento externo de alum nio
8544.70.90;Outros
85.45;Eletrodos de carv o, escovas de carv o, carv es para l mpadas ou para pilhas e outros artigos de grafita ou de outro carv o, mesmo com metal, para usos el tricos.
8545.1;- Eletrodos:
8545.11.00;-- Do tipo utilizado em fornos
8545.19;-- Outros
8545.19.10;De grafita, com um teor de carbono igual ou superior a 99,9 %, em peso
8545.19.20;Blocos de grafite, do tipo utilizado como c todos em cubas eletrol ticas
8545.19.90;Outros
8545.20.00;- Escovas
8545.90;- Outros
8545.90.10;Carv es para pilhas el tricas
8545.90.20;Resist ncias aquecedoras desprovidas de revestimento e de terminais
8545.90.30;Suportes de conex o (nipples), para eletrodos
8545.90.90;Outros
85.46;Isoladores el tricos de qualquer mat ria.
8546.10.00;- De vidro
8546.20.00;- De cer mica
8546.90.00;- Outros
85.47;"Pe as isolantes inteiramente de mat rias isolantes, ou com simples pe as met licas de montagem (suportes roscados, por exemplo) incorporadas na massa, para m quinas, aparelhos e instala  es el tricas, exceto os isoladores da posi  o 85.46; tubos isoladores e suas pe as de liga  o, de metais comuns, isolados interiormente."
8547.10.00;- Pe as isolantes de cer mica
8547.20;- Pe as isolantes de pl stico
8547.20.10;Tamp es vedadores para condensadores, com perfura  es para terminais
8547.20.90;Outras
8547.90.00;- Outros
8548.00;Partes el tricas de m quinas ou aparelhos, n o especificadas nem compreendidas noutras posi  es do presente Cap tulo.
8548.00.10;Termopares do tipo utilizado em dispositivos termoel tricos de seguran a de aparelhos alimentados a g s
8548.00.90;Outras
85.49;Desperd cios e res duos, e sucata, el tricos e eletr nicos.
8549.1;"- Desperd cios e res duos, e sucata, de pilhas, de baterias de pilhas e de acumuladores, el tricos; pilhas, baterias de pilhas e acumuladores, el tricos, inserv veis:"
8549.11.00;"-- Desperd cios e res duos, e sucata, de acumuladores de chumbo- cido; acumuladores de chumbo- cido inserv veis"
8549.12.00;-- Outros, que contenham chumbo, c dmio ou merc rio
8549.13.00;-- Selecionados por tipo de componente qu mico e que n o contenham chumbo, c dmio ou merc rio
8549.14.00;-- N o selecionados e que n o contenham chumbo, c dmio ou merc rio
8549.19.00;-- Outros
8549.2;- Do tipo utilizado principalmente para a recupera  o de metais preciosos:
8549.21.00;-- Que contenham pilhas, baterias de pilhas ou acumuladores, el tricos, interruptores de merc rio, vidro de tubos cat dicos ou outros vidros ativados, ou componentes el tricos ou eletr nicos que contenham c dmio, merc rio, chumbo ou policlorobifenilas (PCB)
8549.29.00;-- Outros
8549.3;- Outras montagens el tricas e eletr nicas e placas de circuitos impressos:
8549.31.00;-- Que contenham pilhas, baterias de pilhas ou acumuladores, el tricos, interruptores de merc rio, vidro de tubos cat dicos ou outros vidros ativados, ou componentes el tricos ou eletr nicos que contenham c dmio, merc rio, chumbo ou policlorobifenilas (PCB)
8549.39.00;-- Outras
8549.9;- Outros:
8549.91.00;-- Que contenham pilhas, baterias de pilhas ou acumuladores, el tricos, interruptores de merc rio, vidro de tubos cat dicos ou outros vidros ativados, ou componentes el tricos ou eletr nicos que contenham c dmio, merc rio, chumbo ou policlorobifenilas (PCB)
8549.99.00;-- Outros
86;"Ve culos e material para vias f rreas ou semelhantes, e suas partes; aparelhos mec nicos (incluindo os eletromec nicos) de sinaliza  o para vias de comunica  o."
86.01;Locomotivas e locotratores, de fonte externa de eletricidade ou de acumuladores el tricos.
8601.10.00;- De fonte externa de eletricidade
8601.20.00;- De acumuladores el tricos
86.02;"Outras locomotivas e locotratores; t nderes."
8602.10.00;- Locomotivas diesel-el tricas
8602.90.00;- Outros
86.03;Litorinas (automotoras), mesmo para circula  o urbana, exceto as da posi  o 86.04.
8603.10.00;- De fonte externa de eletricidade
8603.90.00;- Outras
8604.00;Ve culos para inspe  o e manuten  o de vias f rreas ou semelhantes, mesmo autopropulsados (por exemplo, vag es-oficinas, vag es-guindastes, vag es equipados com batedores de balastro, alinhadores de vias, viaturas para testes e dresinas).
8604.00.10;Autopropulsados, equipados com batedores de balastro e alinhadores de vias f rreas
8604.00.90;Outros
8605.00;Vag es de passageiros (carruagens*), furg es para bagagem, vag es-postais e outros vag es especiais, para vias f rreas ou semelhantes (excluindo as viaturas da posi  o 86.04).
8605.00.10;Vag es de passageiros
8605.00.90;Outros
86.06;Vag es para transporte de mercadorias sobre vias f rreas.
8606.10.00;- Vag es-tanque (vag es-cisterna) e semelhantes
8606.30.00;- Vag es de descarga autom tica, exceto os da subposi  o 8606.10
8606.9;- Outros:
8606.91.00;-- Cobertos e fechados
8606.92.00;-- Abertos, com paredes fixas de altura superior a 60 cm
8606.99.00;-- Outros
86.07;Partes de ve culos para vias f rreas ou semelhantes.
8607.1;- Bogies, bissels, eixos e rodas, e suas partes:
8607.11;-- Bogies e bissels, de tra  o
8607.11.10;Bogies
8607.11.20;Bissels
8607.12.00;-- Outros bogies e bissels
8607.19;-- Outros, incluindo as partes
8607.19.1;Mancais
8607.19.11;Com rolamentos incorporados, de di metro exterior superior a 190 mm, do tipo utilizado em eixos de rodas de vag es ferrovi rios
8607.19.19;Outros
8607.19.90;Outros
8607.2;- Freios (trav es) e suas partes:
8607.21.00;-- Freios (trav es) a ar comprimido e suas partes
8607.29.00;-- Outros
8607.30.00;- Ganchos e outros sistemas de engate, para-choques, e suas partes
8607.9;- Outras:
8607.91.00;-- De locomotivas ou de locotratores
8607.99.00;-- Outras
8608.00;"Material fixo de vias f rreas ou semelhantes; aparelhos mec nicos (incluindo os eletromec nicos) de sinaliza  o, de seguran a, de controle ou de comando para vias f rreas ou semelhantes, rodovi rias ou fluviais, para  reas ou parques de estacionamento, instala  es portu rias ou para aer dromos; suas partes."
8608.00.1;Aparelhos mec nicos (incluindo os eletromec nicos) de sinaliza  o, de seguran a, de controle ou de comando para vias f rreas ou semelhantes, rodovi rias ou fluviais, para  reas ou parques de estacionamento, instala  es portu rias ou para aer dromos
8608.00.11;Mec nicos
8608.00.12;Eletromec nicos
8608.00.90;Outros
8609.00.00;Cont ineres (Contentores*), incluindo os de transporte de fluidos, especialmente concebidos e equipados para um ou mais meios de transporte.
87;Ve culos autom veis, tratores, ciclos e outros ve culos terrestres, suas partes e acess rios.
87.01;Tratores (exceto os carros-tratores da posi  o 87.09).
8701.10.00;- Tratores de eixo  nico
8701.2;- Tratores rodovi rios para semirreboques:
8701.21.00;-- Unicamente com motor de pist o de igni  o por compress o (diesel ou semidiesel)
8701.22.00;-- Equipados para propuls o, simultaneamente, com motor de pist o de igni  o por compress o (diesel ou semidiesel) e motor el trico
8701.23.00;-- Equipados para propuls o, simultaneamente, com motor de pist o de igni  o por centelha (fa sca) e motor el trico
8701.24.00;-- Unicamente com motor el trico para propuls o
8701.29.00;-- Outros
8701.30.00;- Tratores de lagartas (esteiras)
8701.9;- Outros, com uma pot ncia de motor:
8701.91.00;-- N o superior a 18 kW
8701.92.00;-- Superior a 18 kW, mas n o superior a 37 kW
8701.93.00;-- Superior a 37 kW, mas n o superior a 75 kW
8701.94;-- Superior a 75 kW, mas n o superior a 130 kW
8701.94.10;Tratores especialmente concebidos para arrastar troncos (log skidders)
8701.94.90;Outros
8701.95;-- Superior a 130 kW
8701.95.10;Tratores especialmente concebidos para arrastar troncos (log skidders)
8701.95.90;Outros
87.02;Ve culos autom veis para transporte de dez pessoas ou mais, incluindo o motorista.
8702.10.00;- Unicamente com motor de pist o de igni  o por compress o (diesel ou semidiesel)
8702.20.00;- Equipados para propuls o, simultaneamente, com motor de pist o de igni  o por compress o (diesel ou semidiesel) e motor el trico
8702.30.00;- Equipados para propuls o, simultaneamente, com motor de pist o de igni  o por centelha (fa sca) e motor el trico
8702.40;- Unicamente com motor el trico para propuls o
8702.40.10;Tr lebus
8702.40.90;Outros
8702.90.00;- Outros
87.03;Autom veis de passageiros e outros ve culos autom veis principalmente concebidos para transporte de pessoas (exceto os da posi  o 87.02), incluindo os ve culos de uso misto (station wagons) e os autom veis de corrida.
8703.10.00;"- Ve culos especialmente concebidos para se deslocar sobre a neve; ve culos especiais para transporte de pessoas nos campos de golfe e ve culos semelhantes"
8703.2;- Outros ve culos, unicamente com motor de pist o de igni  o por centelha (fa sca):
8703.21.00;-- De cilindrada n o superior a 1.000 cm3
8703.22;-- De cilindrada superior a 1.000 cm3, mas n o superior a 1.500 cm3
8703.22.10;Com capacidade de transporte de pessoas sentadas inferior ou igual a seis, incluindo o motorista
8703.22.90;Outros
8703.23;-- De cilindrada superior a 1.500 cm3, mas n o superior a 3.000 cm3
8703.23.10;Com capacidade de transporte de pessoas sentadas inferior ou igual a seis, incluindo o motorista
8703.23.90;Outros
8703.24;-- De cilindrada superior a 3.000 cm3
8703.24.10;Com capacidade de transporte de pessoas sentadas inferior ou igual a seis, incluindo o motorista
8703.24.90;Outros
8703.3;- Outros ve culos, unicamente com motor de pist o de igni  o por compress o (diesel ou semidiesel):
8703.31;-- De cilindrada n o superior a 1.500 cm3
8703.31.10;Com capacidade de transporte de pessoas sentadas inferior ou igual a seis, incluindo o motorista
8703.31.90;Outros
8703.32;-- De cilindrada superior a 1.500 cm3, mas n o superior a 2.500 cm3
8703.32.10;Com capacidade de transporte de pessoas sentadas inferior ou igual a seis, incluindo o motorista
8703.32.90;Outros
8703.33;-- De cilindrada superior a 2.500 cm3
8703.33.10;Com capacidade de transporte de pessoas sentadas inferior ou igual a seis, incluindo o motorista
8703.33.90;Outros
8703.40.00;- Outros ve culos, equipados para propuls o, simultaneamente, com motor de pist o de igni  o por centelha (fa sca) e motor el trico, exceto os suscet veis de serem carregados por conex o a uma fonte externa de energia el trica
8703.50.00;- Outros ve culos, equipados para propuls o, simultaneamente, com motor de pist o de igni  o por compress o (diesel ou semidiesel) e motor el trico, exceto os suscet veis de serem carregados por conex o a uma fonte externa de energia el trica
8703.60.00;- Outros ve culos, equipados para propuls o, simultaneamente, com motor de pist o de igni  o por centelha (fa sca) e motor el trico, suscet veis de serem carregados por conex o a uma fonte externa de energia el trica
8703.70.00;- Outros ve culos, equipados para propuls o, simultaneamente, com motor de pist o de igni  o por compress o (diesel ou semidiesel) e motor el trico, suscet veis de serem carregados por conex o a uma fonte externa de energia el trica
8703.80.00;- Outros ve culos, equipados unicamente com motor el trico para propuls o
8703.90.00;- Outros
87.04;Ve culos autom veis para transporte de mercadorias.
8704.10;- Dumpers concebidos para serem utilizados fora de rodovias
8704.10.10;Com capacidade de carga igual ou superior a 85 toneladas
8704.10.90;Outros
8704.2;- Outros, unicamente com motor de pist o, de igni  o por compress o (diesel ou semidiesel):
8704.21;-- De peso em carga m xima (bruto) n o superior a 5 toneladas
8704.21.10;Chassis com motor e cabina
8704.21.20;Com caixa basculante
8704.21.30;Frigor ficos ou isot rmicos
8704.21.90;Outros
8704.22;-- De peso em carga m xima (bruto) superior a 5 toneladas, mas n o superior a 20 toneladas
8704.22.10;Chassis com motor e cabina
8704.22.20;Com caixa basculante
8704.22.30;Frigor ficos ou isot rmicos
8704.22.90;Outros
8704.23;-- De peso em carga m xima (bruto) superior a 20 toneladas
8704.23.10;Chassis com motor e cabina
8704.23.20;Com caixa basculante
8704.23.30;Frigor ficos ou isot rmicos
8704.23.40;De chassis articulado, para o transporte de troncos (forwarder), com grua incorporada, de pot ncia m xima igual ou superior a 126 kW (170 HP)
8704.23.90;Outros
8704.3;- Outros, unicamente com motor de pist o, de igni  o por centelha (fa sca):
8704.31;-- De peso em carga m xima (bruto) n o superior a 5 toneladas
8704.31.10;Chassis com motor e cabina
8704.31.20;Com caixa basculante
8704.31.30;Frigor ficos ou isot rmicos
8704.31.90;Outros
8704.32;-- De peso em carga m xima (bruto) superior a 5 toneladas
8704.32.10;Chassis com motor e cabina
8704.32.20;Com caixa basculante
8704.32.30;Frigor ficos ou isot rmicos
8704.32.90;Outros
8704.4;- Outros, equipados para propuls o, simultaneamente, com motor de pist o de igni  o por compress o (diesel ou semidiesel) e motor el trico:
8704.41.00;-- De peso em carga m xima (bruto) n o superior a 5 toneladas
8704.42.00;-- De peso em carga m xima (bruto) superior a 5 toneladas, mas n o superior a 20 toneladas
8704.43.00;-- De peso em carga m xima (bruto) superior a 20 toneladas
8704.5;- Outros, equipados para propuls o, simultaneamente, com motor de pist o de igni  o por centelha (fa sca) e motor el trico:
8704.51.00;-- De peso em carga m xima (bruto) n o superior a 5 toneladas
8704.52.00;-- De peso em carga m xima (bruto) superior a 5 toneladas
8704.60.00;- Outros, unicamente com motor el trico para propuls o
8704.90.00;- Outros
87.05;Ve culos autom veis para usos especiais (por exemplo, autossocorros, caminh es-guindastes, ve culos de combate a inc ndio, caminh es-betoneiras, ve culos para varrer, ve culos para espalhar, ve culos-oficinas, ve culos radiol gicos), exceto os concebidos principalmente para transporte de pessoas ou de mercadorias.
8705.10;- Caminh es-guindastes
8705.10.20;Com todos os eixos de rodas direcion veis e capacidade m xima de eleva  o inferior a 100 t
8705.10.30;Com capacidade m xima de eleva  o igual ou superior a 100 t
8705.10.90;Outros
8705.20.00;- Torres (derricks) autom veis, para sondagem ou perfura  o
8705.30.00;- Ve culos de combate a inc ndio
8705.40.00;- Caminh es-betoneiras
8705.90;- Outros
8705.90.10;Caminh es para a determina  o de par metros f sicos caracter sticos (perfilagem) de po os petrol feros
8705.90.90;Outros
8706.00;Chassis com motor para os ve culos autom veis das posi  es 87.01 a 87.05.
8706.00.10;Dos ve culos da posi  o 87.02
8706.00.20;Dos ve culos das subposi  es 8701.10, 8701.30, 8701.91 a 8701.95 ou 8704.10
8706.00.90;Outros
87.07;Carro arias para os ve culos autom veis das posi  es 87.01 a 87.05, incluindo as cabinas.
8707.10.00;- Para os ve culos da posi  o 87.03
8707.90;- Outras
8707.90.10;Dos ve culos das subposi  es 8701.10, 8701.30, 8701.91 a 8701.95 ou 8704.10
8707.90.90;Outras
87.08;Partes e acess rios dos ve culos autom veis das posi  es 87.01 a 87.05.
8708.10.00;- Para-choques e suas partes
8708.2;- Outras partes e acess rios de carro arias (incluindo as de cabinas):
8708.21.00;-- Cintos de seguran a
8708.22.00;-- Para-brisas, vidros traseiros e outros vidros especificados na Nota de subposi  o 1 do presente Cap tulo
8708.29;-- Outros
8708.29.1;Dos ve culos das subposi  es 8701.10, 8701.30, 8701.91 a 8701.95 ou 8704.10
8708.29.11;Para-lamas
8708.29.12;Grades de radiadores
8708.29.13;Portas
8708.29.14;Pain is de instrumentos
8708.29.19;Outros
8708.29.9;Outros
8708.29.91;Para-lamas
8708.29.92;Grades de radiadores
8708.29.93;Portas
8708.29.94;Pain is de instrumentos
8708.29.95;Geradores de g s para acionar retratores de cintos de seguran a
8708.29.99;Outros
8708.30;"- Freios (trav es) e servofreios; suas partes"
8708.30.1;Guarni  es de freios (trav es) montadas
8708.30.11;Dos ve culos das subposi  es 8701.10, 8701.30, 8701.91 a 8701.95 ou 8704.10
8708.30.19;Outras
8708.30.90;Outros
8708.40;- Caixas de marchas (velocidades*) e suas partes
8708.40.1;Caixas de marchas dos ve culos das subposi  es 8701.10, 8701.30, 8701.91 a 8701.95 ou 8704.10
8708.40.11;Servo-assistidas, pr prias para torques de entrada superiores ou iguais a 750 Nm
8708.40.19;Outras
8708.40.80;Outras caixas de marchas
8708.40.90;Partes
8708.50;"- Eixos motores com diferencial, mesmo providos de outros componentes de transmiss o, e eixos n o motores; suas partes"
8708.50.1;Dos ve culos das subposi  es 8701.10, 8701.30, 8701.91 a 8701.95 ou 8704.10
8708.50.11;Eixos com diferencial com capacidade de suportar cargas superiores ou iguais a 14.000 kg, redutores planet rios nos extremos e dispositivo de freio (trav o) incorporado, do tipo utilizado em ve culos da subposi  o 8704.10
8708.50.12;Eixos n o motores
8708.50.19;Outros
8708.50.80;Outros
8708.50.9;Partes
8708.50.91;De eixos n o motores, dos ve culos das subposi  es 8701.10, 8701.30, 8701.91 a 8701.95 ou 8704.10
8708.50.99;Outras
8708.70;- Rodas, suas partes e acess rios
8708.70.10;De eixos propulsores dos ve culos das subposi  es 8701.10, 8701.30, 8701.91 a 8701.95 ou 8704.10
8708.70.90;Outros
8708.80.00;- Sistemas de suspens o e suas partes (incluindo os amortecedores de suspens o)
8708.9;- Outras partes e acess rios:
8708.91.00;-- Radiadores e suas partes
8708.92.00;"-- Silenciosos e tubos de escape; suas partes"
8708.93.00;-- Embreagens e suas partes
8708.94;"-- Volantes, colunas e caixas, de dire  o; suas partes"
8708.94.1;Volantes, colunas e caixas, de dire  o dos ve culos das subposi  es 8701.10, 8701.30, 8701.91 a 8701.95 ou 8704.10
8708.94.11;Volantes
8708.94.12;Colunas
8708.94.13;Caixas
8708.94.8;Outros
8708.94.81;Volantes
8708.94.82;Colunas
8708.94.83;Caixas
8708.94.90;Partes
8708.95;"-- Bolsas infl veis de seguran a com sistema de insufla  o (airbags); suas partes"
8708.95.10;Bolsas infl veis de seguran a com sistema de insufla  o (airbags)
8708.95.2;Partes
8708.95.21;Bolsas infl veis para airbags
8708.95.22;Sistema de insufla  o
8708.95.29;Outras
8708.99;-- Outros
8708.99.10;Dispositivos para comando de acelerador, freio (trav o), embreagem, dire  o ou caixa de marchas mesmo os de adapta  o dos preexistentes, do tipo utilizado por pessoas incapacitadas
8708.99.90;Outros
87.09;"Ve culos autom veis sem dispositivo de eleva  o, do tipo utilizado em f bricas, armaz ns, portos ou aeroportos, para transporte de mercadorias a curtas dist ncias; carros-tratores do tipo utilizado nas esta  es ferrovi rias; suas partes."
8709.1;- Ve culos:
8709.11.00;-- El tricos
8709.19.00;-- Outros
8709.90.00;- Partes
8710.00.00;Tanques e outros ve culos blindados de combate, armados ou n o, e suas partes.
87.11;"Motocicletas (incluindo os ciclomotores) e outros ciclos equipados com motor auxiliar, mesmo com carro lateral; carros laterais."
8711.10.00;- Com motor de pist o de cilindrada n o superior a 50 cm3
8711.20;- Com motor de pist o de cilindrada superior a 50 cm3, mas n o superior a 250 cm3
8711.20.10;Motocicletas de cilindrada inferior ou igual a 125 cm3
8711.20.20;Motocicletas de cilindrada superior a 125 cm3
8711.20.90;Outros
8711.30.00;- Com motor de pist o de cilindrada superior a 250 cm3, mas n o superior a 500 cm3
8711.40.00;- Com motor de pist o de cilindrada superior a 500 cm3, mas n o superior a 800 cm3
8711.50.00;- Com motor de pist o de cilindrada superior a 800 cm3
8711.60.00;- Com motor el trico para propuls o
8711.90.00;- Outros
8712.00;Bicicletas e outros ciclos (incluindo os triciclos), sem motor.
8712.00.10;Bicicletas
8712.00.90;Outros
87.13;Cadeiras de rodas e outros ve culos para pessoas com incapacidade, mesmo com motor ou outro mecanismo de propuls o.
8713.10.00;- Sem mecanismo de propuls o
8713.90.00;- Outros
87.14;Partes e acess rios dos ve culos das posi  es 87.11 a 87.13.
8714.10.00;- De motocicletas (incluindo os ciclomotores)
8714.20.00;- De cadeiras de rodas ou de outros ve culos para pessoas com incapacidade
8714.9;- Outros:
8714.91.00;-- Quadros e garfos, e suas partes
8714.92.00;-- Aros e raios
8714.93;-- Cubos, exceto de freios (trav es), e pinh es de rodas livres
8714.93.1;Cubos, exceto de freios (trav es)
8714.93.11;Sem rosca, para pinh es do tipo cassete
8714.93.19;Outros
8714.93.20;Pinh es de rodas livres
8714.94;-- Freios (trav es), incluindo os cubos de freios (trav es), e suas partes
8714.94.10;Cubos de freios (trav es)
8714.94.90;Outros
8714.95.00;-- Selins
8714.96;-- Pedais e pedaleiros, e suas partes
8714.96.1;Pedaleiros e suas partes
8714.96.11;Pedaleiros com pedivelas de pe a  nica (monobloco)
8714.96.12;Pedivelas de pe a  nica (monobloco)
8714.96.19;Outros
8714.96.90;Outros
8714.99;-- Outros
8714.99.10;C mbio de velocidades
8714.99.20;Caixas de dire  o sem rosca
8714.99.90;Outros
8715.00.00;Carrinhos e ve culos semelhantes para transporte de crian as, e suas partes.
87.16;"Reboques e semirreboques, para quaisquer ve culos; outros ve culos n o autopropulsados; suas partes."
8716.10.00;- Reboques e semirreboques, para habita  o ou para acampar, do tipo trailer (caravana*)
8716.20.00;- Reboques e semirreboques, autocarreg veis ou autodescarreg veis, para usos agr colas
8716.3;- Outros reboques e semirreboques, para transporte de mercadorias:
8716.31.00;-- Tanques (cisternas)
8716.39.00;-- Outros
8716.40.00;- Outros reboques e semirreboques
8716.80.00;- Outros ve culos
8716.90;- Partes
8716.90.10;Chassis de reboques e semirreboques
8716.90.90;Outras
88;Aeronaves e aparelhos espaciais, e suas partes.
8801.00.00;"Bal es e dirig veis; planadores, asas voadoras e outros ve culos a reos, n o concebidos para propuls o a motor."
88.02;"Outros ve culos a reos (por exemplo, helic pteros, avi es), exceto ve culos a reos (aeronaves) n o tripulados da posi  o 88.06; ve culos espaciais (incluindo os sat lites) e seus ve culos de lan amento, e ve culos suborbitais."
8802.1;- Helic pteros:
8802.11.00;-- De peso n o superior a 2.000 kg, vazios (sem carga)
8802.12;-- De peso superior a 2.000 kg, vazios (sem carga)
8802.12.10;De peso n o superior a 3.500 kg
8802.12.90;Outros
8802.20;- Avi es e outros ve culos a reos, de peso n o superior a 2.000 kg, vazios (sem carga)
8802.20.10;A h lice
8802.20.2;A turbo lice
8802.20.21;Monomotores
8802.20.22;Multimotores
8802.20.90;Outros
8802.30;- Avi es e outros ve culos a reos, de peso superior a 2.000 kg, mas n o superior a 15.000 kg, vazios (sem carga)
8802.30.10;A h lice
8802.30.2;A turbo lice
8802.30.21;Multimotores, de peso n o superior a 7.000 kg, vazios (sem carga)
8802.30.29;Outros
8802.30.3;A turbojato
8802.30.31;De peso n o superior a 7.000 kg, vazios (sem carga)
8802.30.39;Outros
8802.30.90;Outros
8802.40;- Avi es e outros ve culos a reos, de peso superior a 15.000 kg, vazios (sem carga)
8802.40.10;A turbo lice
8802.40.90;Outros
8802.60.00;- Ve culos espaciais (incluindo os sat lites) e seus ve culos de lan amento, e ve culos suborbitais
8804.00.00;"Paraquedas (incluindo os paraquedas dirig veis e os parapentes) e os paraquedas girat rios; suas partes e acess rios."
88.05;"Aparelhos e dispositivos para lan amento de ve culos a reos; aparelhos e dispositivos para aterrissagem (aterragem) de ve culos a reos em porta-avi es e aparelhos e dispositivos semelhantes; aparelhos de treinamento de voo em terra; suas partes."
8805.10.00;"- Aparelhos e dispositivos para lan amento de ve culos a reos, e suas partes; aparelhos e dispositivos para aterrissagem (aterragem) de ve culos a reos em porta-avi es e aparelhos e dispositivos semelhantes, e suas partes"
8805.2;- Aparelhos de treinamento de voo em terra e suas partes:
8805.21.00;-- Simuladores de combate a reo e suas partes
8805.29.00;-- Outros
88.06;Ve culos a reos (aeronaves) n o tripulados.
8806.10.00;- Concebidos para o transporte de passageiros
8806.2;- Outros, concebidos unicamente para serem pilotados remotamente:
8806.21.00;-- De peso m ximo de decolagem n o superior a 250 g
8806.22.00;-- De peso m ximo de decolagem superior a 250 g, mas n o superior a 7 kg
8806.23.00;-- De peso m ximo de decolagem superior a 7 kg, mas n o superior a 25 kg
8806.24.00;-- De peso m ximo de decolagem superior a 25 kg, mas n o superior a 150 kg
8806.29.00;-- Outros
8806.9;- Outros:
8806.91.00;-- De peso m ximo de decolagem n o superior a 250 g
8806.92.00;-- De peso m ximo de decolagem superior a 250 g, mas n o superior a 7 kg
8806.93.00;-- De peso m ximo de decolagem superior a 7 kg, mas n o superior a 25 kg
8806.94.00;-- De peso m ximo de decolagem superior a 25 kg, mas n o superior a 150 kg
8806.99.00;-- Outros
88.07;Partes dos aparelhos das posi  es 88.01, 88.02 ou 88.06.
8807.10.00;- H lices e rotores, e suas partes
8807.20.00;- Trens de aterrissagem (aterragem) e suas partes
8807.30.00;- Outras partes de avi es, de helic pteros ou de ve culos a reos (aeronaves) n o tripulados
8807.90.00;- Outras
89;Embarca  es e estruturas flutuantes.
89.01;Transatl nticos, barcos de excurs o, ferryboats, cargueiros, chatas e embarca  es semelhantes, para o transporte de pessoas ou de mercadorias.
8901.10.00;"- Transatl nticos, barcos de excurs o e embarca  es semelhantes principalmente concebidas para o transporte de pessoas; ferryboats"
8901.20.00;- Navios-tanque
8901.30.00;- Barcos frigor ficos, exceto os da subposi  o 8901.20
8901.90.00;- Outras embarca  es para o transporte de mercadorias ou para o transporte de pessoas e de mercadorias
8902.00;"Barcos de pesca; navios-f bricas e outras embarca  es para o tratamento ou conserva  o de produtos da pesca."
8902.00.10;De comprimento, de proa a popa, igual ou superior a 35 m
8902.00.90;Outros
89.03;"Iates e outros barcos e embarca  es de recreio ou de esporte; barcos a remos e canoas."
8903.1;- Barcos infl veis, mesmo com casco r gido:
8903.11.00;-- Equipados com um motor ou concebidos para comport -lo, de peso vazio (sem carga) sem motor n o superior a 100 kg
8903.12.00;-- N o concebidos para serem utilizados com um motor e de peso vazio (sem carga) n o superior a 100 kg
8903.19.00;-- Outros
8903.2;- Barcos   vela, exceto os infl veis, mesmo com motor auxiliar:
8903.21.00;-- De comprimento n o superior a 7,5 m
8903.22.00;-- De comprimento superior a 7,5 m, mas n o superior a 24 m
8903.23.00;-- De comprimento superior a 24 m
8903.3;- Barcos a motor, exceto os infl veis, n o equipados com motor fora de borda:
8903.31.00;-- De comprimento n o superior a 7,5 m
8903.32.00;-- De comprimento superior a 7,5 m, mas n o superior a 24 m
8903.33.00;-- De comprimento superior a 24 m
8903.9;- Outros:
8903.93.00;-- De comprimento n o superior a 7,5 m
8903.99.00;-- Outros
8904.00.00;Rebocadores e barcos concebidos para empurrar outras embarca  es.
89.05;"Barcos-far is, barcos-bombas, dragas, guindastes flutuantes e outras embarca  es em que a navega  o   acess ria da fun  o principal; docas flutuantes; plataformas de perfura  o ou de explora  o, flutuantes ou submers veis."
8905.10.00;- Dragas
8905.20.00;- Plataformas de perfura  o ou de explora  o, flutuantes ou submers veis
8905.90.00;- Outros
89.06;Outras embarca  es, incluindo os navios de guerra e os barcos salva-vidas, exceto os barcos a remos.
8906.10.00;- Navios de guerra
8906.90.00;- Outras
89.07;Outras estruturas flutuantes (por exemplo, balsas, reservat rios, caix es, boias de amarra  o, boias de sinaliza  o e semelhantes).
8907.10.00;- Balsas infl veis
8907.90.00;- Outras
8908.00.00;Embarca  es e outras estruturas flutuantes, para desmantelar.
90;"Instrumentos e aparelhos de  ptica, de fotografia, de cinematografia, de medida, de controle ou de precis o; instrumentos e aparelhos m dico-cir rgicos; suas partes e acess rios."
90.01;"Fibras  pticas e feixes de fibras  pticas; cabos de fibras  pticas, exceto os da posi  o 85.44; mat rias polarizantes em folhas ou em placas; lentes (incluindo as de contato), prismas, espelhos e outros elementos de  ptica, de qualquer mat ria, n o montados, exceto os de vidro n o trabalhado opticamente."
9001.10;- Fibras  pticas, feixes e cabos de fibras  pticas
9001.10.1;Fibras  pticas
9001.10.11;De di metro de n cleo inferior a 11 micr metros (m crons)
9001.10.19;Outras
9001.10.20;Feixes e cabos de fibras  pticas
9001.20.00;- Mat rias polarizantes em folhas ou em placas
9001.30.00;- Lentes de contato
9001.40.00;- Lentes de vidro, para  culos
9001.50.00;- Lentes de outras mat rias, para  culos
9001.90;- Outros
9001.90.10;Lentes
9001.90.90;Outros
90.02;Lentes, prismas, espelhos e outros elementos de  ptica, de qualquer mat ria, montados, para instrumentos ou aparelhos, exceto os de vidro n o trabalhado opticamente.
9002.1;- Objetivas:
9002.11;-- Para c meras, para projetores ou para aparelhos fotogr ficos ou cinematogr ficos, de amplia  o ou de redu  o
9002.11.1;Para c meras fotogr ficas ou cinematogr ficas ou para projetores
9002.11.11;Para c meras fotogr ficas
9002.11.19;Outras
9002.11.20;De aproxima  o (zoom) para c meras de televis o, de 20 ou mais aumentos
9002.11.90;Outras
9002.19.00;-- Outras
9002.20;- Filtros
9002.20.10;Polarizantes
9002.20.90;Outros
9002.90;- Outros
9002.90.10;Comutadores (switches) optomec nicos, do tipo utilizado em redes  pticas de transmiss o de dados, pr prios para montagem por inser  o (PTH - Pin Through Hole)
9002.90.90;Outros
90.03;Arma  es para  culos e artigos semelhantes, e suas partes.
9003.1;- Arma  es:
9003.11.00;-- De pl stico
9003.19;-- De outras mat rias
9003.19.10;De metais comuns, mesmo folheados ou chapeados de metais preciosos (plaqu )
9003.19.90;Outras
9003.90;- Partes
9003.90.10;Charneiras
9003.90.90;Outras
90.04; culos para corre  o, prote  o ou outros fins, e artigos semelhantes.
9004.10.00;-  culos de sol
9004.90;- Outros
9004.90.10; culos para corre  o
9004.90.20; culos de seguran a
9004.90.90;Outros
90.05;"Bin culos, lunetas, incluindo as astron micas, telesc pios  pticos, e suas arma  es; outros instrumentos de astronomia e suas arma  es, exceto os aparelhos de radioastronomia."
9005.10.00;- Bin culos
9005.80.00;- Outros instrumentos
9005.90;- Partes e acess rios (incluindo as arma  es)
9005.90.10;De bin culos
9005.90.90;Outros
90.06;"C meras fotogr ficas; aparelhos e dispositivos, incluindo as l mpadas e tubos, de luz rel mpago (flash), para fotografia, exceto as l mpadas e tubos de descarga da posi  o 85.39."
9006.30.00;- C meras fotogr ficas especialmente concebidas para fotografia submarina ou a rea, para exame m dico de  rg os internos ou para laborat rios de medicina legal ou de investiga  o judicial
9006.40.00;- C meras fotogr ficas para filmes de revela  o e c pia instant neas
9006.5;- Outras c meras fotogr ficas:
9006.53;-- Para filmes em rolos de 35 mm de largura
9006.53.10;De foco fixo
9006.53.20;De foco ajust vel
9006.59;-- Outras
9006.59.30;Fotocompositoras a laser para prepara  o de clich s
9006.59.40;Outras, de foco fixo
9006.59.5;Outras, de foco ajust vel
9006.59.51;Para obten  o de negativos de 45 mm x 60 mm ou de dimens es superiores
9006.59.59;Outras
9006.6;- Aparelhos e dispositivos, incluindo as l mpadas e tubos, de luz rel mpago (flash), para fotografia:
9006.61.00;"-- Aparelhos de tubo de descarga para produ  o de luz rel mpago (flash) (denominados ""flashes eletr nicos"")"
9006.69.00;-- Outros
9006.9;- Partes e acess rios:
9006.91;-- De c meras fotogr ficas
9006.91.10;Corpos
9006.91.90;Outros
9006.99.00;-- Outros
90.07;C meras e projetores, cinematogr ficos, mesmo com aparelhos de grava  o ou de reprodu  o de som incorporados.
9007.10.00;- C meras
9007.20;- Projetores
9007.20.20;Para filmes de largura igual ou superior a 35 mm, mas n o superior a 70 mm
9007.20.90;Outros
9007.9;- Partes e acess rios:
9007.91.00;-- De c meras
9007.92.00;-- De projetores
90.08;"Aparelhos de proje  o fixa; aparelhos fotogr ficos de amplia  o ou de redu  o."
9008.50.00;- Projetores e aparelhos de amplia  o ou de redu  o
9008.90.00;- Partes e acess rios
90.10;"Aparelhos e equipamentos para laborat rios fotogr ficos ou cinematogr ficos, n o especificados nem compreendidos noutras posi  es do presente Cap tulo; negatosc pios; telas para proje  o."
9010.10;- Aparelhos e equipamentos para revela  o autom tica de filmes fotogr ficos, de filmes cinematogr ficos ou de papel fotogr fico, em rolos, ou para c pia autom tica de filmes revelados em rolos de papel fotogr fico
9010.10.10;Cubas e cubetas, de opera  o autom tica e program veis
9010.10.20;Ampliadoras-copiadoras autom ticas para papel fotogr fico, com capacidade superior a 1.000 c pias por hora
9010.10.90;Outros
9010.50;"- Outros aparelhos e equipamentos para laborat rios fotogr ficos ou cinematogr ficos; negatosc pios"
9010.50.10;Processadores fotogr ficos para o tratamento eletr nico de imagens, mesmo com sa da digital
9010.50.20;Aparelhos para revela  o autom tica de chapas de fotopol meros com suporte met lico
9010.50.90;Outros
9010.60.00;- Telas para proje  o
9010.90;- Partes e acess rios
9010.90.10;De aparelhos ou material da subposi  o 9010.10 ou do item 9010.50.10
9010.90.90;Outros
90.11;Microsc pios  pticos, incluindo os microsc pios para fotomicrografia, cinefotomicrografia ou microproje  o.
9011.10.00;- Microsc pios estereosc picos
9011.20;- Outros microsc pios, para fotomicrografia, cinefotomicrografia ou microproje  o
9011.20.10;Para fotomicrografia
9011.20.20;Para cinefotomicrografia
9011.20.30;Para microproje  o
9011.80;- Outros microsc pios
9011.80.10;Binoculares de platina m vel
9011.80.90;Outros
9011.90;- Partes e acess rios
9011.90.10;Dos artigos da subposi  o 9011.20
9011.90.90;Outros
90.12;"Microsc pios, exceto  pticos; difrat grafos."
9012.10;"- Microsc pios, exceto  pticos; difrat grafos"
9012.10.10;Microsc pios eletr nicos
9012.10.90;Outros
9012.90;- Partes e acess rios
9012.90.10;De microsc pios eletr nicos
9012.90.90;Outros
90.13;"Lasers, exceto diodos laser; outros aparelhos e instrumentos de  ptica, n o especificados nem compreendidos noutras posi  es do presente Cap tulo."
9013.10;"- Miras telesc picas para armas; perisc pios; lunetas para m quinas, aparelhos ou instrumentos do presente Cap tulo ou da Se  o XVI"
9013.10.10;Miras telesc picas para armas
9013.10.90;Outros
9013.20.00;- Lasers, exceto diodos laser
9013.80.00;- Outros dispositivos, aparelhos e instrumentos
9013.90.00;- Partes e acess rios
90.14;"B ssolas, incluindo as agulhas de marear; outros instrumentos e aparelhos de navega  o."
9014.10.00;- B ssolas, incluindo as agulhas de marear
9014.20;- Instrumentos e aparelhos para navega  o a rea ou espacial (exceto b ssolas)
9014.20.10;Alt metros
9014.20.20;Pilotos autom ticos
9014.20.30;Inclin metros
9014.20.90;Outros
9014.80;- Outros aparelhos e instrumentos
9014.80.10;Sondas ac sticas (ecobat metros) ou de ultrassom (sonar e semelhantes)
9014.80.90;Outros
9014.90.00;- Partes e acess rios
90.15;"Instrumentos e aparelhos de geod sia, topografia, agrimensura, nivelamento, fotogrametria, hidrografia, oceanografia, hidrologia, meteorologia ou de geof sica, exceto b ssolas; tel metros."
9015.10.00;- Tel metros
9015.20;- Teodolitos e taque metros
9015.20.10;Com sistema de leitura por meio de prisma ou micr metro  ptico e precis o de leitura de 1 segundo
9015.20.90;Outros
9015.30.00;- N veis
9015.40.00;- Instrumentos e aparelhos de fotogrametria
9015.80;- Outros instrumentos e aparelhos
9015.80.10;Molinetes hidrom tricos
9015.80.90;Outros
9015.90;- Partes e acess rios
9015.90.10;De instrumentos ou aparelhos da subposi  o 9015.40
9015.90.90;Outros
9016.00;Balan as sens veis a pesos inferiores ou iguais a 5 cg, mesmo com pesos.
9016.00.10;Sens veis a pesos n o superiores a 0,2 mg
9016.00.90;Outras
90.17;"Instrumentos de desenho, de tra ado ou de c lculo (por exemplo, m quinas de desenhar, pant grafos, transferidores, estojos de desenho, r guas de c lculo e discos de c lculo); instrumentos de medida de dist ncias de uso manual (por exemplo, metros, micr metros, paqu metros e calibres), n o especificados nem compreendidos noutras posi  es do presente Cap tulo."
9017.10;- Mesas e m quinas de desenhar, mesmo autom ticas
9017.10.10;Autom ticas
9017.10.90;Outras
9017.20.00;- Outros instrumentos de desenho, de tra ado ou de c lculo
9017.30;- Micr metros, paqu metros, calibres e semelhantes
9017.30.10;Micr metros
9017.30.20;Paqu metros
9017.30.90;Outros
9017.80;- Outros instrumentos
9017.80.10;Metros
9017.80.90;Outros
9017.90;- Partes e acess rios
9017.90.10;De mesas ou m quinas de desenhar, autom ticas
9017.90.90;Outros
90.18;Instrumentos e aparelhos para medicina, cirurgia, odontologia e veterin ria, incluindo os aparelhos para cintilografia e outros aparelhos eletrom dicos, bem como os aparelhos para testes visuais.
9018.1;- Aparelhos de eletrodiagn stico (incluindo os aparelhos de explora  o funcional e os de verifica  o de par metros fisiol gicos):
9018.11.00;-- Eletrocardi grafos
9018.12;-- Aparelhos de diagn stico por varredura ultrass nica (scanners)
9018.12.10;Ec grafos com an lise espectral Doppler
9018.12.90;Outros
9018.13.00;-- Aparelhos de diagn stico de imagem por resson ncia magn tica
9018.14;-- Aparelhos de cintilografia
9018.14.10;Scanner de tomografia por emiss o de pos trons (PET - Positron Emission Tomography)
9018.14.20;C maras gama
9018.14.90;Outros
9018.19;-- Outros
9018.19.10;Endosc pios
9018.19.20;Audi metros
9018.19.80;Outros
9018.19.90;Partes
9018.20;- Aparelhos de raios ultravioleta ou infravermelhos
9018.20.10;Para cirurgia, que operem por laser
9018.20.20;Outros, para tratamento bucal, que operem por laser
9018.20.90;Outros
9018.3;- Seringas, agulhas, cateteres, c nulas e instrumentos semelhantes:
9018.31;-- Seringas, mesmo com agulhas
9018.31.1;De pl stico
9018.31.11;De capacidade inferior ou igual a 2 cm3
9018.31.19;Outras
9018.31.90;Outras
9018.32;-- Agulhas tubulares de metal e agulhas para suturas
9018.32.1;Tubulares de metal
9018.32.11;Gengivais
9018.32.12;De a o cromo-n quel, bisel trifacetado e di metro exterior igual ou superior a 1,6 mm, do tipo utilizado com bolsas de sangue
9018.32.13;Agulhas ponta de l pis, do tipo utilizado em anestesia epidural ou raquidiana
9018.32.19;Outras
9018.32.20;Para suturas
9018.39;-- Outros
9018.39.10;Agulhas
9018.39.2;Sondas, cateteres e c nulas
9018.39.21;De borracha
9018.39.22;Cateteres de poli(cloreto de vinila), para embolectomia arterial
9018.39.23;Cateteres de poli(cloreto de vinila), para termodilui  o
9018.39.25;Sondas vesicais est reis de poliuretano, com revestimento hidrof lico, de uso intermitente, apresentadas em embalagens com solu  o salina
9018.39.26;Cateteres intravenosos perif ricos, de pl stico
9018.39.29;Outros
9018.39.30;Lancetas para vacina  o e caut rios
9018.39.9;Outros
9018.39.91;Artigo para f stula arteriovenosa, composto de agulha, base de fixa  o tipo borboleta, tubo pl stico com conector e obturador
9018.39.99;Outros
9018.4;- Outros instrumentos e aparelhos para odontologia:
9018.41.00;-- Aparelhos dent rios de brocar, mesmo combinados numa base comum com outros equipamentos dent rios
9018.49;-- Outros
9018.49.1;Brocas
9018.49.11;De carboneto de tungst nio (volfr mio)
9018.49.12;De a o-van dio
9018.49.19;Outras
9018.49.20;Limas
9018.49.40;Para tratamento bucal, que operem por proje  o cin tica de part culas
9018.49.9;Outros
9018.49.91;Para desenho e constru  o de pe as cer micas para restaura  es dent rias, computadorizados
9018.49.99;Outros
9018.50;- Outros instrumentos e aparelhos para oftalmologia
9018.50.10;Microsc pios binoculares, do tipo utilizado em cirurgia oftalmol gica
9018.50.90;Outros
9018.90;- Outros instrumentos e aparelhos
9018.90.10;Para transfus o de sangue ou infus o intravenosa
9018.90.2;Bisturis
9018.90.21;El tricos
9018.90.29;Outros
9018.90.3;Lit tomos e litotritores
9018.90.31;Litotritores por onda de choque
9018.90.39;Outros
9018.90.40;Rins artificiais
9018.90.50;Aparelhos de diatermia
9018.90.6;Aparelhos para medida da press o arterial
9018.90.61;Que contenham merc rio
9018.90.69;Outros
9018.90.9;Outros
9018.90.91;Incubadoras para beb s
9018.90.93;Aparelhos para terapia intra-uretral por micro-ondas (TUMT), pr prios para o tratamento de afec  es prost ticas, computadorizados
9018.90.94;Endosc pios
9018.90.95;Grampos e clipes, seus aplicadores e extratores
9018.90.96;Desfibriladores externos que operem unicamente em modo autom tico (AED - Automatic External Defibrillator)
9018.90.97;Aparelhos destinados a procedimentos cir rgicos assistidos por rob tica
9018.90.99;Outros
90.19;"Aparelhos de mecanoterapia; aparelhos de massagem; aparelhos de psicot cnica; aparelhos de ozonoterapia, de oxigenoterapia, de aerossolterapia, aparelhos respirat rios de reanima  o e outros aparelhos de terapia respirat ria."
9019.10.00;"- Aparelhos de mecanoterapia; aparelhos de massagem; aparelhos de psicot cnica"
9019.20;- Aparelhos de ozonoterapia, de oxigenoterapia, de aerossolterapia, aparelhos respirat rios de reanima  o e outros aparelhos de terapia respirat ria
9019.20.10;De oxigenoterapia
9019.20.20;De aerossolterapia
9019.20.30;Respirat rios de reanima  o
9019.20.40;Respiradores autom ticos (pulm es de a o)
9019.20.90;Outros
9020.00;Outros aparelhos respirat rios e m scaras contra gases, exceto as m scaras de prote  o desprovidas de mecanismo e de elemento filtrante amov vel.
9020.00.10;M scaras contra gases
9020.00.90;Outros
90.21;"Artigos e aparelhos ortop dicos, incluindo as cintas e fundas m dico-cir rgicas e as muletas; talas, goteiras e outros artigos e aparelhos para fraturas; artigos e aparelhos de pr tese; aparelhos para facilitar a audi  o dos surdos e outros aparelhos para compensar uma defici ncia ou uma incapacidade, destinados a serem transportados   m o ou sobre as pessoas ou a serem implantados no organismo."
9021.10;- Artigos e aparelhos ortop dicos ou para fraturas
9021.10.10;Artigos e aparelhos ortop dicos
9021.10.20;Artigos e aparelhos para fraturas
9021.10.9;Partes e acess rios
9021.10.91;De artigos e aparelhos de ortopedia, articulados
9021.10.99;Outros
9021.2;- Artigos e aparelhos de pr tese dent ria:
9021.21;-- Dentes artificiais
9021.21.10;De acr lico
9021.21.90;Outros
9021.29.00;-- Outros
9021.3;- Outros artigos e aparelhos de pr tese:
9021.31;-- Pr teses articulares
9021.31.10;Femurais
9021.31.20;Mioel tricas
9021.31.90;Outras
9021.39;-- Outros
9021.39.1;V lvulas card acas
9021.39.11;Mec nicas
9021.39.19;Outras
9021.39.20;Lentes intraoculares
9021.39.30;Pr teses de art rias vasculares revestidas
9021.39.40;Pr teses mam rias n o implant veis
9021.39.80;Outros
9021.39.9;Partes e acess rios
9021.39.91;Partes de pr teses modulares que substituem membros superiores ou inferiores
9021.39.99;Outros
9021.40.00;- Aparelhos para facilitar a audi  o dos surdos, exceto as partes e acess rios
9021.50.00;- Marca-passos card acos (Estimuladores card acos*), exceto as partes e acess rios
9021.90;- Outros
9021.90.1;Aparelhos que se implantam no organismo para compensar uma defici ncia ou uma incapacidade
9021.90.11;Cardiodesfibriladores autom ticos
9021.90.12;Implantes expans veis (stents), mesmo montados sobre cateter do tipo bal o
9021.90.13;Oclusores interauriculares constitu dos por uma malha de fios de n quel e tit nio preenchida com tecido de poli ster, mesmo apresentados com seu respectivo cateter
9021.90.19;Outros
9021.90.80;Outros
9021.90.9;Partes e acess rios
9021.90.91;De marca-passos card acos
9021.90.92;De aparelhos para facilitar a audi  o dos surdos
9021.90.99;Outros
90.22;Aparelhos de raios X e aparelhos que utilizem radia  es alfa, beta, gama ou outras radia  es ionizantes, mesmo para usos m dicos, cir rgicos, odontol gicos ou veterin rios, incluindo os aparelhos de radiofotografia ou de radioterapia, os tubos de raios X e outros dispositivos geradores de raios X, os geradores de tens o, as mesas de comando, as telas de visualiza  o, as mesas, cadeiras e suportes semelhantes para exame ou tratamento.
9022.1;- Aparelhos de raios X, mesmo para usos m dicos, cir rgicos, odontol gicos ou veterin rios, incluindo os aparelhos de radiofotografia ou de radioterapia:
9022.12.00;-- Aparelhos de tomografia computadorizada
9022.13;-- Outros, para odontologia
9022.13.1;De diagn stico
9022.13.11;De tomadas maxilares panor micas
9022.13.19;Outros
9022.13.90;Outros
9022.14;-- Outros, para usos m dicos, cir rgicos ou veterin rios
9022.14.1;De diagn stico
9022.14.11;Para mamografia
9022.14.12;Para angiografia
9022.14.13;Para densitometria  ssea, computadorizados
9022.14.19;Outros
9022.14.90;Outros
9022.19;-- Para outros usos
9022.19.10;Espectr metros ou espectr grafos de raios X
9022.19.9;Outros
9022.19.91;Do tipo utilizado para inspe  o de bagagens, com t nel de altura inferior ou igual a 0,4 m, largura inferior ou igual a 0,6 m e comprimento inferior ou igual a 1,2 m
9022.19.99;Outros
9022.2;- Aparelhos que utilizem radia  es alfa, beta, gama ou outras radia  es ionizantes, mesmo para usos m dicos, cir rgicos, odontol gicos ou veterin rios, incluindo os aparelhos de radiofotografia ou de radioterapia:
9022.21;-- Para usos m dicos, cir rgicos, odontol gicos ou veterin rios
9022.21.10;Aparelhos de radiocobalto (bombas de cobalto)
9022.21.20;Outros, para gamaterapia
9022.21.90;Outros
9022.29;-- Para outros usos
9022.29.10;Para detec  o do n vel de enchimento ou tampas faltantes, em latas de bebidas, por meio de raios gama
9022.29.90;Outros
9022.30.00;- Tubos de raios X
9022.90;- Outros, incluindo as partes e acess rios
9022.90.10;Geradores de tens o
9022.90.20;Telas radiol gicas
9022.90.80;Outros, excluindo as partes e acess rios
9022.90.9;Partes e acess rios
9022.90.91;De aparelhos de raios X
9022.90.99;Outros
9023.00.00;Instrumentos, aparelhos e modelos, concebidos para demonstra  o (por exemplo, no ensino e nas exposi  es), n o suscet veis de outros usos.
90.24;M quinas e aparelhos para ensaios de dureza, tra  o, compress o, elasticidade ou de outras propriedades mec nicas de materiais (por exemplo, metais, madeira, t xteis, papel, pl stico).
9024.10;- M quinas e aparelhos para ensaios de metais
9024.10.10;Para ensaios de tra  o ou compress o
9024.10.20;Para ensaios de dureza
9024.10.90;Outros
9024.80;- Outras m quinas e aparelhos
9024.80.1;M quinas e aparelhos para ensaios de t xteis
9024.80.11;Autom ticos, para fios
9024.80.19;Outros
9024.80.2;M quinas e aparelhos para ensaios de papel, cart o, lin leo e pl stico ou borracha flex veis
9024.80.21;M quinas para ensaios de pneum ticos
9024.80.29;Outros
9024.80.90;Outros
9024.90.00;- Partes e acess rios
90.25;Dens metros, are metros, pesa-l quidos e instrumentos flutuantes semelhantes, term metros, pir metros, bar metros, higr metros e psicr metros, registradores ou n o, mesmo combinados entre si.
9025.1;- Term metros e pir metros, n o combinados com outros instrumentos:
9025.11;-- De l quido, de leitura direta
9025.11.1;Term metros cl nicos
9025.11.11;Que contenham merc rio
9025.11.19;Outros
9025.11.9;Outros
9025.11.91;Que contenham merc rio
9025.11.99;Outros
9025.19;-- Outros
9025.19.10;Pir metros  pticos
9025.19.90;Outros
9025.80.00;- Outros instrumentos
9025.90;- Partes e acess rios
9025.90.10;De term metros
9025.90.90;Outros
90.26;Instrumentos e aparelhos para medida ou controle da vaz o (caudal), do n vel, da press o ou de outras caracter sticas vari veis dos l quidos ou gases (por exemplo, medidores de vaz o (caudal), indicadores de n vel, man metros, contadores de calor), exceto os instrumentos e aparelhos das posi  es 90.14, 90.15, 90.28 ou 90.32.
9026.10;- Para medida ou controle da vaz o (caudal) ou do n vel dos l quidos
9026.10.1;Para medida ou controle da vaz o (caudal)
9026.10.11;Medidores-transmissores eletr nicos, que funcionem pelo princ pio de indu  o eletromagn tica
9026.10.19;Outros
9026.10.2;Para medida ou controle do n vel
9026.10.21;De metais, mediante correntes parasitas
9026.10.29;Outros
9026.20;- Para medida ou controle da press o
9026.20.10;Man metros
9026.20.90;Outros
9026.80.00;- Outros instrumentos e aparelhos
9026.90;- Partes e acess rios
9026.90.10;De instrumentos e aparelhos para medida ou controle do n vel
9026.90.20;De man metros
9026.90.90;Outros
90.27;"Instrumentos e aparelhos para an lises f sicas ou qu micas (por exemplo, polar metros, refrat metros, espectr metros, analisadores de g s ou de fuma a (fumos)); instrumentos e aparelhos para ensaios de viscosidade, porosidade, dilata  o, tens o superficial ou semelhantes ou para medidas calorim tricas, ac sticas ou fotom tricas (incluindo os indicadores de tempo de exposi  o); micr tomos."
9027.10.00;- Analisadores de g s ou de fuma a (fumos)
9027.20;- Cromat grafos e aparelhos de eletroforese
9027.20.1;Cromat grafos
9027.20.11;De fase gasosa
9027.20.12;De fase l quida
9027.20.19;Outros
9027.20.2;Aparelhos de eletroforese
9027.20.21;Sequenciadores autom ticos de ADN mediante eletroforese capilar
9027.20.29;Outros
9027.30;- Espectr metros, espectrofot metros e espectr grafos que utilizem radia  es  pticas (UV, vis veis, IV)
9027.30.1;Espectr metros e espectr grafos
9027.30.11;De emiss o at mica
9027.30.19;Outros
9027.30.20;Espectrofot metros
9027.50;- Outros aparelhos e instrumentos que utilizem radia  es  pticas (UV, vis veis, IV)
9027.50.10;Color metros
9027.50.20;Fot metros
9027.50.30;Refrat metros
9027.50.40;Sacar metros
9027.50.50;Cit metro de fluxo
9027.50.90;Outros
9027.8;- Outros instrumentos e aparelhos:
9027.81.00;-- Espectr metros de massa
9027.89;-- Outros
9027.89.1;Calor metros, viscos metros, densit metros e aparelhos medidores de pH
9027.89.11;Calor metros
9027.89.12;Viscos metros
9027.89.13;Densit metros
9027.89.14;Aparelhos medidores de pH
9027.89.20;Polar grafos
9027.89.9;Outros
9027.89.91;Expos metros
9027.89.99;Outros
9027.90;"- Micr tomos; partes e acess rios"
9027.90.10;Micr tomos
9027.90.9;Partes e acess rios
9027.90.91;De espectr metros e espectr grafos, de emiss o at mica
9027.90.93;De polar grafos
9027.90.99;Outros
90.28;Contadores de gases, de l quidos ou de eletricidade, incluindo os aparelhos para a sua aferi  o.
9028.10;- Contadores de gases
9028.10.1;De g s natural comprimido, eletr nicos
9028.10.11;Do tipo utilizado em postos (esta  es) de servi o ou garagens
9028.10.19;Outros
9028.10.90;Outros
9028.20;- Contadores de l quidos
9028.20.10;De peso inferior ou igual a 50 kg
9028.20.20;De peso superior a 50 kg
9028.30;- Contadores de eletricidade
9028.30.1;Monof sicos, para corrente alternada
9028.30.11;Digitais
9028.30.19;Outros
9028.30.2;Bif sicos
9028.30.21;Digitais
9028.30.29;Outros
9028.30.3;Trif sicos
9028.30.31;Digitais
9028.30.39;Outros
9028.30.90;Outros
9028.90;- Partes e acess rios
9028.90.10;De contadores de eletricidade
9028.90.90;Outros
90.29;"Outros contadores (por exemplo, contadores de voltas, contadores de produ  o, tax metros, totalizadores de caminho percorrido, pod metros); indicadores de velocidade e tac metros, exceto os das posi  es 90.14 ou 90.15; estrobosc pios."
9029.10;- Contadores de voltas, contadores de produ  o, tax metros, totalizadores de caminho percorrido, pod metros e contadores semelhantes
9029.10.10;Contadores de voltas, contadores de produ  o ou de horas de trabalho
9029.10.90;Outros
9029.20;"- Indicadores de velocidade e tac metros; estrobosc pios"
9029.20.10;Indicadores de velocidade e tac metros
9029.20.20;Estrobosc pios
9029.90;- Partes e acess rios
9029.90.10;De indicadores de velocidade e tac metros
9029.90.90;Outros
90.30;"Oscilosc pios, analisadores de espectro e outros instrumentos e aparelhos para medida ou controle de grandezas el tricas; instrumentos e aparelhos para medida ou detec  o de radia  es alfa, beta, gama, X, c smicas ou outras radia  es ionizantes."
9030.10;- Instrumentos e aparelhos para medida ou detec  o de radia  es ionizantes
9030.10.10;Medidores de radioatividade
9030.10.90;Outros
9030.20;- Oscilosc pios e oscil grafos
9030.20.10;Oscilosc pios digitais
9030.20.2;Oscilosc pios anal gicos
9030.20.21;De frequ ncia igual ou superior a 60 MHz
9030.20.22;Vetorsc pios
9030.20.29;Outros
9030.20.30;Oscil grafos
9030.3;- Outros aparelhos e instrumentos para medida ou controle da tens o, intensidade, resist ncia ou da pot ncia (exceto para medida ou controle de wafers ou de dispositivos, semicondutores):
9030.31.00;-- Mult metros, sem dispositivo registrador
9030.32.00;-- Mult metros, com dispositivo registrador
9030.33;-- Outros, sem dispositivo registrador
9030.33.1;Volt metros
9030.33.11;Digitais
9030.33.19;Outros
9030.33.2;Amper metros
9030.33.21;Do tipo utilizado em ve culos autom veis
9030.33.29;Outros
9030.33.90;Outros
9030.39;-- Outros, com dispositivo registrador
9030.39.10;De teste de continuidade em circuitos impressos
9030.39.90;Outros
9030.40;- Outros instrumentos e aparelhos, especialmente concebidos para telecomunica  es (por exemplo, diafon metros, medidores de ganho, distorci metros, psof metros)
9030.40.10;Analisadores de protocolo
9030.40.20;Analisadores de n vel seletivo
9030.40.30;Analisadores digitais de transmiss o
9030.40.90;Outros
9030.8;- Outros instrumentos e aparelhos:
9030.82;-- Para medida ou controle de wafers ou de dispositivos, semicondutores (incluindo os circuitos integrados)
9030.82.10;De testes de circuitos integrados
9030.82.90;Outros
9030.84;-- Outros, com dispositivo registrador
9030.84.10;De teste autom tico de circuito impresso montado (ATE)
9030.84.20;De medidas de par metros caracter sticos de sinais de televis o ou de v deo
9030.84.90;Outros
9030.89;-- Outros
9030.89.10;Analisadores l gicos de circuitos digitais
9030.89.20;Analisadores de espectro de frequ ncia
9030.89.30;Frequenc metros
9030.89.40;Fas metros
9030.89.90;Outros
9030.90;- Partes e acess rios
9030.90.10;De instrumentos e aparelhos da subposi  o 9030.10
9030.90.90;Outros
90.31;"Instrumentos, aparelhos e m quinas de medida ou controle, n o especificados nem compreendidos noutras posi  es do presente Cap tulo; projetores de perfis."
9031.10.00;- M quinas de balancear (equilibrar) pe as mec nicas
9031.20;- Bancos de ensaio
9031.20.10;Para motores
9031.20.90;Outros
9031.4;- Outros instrumentos e aparelhos  pticos:
9031.41.00;-- Para controle de wafers ou de dispositivos, semicondutores (incluindo os circuitos integrados), ou para controle de fotom scaras ou ret culos utilizados na fabrica  o de dispositivos semicondutores (incluindo os circuitos integrados)
9031.49;-- Outros
9031.49.10;Para medida de par metros dimensionais de fibras de celulose, por meio de raios laser
9031.49.20;Para medida da espessura de pneum ticos de ve culos autom veis, por meio de raios laser
9031.49.90;Outros
9031.80;- Outros instrumentos, aparelhos e m quinas
9031.80.1;Dinam metros e rugos metros
9031.80.11;Dinam metros
9031.80.12;Rugos metros
9031.80.20;M quinas para medi  o tridimensional
9031.80.30;Metros padr es
9031.80.40;Aparelhos digitais, de uso em ve culos autom veis, para medida e indica  o de m ltiplas grandezas tais como: velocidade m dia, consumos instant neo e m dio e autonomia (computador de bordo)
9031.80.50;Aparelhos para an lise de t xteis, computadorizados
9031.80.60;C lulas de carga
9031.80.9;Outros
9031.80.91;Para controle dimensional de pneum ticos, em condi  es de carga
9031.80.99;Outros
9031.90;- Partes e acess rios
9031.90.10;De bancos de ensaio
9031.90.90;Outros
90.32;Instrumentos e aparelhos para regula  o ou controle, autom ticos.
9032.10;- Termostatos
9032.10.10;De expans o de fluidos
9032.10.90;Outros
9032.20.00;- Manostatos (pressostatos)
9032.8;- Outros instrumentos e aparelhos:
9032.81.00;-- Hidr ulicos ou pneum ticos
9032.89;-- Outros
9032.89.1;Reguladores de voltagem
9032.89.11;Eletr nicos
9032.89.19;Outros
9032.89.2;Controladores eletr nicos do tipo utilizado em ve culos autom veis
9032.89.21;De sistemas antibloqueantes de freio (trav o) (ABS)
9032.89.22;De sistemas de suspens o
9032.89.23;De sistemas de transmiss o
9032.89.24;De sistemas de igni  o
9032.89.25;De sistemas de inje  o
9032.89.29;Outros
9032.89.30;Equipamentos digitais para controle de ve culos ferrovi rios
9032.89.8;Outros, para regula  o ou controle de grandezas n o el tricas
9032.89.81;De press o
9032.89.82;De temperatura
9032.89.83;De umidade
9032.89.84;De velocidade de motores el tricos por varia  o de frequ ncia
9032.89.89;Outros
9032.89.90;Outros
9032.90;- Partes e acess rios
9032.90.10;Circuitos impressos com componentes el tricos ou eletr nicos, montados
9032.90.9;Outros
9032.90.91;De termostatos
9032.90.99;Outros
9033.00.00;Partes e acess rios n o especificados nem compreendidos noutras posi  es do presente Cap tulo, para m quinas, aparelhos, instrumentos ou artigos do Cap tulo 90.
91;Artigos de relojoaria.
91.01;Rel gios de pulso, rel gios de bolso e rel gios semelhantes (incluindo os contadores de tempo dos mesmos tipos), com caixa de metais preciosos ou de metais folheados ou chapeados de metais preciosos (plaqu ).
9101.1;- Rel gios de pulso, funcionando eletricamente, mesmo com contador de tempo incorporado:
9101.11.00;-- De mostrador exclusivamente mec nico
9101.19.00;-- Outros
9101.2;- Outros rel gios de pulso, mesmo com contador de tempo incorporado:
9101.21.00;-- De corda autom tica
9101.29.00;-- Outros
9101.9;- Outros:
9101.91.00;-- Funcionando eletricamente
9101.99.00;-- Outros
91.02;Rel gios de pulso, rel gios de bolso e rel gios semelhantes (incluindo os contadores de tempo dos mesmos tipos), exceto os da posi  o 91.01.
9102.1;- Rel gios de pulso, funcionando eletricamente, mesmo com contador de tempo incorporado:
9102.11;-- De mostrador exclusivamente mec nico
9102.11.10;Com caixa de metal comum
9102.11.90;Outros
9102.12;-- De mostrador exclusivamente optoeletr nico
9102.12.10;Com caixa de metal comum
9102.12.20;Com caixa de pl stico, exceto as refor adas com fibra de vidro
9102.12.90;Outros
9102.19.00;-- Outros
9102.2;- Outros rel gios de pulso, mesmo com contador de tempo incorporado:
9102.21.00;-- De corda autom tica
9102.29.00;-- Outros
9102.9;- Outros:
9102.91.00;-- Funcionando eletricamente
9102.99.00;-- Outros
91.03;Despertadores e outros rel gios, com mecanismo de pequeno volume.
9103.10.00;- Funcionando eletricamente
9103.90.00;- Outros
9104.00.00;Rel gios para pain is de instrumentos e rel gios semelhantes, para autom veis, ve culos a reos, embarca  es ou para outros ve culos.
91.05;Despertadores, rel gios de p ndulo (p ndulas), outros rel gios e artigos de relojoaria semelhantes, exceto os com mecanismo de pequeno volume.
9105.1;- Despertadores:
9105.11.00;-- Funcionando eletricamente
9105.19.00;-- Outros
9105.2;- Rel gios de parede:
9105.21.00;-- Funcionando eletricamente
9105.29.00;-- Outros
9105.9;- Outros:
9105.91.00;-- Funcionando eletricamente
9105.99.00;-- Outros
91.06;Aparelhos de controle do tempo e contadores de tempo, com mecanismo de relojoaria ou com motor s ncrono (por exemplo, rel gios de ponto, rel gios datadores, contadores de horas).
9106.10.00;"- Rel gios de ponto; rel gios datadores e contadores de horas"
9106.90.00;- Outros
9107.00;Interruptores hor rios e outros aparelhos que permitam acionar um mecanismo em tempo determinado, munidos de mecanismo de relojoaria ou com motor s ncrono.
9107.00.10;Interruptores hor rios
9107.00.90;Outros
91.08;Mecanismos de pequeno volume para rel gios, completos e montados.
9108.1;- Funcionando eletricamente:
9108.11;-- De mostrador exclusivamente mec nico ou com um dispositivo que permita incorporar um mostrador mec nico
9108.11.10;Para rel gios das posi  es 91.01 ou 91.02
9108.11.90;Outros
9108.12.00;-- De mostrador exclusivamente optoeletr nico
9108.19.00;-- Outros
9108.20.00;- De corda autom tica
9108.90.00;- Outros
91.09;Mecanismos de relojoaria, completos e montados, exceto de pequeno volume.
9109.10.00;- Funcionando eletricamente
9109.90.00;- Outros
91.10;"Mecanismos de relojoaria completos, n o montados ou parcialmente montados (chablons); mecanismos de relojoaria incompletos, montados; esbo os de mecanismos de relojoaria."
9110.1;- De pequeno volume:
9110.11;-- Mecanismos completos, n o montados ou parcialmente montados (chablons)
9110.11.10;Para rel gios das posi  es 91.01 ou 91.02
9110.11.90;Outros
9110.12.00;-- Mecanismos incompletos, montados
9110.19.00;-- Esbo os
9110.90.00;- Outros
91.11;Caixas de rel gios das posi  es 91.01 ou 91.02, e suas partes.
9111.10.00;- Caixas de metais preciosos ou de metais folheados ou chapeados de metais preciosos (plaqu )
9111.20;- Caixas de metais comuns, mesmo dourados ou prateados
9111.20.10;De lat o, em esbo o
9111.20.90;Outras
9111.80.00;- Outras caixas
9111.90;- Partes
9111.90.10;Fundos de metais comuns
9111.90.90;Outras
91.12;Caixas e semelhantes de artigos de relojoaria, e suas partes.
9112.20.00;- Caixas e semelhantes
9112.90.00;- Partes
91.13;Pulseiras de rel gios, e suas partes.
9113.10.00;- De metais preciosos ou de metais folheados ou chapeados de metais preciosos (plaqu )
9113.20.00;- De metais comuns, mesmo dourados ou prateados
9113.90.00;- Outras
91.14;Outras partes de artigos de relojoaria.
9114.30.00;- Quadrantes
9114.40.00;- Platinas e pontes
9114.90.00;- Outras
92;"Instrumentos musicais; suas partes e acess rios."
92.01;"Pianos, mesmo autom ticos; cravos e outros instrumentos de cordas, com teclado."
9201.10.00;- Pianos verticais
9201.20.00;- Pianos de cauda
9201.90.00;- Outros
92.02;Outros instrumentos musicais de cordas (por exemplo, viol es (guitarras*), violinos, harpas).
9202.10.00;- De cordas, tocados com o aux lio de um arco
9202.90.00;- Outros
92.05;Instrumentos musicais de sopro (por exemplo,  rg os de tubos e teclado, acorde es, clarinetes, trompetes, gaitas de foles), exceto os  rg os mec nicos de feira e os realejos.
9205.10.00;"- Instrumentos denominados ""metais"""
9205.90.00;- Outros
9206.00.00;Instrumentos musicais de percuss o (por exemplo, tambores, caixas, xilofones, pratos, castanholas, marac s).
92.07;Instrumentos musicais cujo som   produzido ou amplificado por meios el tricos (por exemplo,  rg os, guitarras, acorde es).
9207.10;- Instrumentos de teclado, exceto acorde es
9207.10.10;Sintetizadores
9207.10.90;Outros
9207.90;- Outros
9207.90.10;Guitarras e contrabaixos
9207.90.90;Outros
92.08;"Caixas de m sica,  rg os mec nicos de feira, realejos, p ssaros cantores mec nicos, serrotes musicais e outros instrumentos musicais n o especificados noutra posi  o do presente Cap tulo; chamarizes de qualquer tipo; apitos, berrantes (cornetas*) e outros instrumentos, de boca, para chamada ou sinaliza  o."
9208.10.00;- Caixas de m sica
9208.90.00;- Outros
92.09;"Partes (mecanismos de caixas de m sica, por exemplo) e acess rios (por exemplo, cart es, discos e rolos para instrumentos mec nicos) de instrumentos musicais; metr nomos e diapas es de qualquer tipo."
9209.30.00;- Cordas para instrumentos musicais
9209.9;- Outros:
9209.91.00;-- Partes e acess rios de pianos
9209.92.00;-- Partes e acess rios de instrumentos musicais da posi  o 92.02
9209.94.00;-- Partes e acess rios de instrumentos musicais da posi  o 92.07
9209.99.00;-- Outros
93;"Armas e muni  es; suas partes e acess rios."
93.01;Armas de guerra, exceto rev lveres, pistolas e armas brancas.
9301.10.00;- Pe as de artilharia (por exemplo, canh es, obuses e morteiros)
9301.20.00;"- Lan a-m sseis; lan a-chamas; lan a-granadas; lan a-torpedos e lan adores semelhantes"
9301.90.00;- Outras
9302.00.00;Rev lveres e pistolas, exceto os das posi  es 93.03 ou 93.04.
93.03;Outras armas de fogo e aparelhos semelhantes que utilizem a deflagra  o da p lvora (por exemplo, espingardas e carabinas, de ca a, armas de fogo carreg veis exclusivamente pela boca, pistolas lan a-foguetes e outros aparelhos concebidos apenas para lan ar foguetes de sinaliza  o, pistolas e rev lveres para tiro de festim (sem bala), pistolas de  mbolo cativo para abater animais, canh es lan a-amarras).
9303.10.00;- Armas de fogo carreg veis exclusivamente pela boca
9303.20.00;- Outras espingardas e carabinas de ca a ou de tiro ao alvo, com pelo menos um cano liso
9303.30.00;- Outras espingardas e carabinas de ca a ou de tiro ao alvo
9303.90;- Outros
9303.90.10;Lan adores do tipo utilizado com cartuchos dos itens 9306.21.10, 9306.21.20 ou 9306.21.30
9303.90.90;Outros
9304.00;Outras armas (por exemplo, espingardas, carabinas e pistolas, de mola, de ar comprimido ou de g s, cassetetes), exceto as da posi  o 93.07.
9304.00.10;Recipientes do tipo aerossol que contenham produtos qu micos ou oleorresina de Capsicum, com fins irritantes
9304.00.90;Outras
93.05;Partes e acess rios dos artigos das posi  es 93.01 a 93.04.
9305.10.00;- De rev lveres ou pistolas
9305.20.00;- De espingardas ou carabinas da posi  o 93.03
9305.9;- Outros:
9305.91.00;-- De armas de guerra da posi  o 93.01
9305.99.00;-- Outros
93.06;Bombas, granadas, torpedos, minas, m sseis, cartuchos e outras muni  es e proj teis, e suas partes, incluindo os zagalotes, chumbos de ca a e buchas para cartuchos.
9306.2;"- Cartuchos e suas partes, para espingardas ou carabinas de cano liso; chumbos para carabinas de ar comprimido:"
9306.21;-- Cartuchos
9306.21.10;Que contenham produtos qu micos ou oleorresina de Capsicum, com fins irritantes
9306.21.20;Outros, que produzem efeitos fum genos, de ilumina  o, de som ou de identifica  o mediante tintas ou corantes
9306.21.30;Outros, com um ou mais proj teis de elast meros
9306.21.90;Outros
9306.29.00;-- Outros
9306.30.00;- Outros cartuchos e suas partes
9306.90;- Outros
9306.90.10;Granadas que contenham produtos qu micos ou oleorresina de Capsicum, com fins irritantes
9306.90.20;Outras granadas, que produzem efeitos fum genos, de ilumina  o, de som ou de identifica  o mediante tintas ou corantes
9306.90.90;Outros
9307.00.00;Sabres, espadas, baionetas, lan as e outras armas brancas, suas partes e bainhas.
94;"M veis; mobili rio m dico-cir rgico; colch es, almofadas e semelhantes; lumin rias e aparelhos de ilumina  o n o especificados nem compreendidos noutros Cap tulos; an ncios, cartazes ou tabuletas e placas indicadoras, luminosos e artigos semelhantes; constru  es pr -fabricadas."
94.01;Assentos (exceto os da posi  o 94.02), mesmo transform veis em camas, e suas partes.
9401.10;- Assentos do tipo utilizado em ve culos a reos
9401.10.10;Ejet veis
9401.10.90;Outros
9401.20.00;- Assentos do tipo utilizado em ve culos autom veis
9401.3;- Assentos girat rios de altura ajust vel:
9401.31.00;-- De madeira
9401.39.00;-- Outros
9401.4;- Assentos (exceto de jardim ou de acampamento) transform veis em camas:
9401.41.00;-- De madeira
9401.49.00;-- Outros
9401.5;- Assentos de rotim, vime, bambu ou mat rias semelhantes:
9401.52.00;-- De bambu
9401.53.00;-- De rotim
9401.59.00;-- Outros
9401.6;- Outros assentos, com arma  o de madeira:
9401.61.00;-- Estofados
9401.69.00;-- Outros
9401.7;- Outros assentos, com arma  o de metal:
9401.71.00;-- Estofados
9401.79.00;-- Outros
9401.80.00;- Outros assentos
9401.9;- Partes:
9401.91.00;-- De madeira
9401.99.00;-- Outras
94.02;"Mobili rio para medicina, cirurgia, odontologia ou veterin ria (por exemplo, mesas de opera  o, mesas de exames, camas dotadas de mecanismos para usos cl nicos, cadeiras odontol gicas); cadeiras para sal es de cabeleireiro e cadeiras semelhantes, com dispositivos de orienta  o e de eleva  o; suas partes."
9402.10.00;- Cadeiras odontol gicas, cadeiras para sal es de cabeleireiro e cadeiras semelhantes, e suas partes
9402.90;- Outros
9402.90.10;Mesas de opera  o
9402.90.20;Camas dotadas de mecanismos para usos cl nicos
9402.90.90;Outros
94.03;Outros m veis e suas partes.
9403.10.00;- M veis de metal, do tipo utilizado em escrit rios
9403.20;- Outros m veis de metal
9403.20.10;Do tipo utilizado em cozinhas
9403.20.90;Outros
9403.30.00;- M veis de madeira, do tipo utilizado em escrit rios
9403.40.00;- M veis de madeira, do tipo utilizado em cozinhas
9403.50.00;- M veis de madeira, do tipo utilizado em quartos de dormir
9403.60.00;- Outros m veis de madeira
9403.70.00;- M veis de pl stico
9403.8;- M veis de outras mat rias, incluindo o rotim, vime, bambu ou mat rias semelhantes:
9403.82.00;-- De bambu
9403.83.00;-- De rotim
9403.89.00;-- Outros
9403.9;- Partes:
9403.91.00;-- De madeira
9403.99.00;-- Outras
94.04;"Suportes para camas (somi s); colch es, edred es, almofadas, pufes, travesseiros e artigos semelhantes, equipados com molas ou guarnecidos interiormente de quaisquer mat rias, compreendendo esses artigos de borracha alveolar ou de pl stico alveolar, mesmo recobertos."
9404.10.00;- Suportes para camas (somi s)
9404.2;- Colch es:
9404.21.00;-- De borracha alveolar ou de pl stico alveolar, mesmo recobertos
9404.29.00;-- De outras mat rias
9404.30.00;- Sacos de dormir
9404.40.00;- Colchas, edred es e artigos semelhantes
9404.90.00;- Outros
94.05;"Lumin rias e aparelhos de ilumina  o (incluindo os projetores), e suas partes, n o especificados nem compreendidos noutras posi  es; an ncios, cartazes ou tabuletas e placas indicadoras, luminosos, e artigos semelhantes, que contenham uma fonte luminosa fixa permanente, e suas partes n o especificadas nem compreendidas noutras posi  es."
9405.1;- Lustres e outras lumin rias, el tricos, pr prios para serem suspensos ou fixados no teto ou na parede, exceto os do tipo utilizado na ilumina  o p blica:
9405.11;-- Concebidos para serem utilizados unicamente com fontes de luz de diodos emissores de luz (LED)
9405.11.10;Focos cir rgicos (luzes sem sombra, do tipo utilizado em medicina, cirurgia ou odontologia)
9405.11.90;Outros
9405.19;-- Outros
9405.19.10;Focos cir rgicos (luzes sem sombra, do tipo utilizado em medicina, cirurgia ou odontologia)
9405.19.90;Outros
9405.2;- Abajures (candeeiros) de mesa, de escrit rio, de cabeceira e lumin rias (candeeiros) de p , el tricos:
9405.21.00;-- Concebidos para serem utilizados unicamente com fontes de luz de diodos emissores de luz (LED)
9405.29.00;-- Outros
9405.3;- Guirlandas el tricas do tipo utilizado em  rvores de Natal:
9405.31.00;-- Concebidas para serem utilizadas unicamente com fontes de luz de diodos emissores de luz (LED)
9405.39.00;-- Outras
9405.4;- Outras lumin rias e aparelhos de ilumina  o, el tricos:
9405.41.00;-- Fotovoltaicos, concebidos para serem utilizados unicamente com fontes de luz de diodos emissores de luz (LED)
9405.42.00;-- Outros, concebidos para serem utilizados unicamente com fontes de luz de diodos emissores de luz (LED)
9405.49.00;-- Outros
9405.50.00;- Lumin rias e aparelhos de ilumina  o, n o el tricos
9405.6;- An ncios, cartazes ou tabuletas e placas indicadoras, luminosos, e artigos semelhantes:
9405.61.00;-- Concebidos para serem utilizados unicamente com fontes de luz de diodos emissores de luz (LED)
9405.69.00;-- Outros
9405.9;- Partes:
9405.91.00;-- De vidro
9405.92.00;-- De pl stico
9405.99.00;-- Outras
94.06;Constru  es pr -fabricadas.
9406.10;- De madeira
9406.10.10;Estufas
9406.10.90;Outras
9406.20.00;- Unidades de constru  o modulares, de a o
9406.90;- Outras
9406.90.10;Estufas
9406.90.20;Com estrutura de ferro ou a o e paredes exteriores constitu das principalmente dessas mat rias
9406.90.90;Outras
95;"Brinquedos, jogos, artigos para divertimento ou para esporte; suas partes e acess rios."
9503.00;"Triciclos, patinetes (trotinetas*), carros de pedais e outros brinquedos semelhantes de rodas; carrinhos para bonecos; bonecos; outros brinquedos; modelos reduzidos e modelos semelhantes para divertimento, mesmo animados; quebra-cabe as (puzzles) de qualquer esp cie."
9503.00.10;"Triciclos, patinetes, carros de pedais e outros brinquedos semelhantes com rodas; carrinhos para bonecos"
9503.00.2;Bonecos que representem somente seres humanos
9503.00.21;Bonecos, mesmo vestidos, com mecanismo a corda ou el trico
9503.00.22;Outros bonecos, mesmo vestidos
9503.00.29;Partes e acess rios
9503.00.3;Brinquedos que representem animais ou seres n o humanos
9503.00.31;Com enchimento
9503.00.39;Outros
9503.00.40;Trens el tricos, incluindo os trilhos, sinais e outros acess rios
9503.00.50;Modelos reduzidos, mesmo animados, em conjuntos para montagem, exceto os do item 9503.00.40
9503.00.60;Outros conjuntos e brinquedos, para constru  o
9503.00.70;Quebra-cabe as (puzzles)
9503.00.80;Outros brinquedos, apresentados em sortidos ou em pan plias
9503.00.9;Outros
9503.00.91;Instrumentos e aparelhos musicais, de brinquedo
9503.00.97;Outros brinquedos, com motor el trico
9503.00.98;Outros brinquedos, com motor n o el trico
9503.00.99;Outros
95.04;Consoles e m quinas de jogos de v deo, jogos de sal o, incluindo os jogos com motor ou outro mecanismo, os bilhares, as mesas especiais para jogos de cassino e os jogos de balizas (pinos) autom ticos (boliche), os jogos que funcionem por introdu  o de moedas, notas (pap is-moeda), cart es de banco, fichas ou por outros meios de pagamento.
9504.20.00;- Bilhares de qualquer esp cie e seus acess rios
9504.30.00;- Outros jogos que funcionem por introdu  o de moedas, notas (pap is-moeda), cart es de banco, fichas ou por outros meios de pagamento, exceto os jogos de balizas (pinos) autom ticos (boliche)
9504.40.00;- Cartas de jogar
9504.50.00;- Consoles e m quinas de jogos de v deo, exceto os classificados na subposi  o 9504.30
9504.90;- Outros
9504.90.10;Jogos de balizas (pinos) autom ticos (boliche)
9504.90.90;Outros
95.05;Artigos para festas, carnaval ou outros divertimentos, incluindo os artigos de magia e artigos-surpresa.
9505.10.00;- Artigos para festas de Natal
9505.90.00;- Outros
95.06;"Artigos e equipamentos para cultura f sica, gin stica, atletismo, outros esportes (incluindo o t nis de mesa), ou jogos ao ar livre, n o especificados nem compreendidos noutras posi  es deste Cap tulo; piscinas, incluindo as infantis."
9506.1;- Esquis e outros equipamentos para esquiar na neve:
9506.11.00;-- Esquis
9506.12.00;-- Fixadores para esquis
9506.19.00;-- Outros
9506.2;- Esquis aqu ticos, pranchas de surfe, pranchas   vela e outros equipamentos para a pr tica de esportes aqu ticos:
9506.21.00;-- Pranchas   vela
9506.29.00;-- Outros
9506.3;- Tacos e outros equipamentos para golfe:
9506.31.00;-- Tacos completos
9506.32.00;-- Bolas
9506.39.00;-- Outros
9506.40.00;- Artigos e equipamentos para t nis de mesa
9506.5;- Raquetes de t nis, de badminton e raquetes semelhantes, mesmo n o encordoadas:
9506.51.00;-- Raquetes de t nis, mesmo n o encordoadas
9506.59.00;-- Outras
9506.6;- Bolas, exceto de golfe ou de t nis de mesa:
9506.61.00;-- Bolas de t nis
9506.62.00;-- Infl veis
9506.69.00;-- Outras
9506.70.00;- Patins para gelo e patins de rodas, incluindo os fixados em cal ado
9506.9;- Outros:
9506.91.00;-- Artigos e equipamentos para cultura f sica, gin stica ou atletismo
9506.99.00;-- Outros
95.07;"Varas (Canas*) de pesca, anz is e outros artigos para a pesca   linha; pu  s (camaroeiros), redes de borboletas e redes semelhantes; iscas e chamarizes (exceto os das posi  es 92.08 ou 97.05) e artigos semelhantes de ca a."
9507.10.00;- Varas (Canas*) de pesca
9507.20.00;- Anz is, mesmo montados em sedelas
9507.30.00;- Carretilhas e molinetes (Carretes*), de pesca
9507.90.00;- Outros
95.08;"Circos ambulantes e cole  es de animais ambulantes; equipamentos para parques de divers es e equipamentos para parques aqu ticos; atra  es de parques e feiras, incluindo as instala  es de tiro ao alvo; teatros ambulantes."
9508.10.00;- Circos ambulantes e cole  es de animais ambulantes
9508.2;- Equipamentos para parques de divers es e equipamentos para parques aqu ticos:
9508.21;-- Montanhas-russas
9508.21.10;Com percurso igual ou superior a 300 m
9508.21.20;Vagonetes com capacidade igual ou superior a 6 pessoas
9508.21.90;Outras
9508.22;-- Carross is, balan os (baloi os) e equipamentos girat rios semelhantes
9508.22.10;Carross is, mesmo dotados de dispositivo de eleva  o, de di metro inferior a 16 m
9508.22.90;Outros
9508.23.00;-- Carrinhos de choque
9508.24.00;-- Simuladores de movimentos e cinemas din micos
9508.25.00;-- Percursos aqu ticos
9508.26.00;-- Equipamentos para parques aqu ticos
9508.29.00;-- Outros
9508.30.00;- Atra  es de parques e feiras
9508.40.00;- Teatros ambulantes
96;Obras diversas.
96.01;Marfim, osso, carapa a de tartaruga, chifre, pontas, coral, madrep rola e outras mat rias animais para entalhar, trabalhados, e suas obras (incluindo as obras obtidas por moldagem).
9601.10.00;- Marfim trabalhado e obras de marfim
9601.90.00;- Outros
9602.00;"Mat rias vegetais ou minerais de entalhar, trabalhadas, e suas obras; obras moldadas ou entalhadas de cera, parafina, estearina, gomas ou resinas naturais, de massas ou pastas para modelar, e outras obras moldadas ou entalhadas n o especificadas nem compreendidas noutras posi  es; gelatina n o endurecida, trabalhada, exceto a da posi  o 35.03, e obras de gelatina n o endurecida."
9602.00.10;C psulas de gelatinas diger veis
9602.00.20;Colmeias artificiais
9602.00.90;Outras
96.03;"Vassouras e escovas, mesmo que constituam partes de m quinas, de aparelhos ou de ve culos, vassouras mec nicas de uso manual n o motorizadas, pinc is e espanadores; cabe as preparadas para escovas, pinc is e artigos semelhantes; pads (talochas) e rolos para pintura; rodos de borracha ou de mat rias flex veis semelhantes."
9603.10.00;- Vassouras e escovas constitu das por pequenos ramos ou outras mat rias vegetais reunidas em feixes, mesmo com cabo
9603.2;- Escovas de dentes, escovas e pinc is de barba, escovas para cabelo, para c lios ou para unhas e outras escovas de toucador de pessoas, incluindo as que sejam partes de aparelhos:
9603.21.00;-- Escovas de dentes, incluindo as escovas para dentaduras
9603.29.00;-- Outros
9603.30.00;- Pinc is e escovas, para artistas, pinc is de escrever e pinc is semelhantes para aplica  o de produtos cosm ticos
9603.40;"- Escovas e pinc is, para pintar, caiar, envernizar ou semelhantes (exceto os pinc is da subposi  o 9603.30); pads (talochas) e rolos para pintura"
9603.40.10;Rolos
9603.40.90;Outros
9603.50.00;- Outras escovas que constituam partes de m quinas, de aparelhos ou de ve culos
9603.90.00;- Outros
9604.00.00;Peneiras e crivos, manuais.
9605.00.00;Conjuntos de viagem para toucador de pessoas, para costura ou para limpeza de cal ado ou de roupa.
96.06;"Bot es, incluindo os de press o; formas e outras partes, de bot es ou de bot es de press o; esbo os de bot es."
9606.10.00;- Bot es de press o e suas partes
9606.2;- Bot es:
9606.21.00;-- De pl stico, n o recobertos de mat rias t xteis
9606.22.00;-- De metais comuns, n o recobertos de mat rias t xteis
9606.29.00;-- Outros
9606.30.00;"- Formas e outras partes, de bot es; esbo os de bot es"
96.07;Fechos ecler (de correr) e suas partes.
9607.1;- Fechos ecler (de correr):
9607.11.00;-- Com grampos de metal comum
9607.19.00;-- Outros
9607.20.00;- Partes
96.08;"Canetas esferogr ficas; canetas e marcadores, com ponta de feltro ou com outras pontas porosas; canetas-tinteiro (canetas de tinta permanente*) e outras canetas; estiletes para duplicadores; lapiseiras; canetas porta-penas, porta-l pis e artigos semelhantes; suas partes (incluindo as tampas e prendedores), exceto os artigos da posi  o 96.09."
9608.10.00;- Canetas esferogr ficas
9608.20.00;- Canetas e marcadores, com ponta de feltro ou com outras pontas porosas
9608.30.00;- Canetas-tinteiro (Canetas de tinta permanente*) e outras canetas
9608.40.00;- Lapiseiras
9608.50.00;- Sortidos de artigos de, pelo menos, duas das subposi  es precedentes
9608.60.00;- Cargas com ponta, para canetas esferogr ficas
9608.9;- Outros:
9608.91.00;-- Penas (aparos) e suas pontas
9608.99;-- Outros
9608.99.8;Partes
9608.99.81;Pontas porosas para os artigos da subposi  o 9608.20
9608.99.89;Outras
9608.99.90;Outros
96.09;L pis, minas, past is, carv es, gizes para escrever ou desenhar e gizes de alfaiate.
9609.10.00;- L pis
9609.20.00;- Minas para l pis ou para lapiseiras
9609.90.00;- Outros
9610.00.00;Lousas e quadros para escrever ou desenhar, mesmo emoldurados.
9611.00.00;"Carimbos, incluindo os datadores e numeradores, sinetes e artigos semelhantes (incluindo os aparelhos para impress o de etiquetas), manuais; dispositivos manuais de composi  o tipogr fica e jogos de impress o manuais que contenham tais dispositivos."
96.12;"Fitas impressoras para m quinas de escrever e fitas impressoras semelhantes, tintadas ou preparadas de outra forma para imprimir, montadas ou n o em carret is ou cartuchos; almofadas de carimbo, impregnadas ou n o, mesmo com caixa."
9612.10.00;- Fitas impressoras
9612.20.00;- Almofadas de carimbo
96.13;Isqueiros e outros acendedores, mesmo mec nicos ou el tricos, e suas partes, exceto pedras e pavios.
9613.10.00;- Isqueiros de bolso, a g s, n o recarreg veis
9613.20.00;- Isqueiros de bolso, a g s, recarreg veis
9613.80.00;- Outros isqueiros e acendedores
9613.90.00;- Partes
9614.00.00;Cachimbos (incluindo os seus fornilhos), piteiras (boquilhas) para charutos ou cigarros, e suas partes.
96.15;"Pentes, travessas para cabelo e artigos semelhantes; grampos (ganchos) e alfinetes para cabelo; pin as, onduladores, bobes (bigudis*) e artigos semelhantes para penteados, exceto os da posi  o 85.16, e suas partes."
9615.1;- Pentes, travessas para cabelo e artigos semelhantes:
9615.11.00;-- De borracha endurecida ou de pl stico
9615.19.00;-- Outros
9615.90.00;- Outros
96.16;"Vaporizadores de toucador, suas arma  es e cabe as de arma  es; borlas ou esponjas para p s ou para aplica  o de outros cosm ticos ou de produtos de toucador."
9616.10.00;- Vaporizadores de toucador, suas arma  es e cabe as de arma  es
9616.20.00;- Borlas ou esponjas para p s ou para aplica  o de outros cosm ticos ou de produtos de toucador
9617.00;Garrafas t rmicas e outros recipientes isot rmicos, montados, com isolamento produzido pelo v cuo, e suas partes (exceto ampolas de vidro).
9617.00.10;Garrafas t rmicas e outros recipientes isot rmicos
9617.00.20;Partes
9618.00.00;"Manequins e artigos semelhantes; aut matos e cenas animadas, para vitrines e mostru rios."
9619.00.00;Absorventes (Pensos*) e tamp es higi nicos, cueiros, fraldas e artigos higi nicos semelhantes, de qualquer mat ria.
9620.00.00;Monop s, bip s, trip s e artigos semelhantes.
97;Objetos de arte, de cole  o e antiguidades.
97.01;"Quadros, pinturas e desenhos, feitos inteiramente   m o, exceto os desenhos da posi  o 49.06 e os artigos manufaturados decorados   m o; colagens, mosaicos e quadros decorativos semelhantes."
9701.2;- Com mais de 100 anos:
9701.21.00;-- Quadros, pinturas e desenhos
9701.22.00;-- Mosaicos
9701.29.00;-- Outros
9701.9;- Outros:
9701.91.00;-- Quadros, pinturas e desenhos
9701.92.00;-- Mosaicos
9701.99.00;-- Outros
97.02;Gravuras, estampas e litografias, originais.
9702.10.00;- Com mais de 100 anos
9702.90.00;- Outras
97.03;Produ  es originais de arte estatu ria ou de escultura, de quaisquer mat rias.
9703.10.00;- Com mais de 100 anos
9703.90.00;- Outras
9704.00.00;Selos postais, selos fiscais, marcas postais, envelopes de primeiro dia (first-day covers), inteiros postais e semelhantes, obliterados, ou n o obliterados, exceto os artigos da posi  o 49.07.
97.05;Cole  es e pe as de cole  o que apresentem um interesse arqueol gico, etnogr fico, hist rico, zool gico, bot nico, mineral gico, anat mico, paleontol gico ou numism tico.
9705.10.00;- Cole  es e pe as de cole  o que apresentem um interesse arqueol gico, etnogr fico ou hist rico
9705.2;- Cole  es e pe as de cole  o que apresentem um interesse zool gico, bot nico, mineral gico, anat mico ou paleontol gico:
9705.21.00;-- Esp cimes humanos e suas partes
9705.22.00;-- Esp cies extintas ou amea adas de extin  o, e suas partes
9705.29.00;-- Outras
9705.3;- Cole  es e pe as de cole  o que apresentem um interesse numism tico:
9705.31.00;-- Com mais de 100 anos
9705.39.00;-- Outras
97.06;Antiguidades com mais de 100 anos.
9706.10.00;- Com mais de 250 anos
9706.90.00;- Outras
